#pragma once

#include "Particle.h"

// Generated from the tycstation Krake mark by tools/gen_gauge.py.
// Per-row RLE: [run_count] then run_count * [len, part, lit_lo,
// lit_hi, dim_lo, dim_hi]. Parts: 1-8 tentacles left to right,
// 9 = head, 0 = background. Never hand-edit.
const uint16_t kGaugeW = 176;
const uint16_t kGaugeH = 176;
const uint8_t kGaugeTentacles = 8;

const uint16_t kGaugeRows[176] = {
    0, 7, 14, 21, 28, 35, 42, 49, 56, 63, 70, 77,
    84, 91, 98, 105, 112, 119, 126, 133, 140, 147, 154, 161,
    168, 175, 182, 189, 196, 203, 210, 217, 224, 231, 238, 245,
    252, 325, 446, 579, 730, 899, 1080, 1279, 1490, 1713, 1942, 2129,
    2292, 2443, 2588, 2727, 2872, 2999, 3126, 3259, 3386, 3513, 3628, 3749,
    3864, 3985, 4100, 4215, 4330, 4433, 4542, 4639, 4736, 4833, 4924, 5087,
    5250, 5407, 5546, 5685, 5812, 5939, 6066, 6193, 6344, 6471, 6622, 6731,
    6810, 6889, 6980, 7077, 7240, 7427, 7638, 7849, 8072, 8301, 8554, 8837,
    9150, 9469, 9836, 10263, 10774, 11345, 11904, 12409, 12938, 13455, 13984, 14525,
    15078, 15643, 16172, 16689, 17206, 17711, 18204, 18685, 19154, 19635, 20116, 20585,
    21054, 21523, 21968, 22509, 23050, 23627, 24180, 24733, 25274, 25815, 26308, 26783,
    27216, 27649, 28094, 28647, 29236, 29837, 30462, 31099, 31718, 32319, 32902, 33437,
    33846, 34219, 34622, 35037, 35404, 35771, 36174, 36625, 37088, 37545, 37948, 38327,
    38646, 38869, 39080, 39279, 39454, 39605, 39684, 39691, 39698, 39705, 39712, 39719,
    39726, 39733, 39740, 39747, 39754, 39761, 39768, 39775,
};

const uint8_t kGaugeData[39782] = {
    0x01, 0xb0, 0x00, 0x00, 0x00, 0x00, 0x00, 0x01, 0xb0, 0x00, 0x00, 0x00, 0x00, 0x00, 0x01, 0xb0,
    0x00, 0x00, 0x00, 0x00, 0x00, 0x01, 0xb0, 0x00, 0x00, 0x00, 0x00, 0x00, 0x01, 0xb0, 0x00, 0x00,
    0x00, 0x00, 0x00, 0x01, 0xb0, 0x00, 0x00, 0x00, 0x00, 0x00, 0x01, 0xb0, 0x00, 0x00, 0x00, 0x00,
    0x00, 0x01, 0xb0, 0x00, 0x00, 0x00, 0x00, 0x00, 0x01, 0xb0, 0x00, 0x00, 0x00, 0x00, 0x00, 0x01,
    0xb0, 0x00, 0x00, 0x00, 0x00, 0x00, 0x01, 0xb0, 0x00, 0x00, 0x00, 0x00, 0x00, 0x01, 0xb0, 0x00,
    0x00, 0x00, 0x00, 0x00, 0x01, 0xb0, 0x00, 0x00, 0x00, 0x00, 0x00, 0x01, 0xb0, 0x00, 0x00, 0x00,
    0x00, 0x00, 0x01, 0xb0, 0x00, 0x00, 0x00, 0x00, 0x00, 0x01, 0xb0, 0x00, 0x00, 0x00, 0x00, 0x00,
    0x01, 0xb0, 0x00, 0x00, 0x00, 0x00, 0x00, 0x01, 0xb0, 0x00, 0x00, 0x00, 0x00, 0x00, 0x01, 0xb0,
    0x00, 0x00, 0x00, 0x00, 0x00, 0x01, 0xb0, 0x00, 0x00, 0x00, 0x00, 0x00, 0x01, 0xb0, 0x00, 0x00,
    0x00, 0x00, 0x00, 0x01, 0xb0, 0x00, 0x00, 0x00, 0x00, 0x00, 0x01, 0xb0, 0x00, 0x00, 0x00, 0x00,
    0x00, 0x01, 0xb0, 0x00, 0x00, 0x00, 0x00, 0x00, 0x01, 0xb0, 0x00, 0x00, 0x00, 0x00, 0x00, 0x01,
    0xb0, 0x00, 0x00, 0x00, 0x00, 0x00, 0x01, 0xb0, 0x00, 0x00, 0x00, 0x00, 0x00, 0x01, 0xb0, 0x00,
    0x00, 0x00, 0x00, 0x00, 0x01, 0xb0, 0x00, 0x00, 0x00, 0x00, 0x00, 0x01, 0xb0, 0x00, 0x00, 0x00,
    0x00, 0x00, 0x01, 0xb0, 0x00, 0x00, 0x00, 0x00, 0x00, 0x01, 0xb0, 0x00, 0x00, 0x00, 0x00, 0x00,
    0x01, 0xb0, 0x00, 0x00, 0x00, 0x00, 0x00, 0x01, 0xb0, 0x00, 0x00, 0x00, 0x00, 0x00, 0x01, 0xb0,
    0x00, 0x00, 0x00, 0x00, 0x00, 0x01, 0xb0, 0x00, 0x00, 0x00, 0x00, 0x00, 0x0c, 0x53, 0x00, 0x00,
    0x00, 0x00, 0x00, 0x01, 0x00, 0x22, 0x08, 0x00, 0x00, 0x01, 0x09, 0xa5, 0x18, 0x41, 0x08, 0x01,
    0x09, 0xc6, 0x18, 0x41, 0x08, 0x01, 0x09, 0xe8, 0x20, 0x41, 0x08, 0x01, 0x09, 0x29, 0x29, 0x61,
    0x08, 0x01, 0x09, 0x09, 0x31, 0x61, 0x08, 0x01, 0x09, 0xe7, 0x28, 0x41, 0x08, 0x01, 0x09, 0xc6,
    0x20, 0x41, 0x08, 0x01, 0x09, 0x85, 0x18, 0x41, 0x08, 0x01, 0x00, 0x22, 0x08, 0x00, 0x00, 0x53,
    0x00, 0x00, 0x00, 0x00, 0x00, 0x14, 0x4e, 0x00, 0x00, 0x00, 0x00, 0x00, 0x01, 0x00, 0x63, 0x08,
    0x20, 0x00, 0x01, 0x09, 0x6b, 0x31, 0x82, 0x10, 0x01, 0x09, 0x32, 0x4a, 0xc3, 0x18, 0x01, 0x09,
    0xd7, 0x62, 0x04, 0x21, 0x01, 0x09, 0x5b, 0x7b, 0x45, 0x29, 0x01, 0x09, 0x9e, 0x83, 0x65, 0x29,
    0x01, 0x09, 0x9e, 0x8b, 0x65, 0x29, 0x01, 0x09, 0x7e, 0x8b, 0x65, 0x29, 0x01, 0x09, 0x7e, 0x8b,
    0x45, 0x29, 0x01, 0x09, 0x5d, 0x8b, 0x45, 0x29, 0x02, 0x09, 0x5c, 0x93, 0x45, 0x29, 0x01, 0x09,
    0x5b, 0x9b, 0x45, 0x29, 0x02, 0x09, 0x3a, 0x9b, 0x45, 0x29, 0x01, 0x09, 0xf7, 0x92, 0x45, 0x29,
    0x01, 0x09, 0x53, 0x7a, 0x04, 0x21, 0x01, 0x09, 0xee, 0x61, 0xc3, 0x18, 0x01, 0x09, 0x28, 0x39,
    0x61, 0x08, 0x01, 0x00, 0x42, 0x10, 0x20, 0x00, 0x4e, 0x00, 0x00, 0x00, 0x00, 0x00, 0x16, 0x4b,
    0x00, 0x00, 0x00, 0x00, 0x00, 0x01, 0x09, 0xa5, 0x10, 0x41, 0x08, 0x01, 0x09, 0x30, 0x42, 0xc3,
    0x18, 0x01, 0x09, 0x39, 0x6b, 0x24, 0x21, 0x01, 0x09, 0xde, 0x7b, 0x65, 0x29, 0x01, 0x09, 0xde,
    0x83, 0x65, 0x29, 0x02, 0x09, 0xbe, 0x83, 0x65, 0x29, 0x02, 0x09, 0x9e, 0x83, 0x65, 0x29, 0x01,
    0x09, 0x9e, 0x8b, 0x65, 0x29, 0x01, 0x09, 0x7e, 0x8b, 0x65, 0x29, 0x01, 0x09, 0x7e, 0x8b, 0x45,
    0x29, 0x01, 0x09, 0x5d, 0x8b, 0x45, 0x29, 0x02, 0x09, 0x5c, 0x93, 0x45, 0x29, 0x01, 0x09, 0x5b,
    0x9b, 0x45, 0x29, 0x02, 0x09, 0x3a, 0x9b, 0x45, 0x29, 0x02, 0x09, 0x39, 0xa3, 0x45, 0x29, 0x01,
    0x09, 0x18, 0xab, 0x45, 0x29, 0x02, 0x09, 0x17, 0xab, 0x45, 0x29, 0x01, 0x09, 0x92, 0x92, 0x24,
    0x21, 0x01, 0x09, 0xac, 0x61, 0xa2, 0x10, 0x01, 0x09, 0x83, 0x18, 0x20, 0x00, 0x4b, 0x00, 0x00,
    0x00, 0x00, 0x00, 0x19, 0x48, 0x00, 0x00, 0x00, 0x00, 0x00, 0x01, 0x00, 0x21, 0x00, 0x00, 0x00,
    0x01, 0x09, 0xac, 0x31, 0x82, 0x10, 0x01, 0x09, 0x38, 0x5b, 0x24, 0x21, 0x02, 0x09, 0xfe, 0x7b,
    0x65, 0x29, 0x02, 0x09, 0xde, 0x7b, 0x65, 0x29, 0x01, 0x09, 0xde, 0x83, 0x65, 0x29, 0x02, 0x09,
    0xbe, 0x83, 0x65, 0x29, 0x02, 0x09, 0x9e, 0x83, 0x65, 0x29, 0x01, 0x09, 0x9e, 0x8b, 0x65, 0x29,
    0x01, 0x09, 0x7e, 0x8b, 0x65, 0x29, 0x01, 0x09, 0x7e, 0x8b, 0x45, 0x29, 0x01, 0x09, 0x5d, 0x8b,
    0x45, 0x29, 0x02, 0x09, 0x5c, 0x93, 0x45, 0x29, 0x01, 0x09, 0x5b, 0x9b, 0x45, 0x29, 0x02, 0x09,
    0x3a, 0x9b, 0x45, 0x29, 0x02, 0x09, 0x39, 0xa3, 0x45, 0x29, 0x01, 0x09, 0x18, 0xab, 0x45, 0x29,
    0x02, 0x09, 0x17, 0xab, 0x45, 0x29, 0x01, 0x09, 0x16, 0xb3, 0x45, 0x29, 0x01, 0x09, 0xf5, 0xb2,
    0x45, 0x29, 0x01, 0x09, 0xf5, 0xba, 0x45, 0x29, 0x01, 0x09, 0x50, 0x92, 0x04, 0x21, 0x01, 0x09,
    0x28, 0x49, 0x82, 0x10, 0x49, 0x00, 0x00, 0x00, 0x00, 0x00, 0x1c, 0x47, 0x00, 0x00, 0x00, 0x00,
    0x00, 0x01, 0x09, 0xad, 0x31, 0x82, 0x10, 0x01, 0x09, 0xbb, 0x6b, 0x45, 0x29, 0x01, 0x09, 0x1e,
    0x74, 0x65, 0x29, 0x01, 0x09, 0x1e, 0x7c, 0x65, 0x29, 0x02, 0x09, 0xfe, 0x7b, 0x65, 0x29, 0x02,
    0x09, 0xde, 0x7b, 0x65, 0x29, 0x01, 0x09, 0xde, 0x83, 0x65, 0x29, 0x02, 0x09, 0xbe, 0x83, 0x65,
    0x29, 0x02, 0x09, 0x9e, 0x83, 0x65, 0x29, 0x01, 0x09, 0x9e, 0x8b, 0x65, 0x29, 0x01, 0x09, 0x7e,
    0x8b, 0x65, 0x29, 0x01, 0x09, 0x7e, 0x8b, 0x45, 0x29, 0x01, 0x09, 0x5d, 0x8b, 0x45, 0x29, 0x02,
    0x09, 0x5c, 0x93, 0x45, 0x29, 0x01, 0x09, 0x5b, 0x9b, 0x45, 0x29, 0x02, 0x09, 0x3a, 0x9b, 0x45,
    0x29, 0x02, 0x09, 0x39, 0xa3, 0x45, 0x29, 0x01, 0x09, 0x18, 0xab, 0x45, 0x29, 0x02, 0x09, 0x17,
    0xab, 0x45, 0x29, 0x01, 0x09, 0x16, 0xb3, 0x45, 0x29, 0x01, 0x09, 0xf5, 0xb2, 0x45, 0x29, 0x01,
    0x09, 0xf5, 0xba, 0x45, 0x29, 0x01, 0x09, 0xf4, 0xba, 0x45, 0x29, 0x01, 0x09, 0xf3, 0xc2, 0x45,
    0x29, 0x01, 0x09, 0x91, 0xaa, 0x24, 0x21, 0x01, 0x09, 0x27, 0x51, 0x82, 0x10, 0x47, 0x00, 0x00,
    0x00, 0x00, 0x00, 0x1e, 0x45, 0x00, 0x00, 0x00, 0x00, 0x00, 0x01, 0x09, 0x8a, 0x21, 0x82, 0x10,
    0x01, 0x09, 0xbb, 0x63, 0x45, 0x29, 0x02, 0x09, 0x3e, 0x74, 0x65, 0x29, 0x01, 0x09, 0x1e, 0x74,
    0x65, 0x29, 0x01, 0x09, 0x1e, 0x7c, 0x65, 0x29, 0x02, 0x09, 0xfe, 0x7b, 0x65, 0x29, 0x02, 0x09,
    0xde, 0x7b, 0x65, 0x29, 0x01, 0x09, 0xde, 0x83, 0x65, 0x29, 0x02, 0x09, 0xbe, 0x83, 0x65, 0x29,
    0x02, 0x09, 0x9e, 0x83, 0x65, 0x29, 0x01, 0x09, 0x9e, 0x8b, 0x65, 0x29, 0x01, 0x09, 0x7e, 0x8b,
    0x65, 0x29, 0x01, 0x09, 0x7e, 0x8b, 0x45, 0x29, 0x01, 0x09, 0x5d, 0x8b, 0x45, 0x29, 0x02, 0x09,
    0x5c, 0x93, 0x45, 0x29, 0x01, 0x09, 0x5b, 0x9b, 0x45, 0x29, 0x02, 0x09, 0x3a, 0x9b, 0x45, 0x29,
    0x02, 0x09, 0x39, 0xa3, 0x45, 0x29, 0x01, 0x09, 0x18, 0xab, 0x45, 0x29, 0x02, 0x09, 0x17, 0xab,
    0x45, 0x29, 0x01, 0x09, 0x16, 0xb3, 0x45, 0x29, 0x01, 0x09, 0xf5, 0xb2, 0x45, 0x29, 0x01, 0x09,
    0xf5, 0xba, 0x45, 0x29, 0x01, 0x09, 0xf4, 0xba, 0x45, 0x29, 0x02, 0x09, 0xf3, 0xc2, 0x45, 0x29,
    0x01, 0x09, 0xd2, 0xc2, 0x45, 0x29, 0x01, 0x09, 0x6f, 0xb2, 0x24, 0x21, 0x01, 0x09, 0xe5, 0x40,
    0x61, 0x08, 0x45, 0x00, 0x00, 0x00, 0x00, 0x00, 0x21, 0x43, 0x00, 0x00, 0x00, 0x00, 0x00, 0x01,
    0x00, 0x62, 0x08, 0x20, 0x00, 0x01, 0x09, 0xf5, 0x4a, 0x04, 0x21, 0x01, 0x09, 0x5f, 0x74, 0x65,
    0x29, 0x01, 0x09, 0x3f, 0x74, 0x65, 0x29, 0x02, 0x09, 0x3e, 0x74, 0x65, 0x29, 0x01, 0x09, 0x1e,
    0x74, 0x65, 0x29, 0x01, 0x09, 0x1e, 0x7c, 0x65, 0x29, 0x02, 0x09, 0xfe, 0x7b, 0x65, 0x29, 0x02,
    0x09, 0xde, 0x7b, 0x65, 0x29, 0x01, 0x09, 0xde, 0x83, 0x65, 0x29, 0x02, 0x09, 0xbe, 0x83, 0x65,
    0x29, 0x02, 0x09, 0x9e, 0x83, 0x65, 0x29, 0x01, 0x09, 0x9e, 0x8b, 0x65, 0x29, 0x01, 0x09, 0x7e,
    0x8b, 0x65, 0x29, 0x01, 0x09, 0x7e, 0x8b, 0x45, 0x29, 0x01, 0x09, 0x5d, 0x8b, 0x45, 0x29, 0x02,
    0x09, 0x5c, 0x93, 0x45, 0x29, 0x01, 0x09, 0x5b, 0x9b, 0x45, 0x29, 0x02, 0x09, 0x3a, 0x9b, 0x45,
    0x29, 0x02, 0x09, 0x39, 0xa3, 0x45, 0x29, 0x01, 0x09, 0x18, 0xab, 0x45, 0x29, 0x02, 0x09, 0x17,
    0xab, 0x45, 0x29, 0x01, 0x09, 0x16, 0xb3, 0x45, 0x29, 0x01, 0x09, 0xf5, 0xb2, 0x45, 0x29, 0x01,
    0x09, 0xf5, 0xba, 0x45, 0x29, 0x01, 0x09, 0xf4, 0xba, 0x45, 0x29, 0x02, 0x09, 0xf3, 0xc2, 0x45,
    0x29, 0x01, 0x09, 0xd2, 0xc2, 0x45, 0x29, 0x02, 0x09, 0xd1, 0xca, 0x45, 0x29, 0x01, 0x09, 0xeb,
    0x91, 0xe3, 0x18, 0x01, 0x00, 0x41, 0x10, 0x20, 0x00, 0x43, 0x00, 0x00, 0x00, 0x00, 0x00, 0x23,
    0x42, 0x00, 0x00, 0x00, 0x00, 0x00, 0x01, 0x09, 0x6a, 0x21, 0x61, 0x08, 0x01, 0x09, 0x1c, 0x64,
    0x45, 0x29, 0x01, 0x09, 0x5f, 0x6c, 0x65, 0x29, 0x01, 0x09, 0x5f, 0x74, 0x65, 0x29, 0x01, 0x09,
    0x3f, 0x74, 0x65, 0x29, 0x02, 0x09, 0x3e, 0x74, 0x65, 0x29, 0x01, 0x09, 0x1e, 0x74, 0x65, 0x29,
    0x01, 0x09, 0x1e, 0x7c, 0x65, 0x29, 0x02, 0x09, 0xfe, 0x7b, 0x65, 0x29, 0x02, 0x09, 0xde, 0x7b,
    0x65, 0x29, 0x01, 0x09, 0xde, 0x83, 0x65, 0x29, 0x02, 0x09, 0xbe, 0x83, 0x65, 0x29, 0x02, 0x09,
    0x9e, 0x83, 0x65, 0x29, 0x01, 0x09, 0x9e, 0x8b, 0x65, 0x29, 0x01, 0x09, 0x7e, 0x8b, 0x65, 0x29,
    0x01, 0x09, 0x7e, 0x8b, 0x45, 0x29, 0x01, 0x09, 0x5d, 0x8b, 0x45, 0x29, 0x02, 0x09, 0x5c, 0x93,
    0x45, 0x29, 0x01, 0x09, 0x5b, 0x9b, 0x45, 0x29, 0x02, 0x09, 0x3a, 0x9b, 0x45, 0x29, 0x02, 0x09,
    0x39, 0xa3, 0x45, 0x29, 0x01, 0x09, 0x18, 0xab, 0x45, 0x29, 0x02, 0x09, 0x17, 0xab, 0x45, 0x29,
    0x01, 0x09, 0x16, 0xb3, 0x45, 0x29, 0x01, 0x09, 0xf5, 0xb2, 0x45, 0x29, 0x01, 0x09, 0xf5, 0xba,
    0x45, 0x29, 0x01, 0x09, 0xf4, 0xba, 0x45, 0x29, 0x02, 0x09, 0xf3, 0xc2, 0x45, 0x29, 0x01, 0x09,
    0xd2, 0xc2, 0x45, 0x29, 0x02, 0x09, 0xd1, 0xca, 0x45, 0x29, 0x01, 0x09, 0xd0, 0xd2, 0x45, 0x29,
    0x01, 0x09, 0x8e, 0xc2, 0x24, 0x21, 0x01, 0x09, 0xc4, 0x40, 0x61, 0x08, 0x42, 0x00, 0x00, 0x00,
    0x00, 0x00, 0x25, 0x41, 0x00, 0x00, 0x00, 0x00, 0x00, 0x01, 0x09, 0x2f, 0x32, 0xa2, 0x10, 0x02,
    0x09, 0x7f, 0x6c, 0x65, 0x29, 0x01, 0x09, 0x5f, 0x6c, 0x65, 0x29, 0x01, 0x09, 0x5f, 0x74, 0x65,
    0x29, 0x01, 0x09, 0x3f, 0x74, 0x65, 0x29, 0x02, 0x09, 0x3e, 0x74, 0x65, 0x29, 0x01, 0x09, 0x1e,
    0x74, 0x65, 0x29, 0x01, 0x09, 0x1e, 0x7c, 0x65, 0x29, 0x02, 0x09, 0xfe, 0x7b, 0x65, 0x29, 0x02,
    0x09, 0xde, 0x7b, 0x65, 0x29, 0x01, 0x09, 0xde, 0x83, 0x65, 0x29, 0x02, 0x09, 0xbe, 0x83, 0x65,
    0x29, 0x02, 0x09, 0x9e, 0x83, 0x65, 0x29, 0x01, 0x09, 0x9e, 0x8b, 0x65, 0x29, 0x01, 0x09, 0x7d,
    0x8b, 0x45, 0x29, 0x01, 0x09, 0x3c, 0x83, 0x45, 0x29, 0x01, 0x09, 0x1a, 0x7b, 0x24, 0x21, 0x01,
    0x09, 0x19, 0x83, 0x24, 0x21, 0x01, 0x09, 0x1a, 0x8b, 0x45, 0x29, 0x01, 0x09, 0x3b, 0x93, 0x45,
    0x29, 0x02, 0x09, 0x3a, 0x9b, 0x45, 0x29, 0x02, 0x09, 0x39, 0xa3, 0x45, 0x29, 0x01, 0x09, 0x18,
    0xab, 0x45, 0x29, 0x02, 0x09, 0x17, 0xab, 0x45, 0x29, 0x01, 0x09, 0x16, 0xb3, 0x45, 0x29, 0x01,
    0x09, 0xf5, 0xb2, 0x45, 0x29, 0x01, 0x09, 0xf5, 0xba, 0x45, 0x29, 0x01, 0x09, 0xf4, 0xba, 0x45,
    0x29, 0x02, 0x09, 0xf3, 0xc2, 0x45, 0x29, 0x01, 0x09, 0xd2, 0xc2, 0x45, 0x29, 0x02, 0x09, 0xd1,
    0xca, 0x45, 0x29, 0x01, 0x09, 0xd0, 0xd2, 0x45, 0x29, 0x01, 0x09, 0xb0, 0xd2, 0x45, 0x29, 0x01,
    0x09, 0xaf, 0xd2, 0x45, 0x29, 0x01, 0x09, 0x47, 0x69, 0xa2, 0x10, 0x41, 0x00, 0x00, 0x00, 0x00,
    0x00, 0x26, 0x3f, 0x00, 0x00, 0x00, 0x00, 0x00, 0x01, 0x00, 0x21, 0x00, 0x00, 0x00, 0x01, 0x09,
    0xf4, 0x42, 0xe3, 0x18, 0x03, 0x09, 0x7f, 0x6c, 0x65, 0x29, 0x01, 0x09, 0x5f, 0x6c, 0x65, 0x29,
    0x01, 0x09, 0x5f, 0x74, 0x65, 0x29, 0x01, 0x09, 0x3f, 0x74, 0x65, 0x29, 0x02, 0x09, 0x3e, 0x74,
    0x65, 0x29, 0x01, 0x09, 0x1e, 0x74, 0x65, 0x29, 0x01, 0x09, 0x1e, 0x7c, 0x65, 0x29, 0x02, 0x09,
    0xfe, 0x7b, 0x65, 0x29, 0x02, 0x09, 0xde, 0x7b, 0x65, 0x29, 0x01, 0x09, 0xde, 0x83, 0x65, 0x29,
    0x01, 0x09, 0x3a, 0x73, 0x24, 0x21, 0x01, 0x09, 0x73, 0x52, 0xe3, 0x18, 0x01, 0x09, 0xad, 0x39,
    0xa2, 0x10, 0x01, 0x09, 0x29, 0x21, 0x61, 0x08, 0x01, 0x09, 0xa5, 0x10, 0x20, 0x00, 0x06, 0x09,
    0x83, 0x08, 0x20, 0x00, 0x01, 0x09, 0xa4, 0x10, 0x41, 0x08, 0x01, 0x09, 0x28, 0x29, 0x61, 0x08,
    0x01, 0x09, 0x8b, 0x41, 0xa2, 0x10, 0x01, 0x09, 0x10, 0x62, 0xc3, 0x18, 0x01, 0x09, 0xb5, 0x92,
    0x24, 0x21, 0x02, 0x09, 0x17, 0xab, 0x45, 0x29, 0x01, 0x09, 0x16, 0xb3, 0x45, 0x29, 0x01, 0x09,
    0xf5, 0xb2, 0x45, 0x29, 0x01, 0x09, 0xf5, 0xba, 0x45, 0x29, 0x01, 0x09, 0xf4, 0xba, 0x45, 0x29,
    0x02, 0x09, 0xf3, 0xc2, 0x45, 0x29, 0x01, 0x09, 0xd2, 0xc2, 0x45, 0x29, 0x02, 0x09, 0xd1, 0xca,
    0x45, 0x29, 0x01, 0x09, 0xd0, 0xd2, 0x45, 0x29, 0x01, 0x09, 0xb0, 0xd2, 0x45, 0x29, 0x01, 0x09,
    0xaf, 0xd2, 0x45, 0x29, 0x01, 0x09, 0xae, 0xda, 0x45, 0x29, 0x01, 0x09, 0xa9, 0x89, 0xc3, 0x18,
    0x40, 0x00, 0x00, 0x00, 0x00, 0x00, 0x1f, 0x3e, 0x00, 0x00, 0x00, 0x00, 0x00, 0x01, 0x00, 0x21,
    0x00, 0x00, 0x00, 0x01, 0x09, 0x77, 0x4b, 0x04, 0x21, 0x01, 0x09, 0x9f, 0x6c, 0x86, 0x31, 0x03,
    0x09, 0x7f, 0x6c, 0x65, 0x29, 0x01, 0x09, 0x5f, 0x6c, 0x65, 0x29, 0x01, 0x09, 0x5f, 0x74, 0x65,
    0x29, 0x01, 0x09, 0x3f, 0x74, 0x65, 0x29, 0x02, 0x09, 0x3e, 0x74, 0x65, 0x29, 0x01, 0x09, 0x1e,
    0x74, 0x65, 0x29, 0x01, 0x09, 0x1e, 0x7c, 0x65, 0x29, 0x02, 0x09, 0xfe, 0x7b, 0x65, 0x29, 0x01,
    0x09, 0x5a, 0x6b, 0x24, 0x21, 0x01, 0x09, 0x0f, 0x42, 0xc3, 0x18, 0x01, 0x09, 0xe6, 0x18, 0x41,
    0x08, 0x10, 0x09, 0x83, 0x08, 0x20, 0x00, 0x01, 0x09, 0xc5, 0x20, 0x41, 0x08, 0x01, 0x09, 0xac,
    0x59, 0xa2, 0x10, 0x01, 0x09, 0xb3, 0x9a, 0x24, 0x21, 0x01, 0x09, 0xf5, 0xb2, 0x45, 0x29, 0x01,
    0x09, 0xf5, 0xba, 0x45, 0x29, 0x01, 0x09, 0xf4, 0xba, 0x45, 0x29, 0x02, 0x09, 0xf3, 0xc2, 0x45,
    0x29, 0x01, 0x09, 0xd2, 0xc2, 0x45, 0x29, 0x02, 0x09, 0xd1, 0xca, 0x45, 0x29, 0x01, 0x09, 0xd0,
    0xd2, 0x45, 0x29, 0x01, 0x09, 0xb0, 0xd2, 0x45, 0x29, 0x01, 0x09, 0xaf, 0xd2, 0x45, 0x29, 0x02,
    0x09, 0xae, 0xda, 0x45, 0x29, 0x01, 0x09, 0xe9, 0xa1, 0xe3, 0x18, 0x3f, 0x00, 0x00, 0x00, 0x00,
    0x00, 0x1b, 0x3d, 0x00, 0x00, 0x00, 0x00, 0x00, 0x01, 0x00, 0x20, 0x00, 0x00, 0x00, 0x01, 0x09,
    0x56, 0x43, 0x04, 0x21, 0x02, 0x09, 0x9f, 0x6c, 0x86, 0x31, 0x03, 0x09, 0x7f, 0x6c, 0x65, 0x29,
    0x01, 0x09, 0x5f, 0x6c, 0x65, 0x29, 0x01, 0x09, 0x5f, 0x74, 0x65, 0x29, 0x01, 0x09, 0x3f, 0x74,
    0x65, 0x29, 0x02, 0x09, 0x3e, 0x74, 0x65, 0x29, 0x01, 0x09, 0x1e, 0x74, 0x65, 0x29, 0x01, 0x09,
    0x1e, 0x7c, 0x65, 0x29, 0x01, 0x09, 0x37, 0x5b, 0x24, 0x21, 0x01, 0x09, 0x6a, 0x29, 0x61, 0x08,
    0x16, 0x09, 0x83, 0x08, 0x20, 0x00, 0x01, 0x09, 0x27, 0x31, 0x61, 0x08, 0x01, 0x09, 0x70, 0x8a,
    0x04, 0x21, 0x01, 0x09, 0xf4, 0xba, 0x45, 0x29, 0x02, 0x09, 0xf3, 0xc2, 0x45, 0x29, 0x01, 0x09,
    0xd2, 0xc2, 0x45, 0x29, 0x02, 0x09, 0xd1, 0xca, 0x45, 0x29, 0x01, 0x09, 0xd0, 0xd2, 0x45, 0x29,
    0x01, 0x09, 0xb0, 0xd2, 0x45, 0x29, 0x01, 0x09, 0xaf, 0xd2, 0x45, 0x29, 0x02, 0x09, 0xae, 0xda,
    0x45, 0x29, 0x01, 0x09, 0x8d, 0xe2, 0x45, 0x29, 0x01, 0x09, 0xc8, 0x99, 0xe3, 0x18, 0x3e, 0x00,
    0x00, 0x00, 0x00, 0x00, 0x19, 0x3d, 0x00, 0x00, 0x00, 0x00, 0x00, 0x01, 0x09, 0x35, 0x43, 0x04,
    0x21, 0x01, 0x09, 0xbf, 0x64, 0x86, 0x31, 0x02, 0x09, 0x9f, 0x6c, 0x86, 0x31, 0x03, 0x09, 0x7f,
    0x6c, 0x65, 0x29, 0x01, 0x09, 0x5f, 0x6c, 0x65, 0x29, 0x01, 0x09, 0x5f, 0x74, 0x65, 0x29, 0x01,
    0x09, 0x3f, 0x74, 0x65, 0x29, 0x02, 0x09, 0x3e, 0x74, 0x65, 0x29, 0x01, 0x09, 0x79, 0x63, 0x24,
    0x21, 0x01, 0x09, 0x6a, 0x29, 0x82, 0x10, 0x1a, 0x09, 0x83, 0x08, 0x20, 0x00, 0x01, 0x09, 0x27,
    0x39, 0x61, 0x08, 0x01, 0x09, 0x91, 0xa2, 0x24, 0x21, 0x01, 0x09, 0xf3, 0xc2, 0x45, 0x29, 0x01,
    0x09, 0xd2, 0xc2, 0x45, 0x29, 0x02, 0x09, 0xd1, 0xca, 0x45, 0x29, 0x01, 0x09, 0xd0, 0xd2, 0x45,
    0x29, 0x01, 0x09, 0xb0, 0xd2, 0x45, 0x29, 0x01, 0x09, 0xaf, 0xd2, 0x45, 0x29, 0x02, 0x09, 0xae,
    0xda, 0x45, 0x29, 0x01, 0x09, 0x8d, 0xe2, 0x45, 0x29, 0x01, 0x09, 0x8c, 0xe2, 0x45, 0x29, 0x01,
    0x09, 0xa8, 0x99, 0xe3, 0x18, 0x3d, 0x00, 0x00, 0x00, 0x00, 0x00, 0x18, 0x3c, 0x00, 0x00, 0x00,
    0x00, 0x00, 0x01, 0x09, 0x70, 0x32, 0xc3, 0x18, 0x02, 0x09, 0xbf, 0x64, 0x86, 0x31, 0x02, 0x09,
    0x9f, 0x6c, 0x86, 0x31, 0x03, 0x09, 0x7f, 0x6c, 0x65, 0x29, 0x01, 0x09, 0x5f, 0x6c, 0x65, 0x29,
    0x01, 0x09, 0x5f, 0x74, 0x65, 0x29, 0x01, 0x09, 0x3f, 0x74, 0x65, 0x29, 0x01, 0x09, 0x1e, 0x74,
    0x65, 0x29, 0x01, 0x09, 0x71, 0x42, 0xc3, 0x18, 0x01, 0x09, 0xa3, 0x08, 0x20, 0x00, 0x1d, 0x09,
    0x83, 0x08, 0x20, 0x00, 0x01, 0x09, 0xaa, 0x61, 0xa2, 0x10, 0x01, 0x09, 0xd2, 0xc2, 0x45, 0x29,
    0x02, 0x09, 0xd1, 0xca, 0x45, 0x29, 0x01, 0x09, 0xd0, 0xd2, 0x45, 0x29, 0x01, 0x09, 0xb0, 0xd2,
    0x45, 0x29, 0x01, 0x09, 0xaf, 0xd2, 0x45, 0x29, 0x02, 0x09, 0xae, 0xda, 0x45, 0x29, 0x01, 0x09,
    0x8d, 0xe2, 0x45, 0x29, 0x01, 0x09, 0x8c, 0xe2, 0x45, 0x29, 0x01, 0x09, 0x8c, 0xea, 0x45, 0x29,
    0x01, 0x09, 0x45, 0x79, 0xa2, 0x10, 0x3c, 0x00, 0x00, 0x00, 0x00, 0x00, 0x17, 0x3b, 0x00, 0x00,
    0x00, 0x00, 0x00, 0x01, 0x09, 0x89, 0x19, 0x61, 0x08, 0x03, 0x09, 0xbf, 0x64, 0x86, 0x31, 0x02,
    0x09, 0x9f, 0x6c, 0x86, 0x31, 0x03, 0x09, 0x7f, 0x6c, 0x65, 0x29, 0x01, 0x09, 0x5f, 0x6c, 0x65,
    0x29, 0x01, 0x09, 0x5f, 0x74, 0x65, 0x29, 0x01, 0x09, 0xfc, 0x6b, 0x45, 0x29, 0x01, 0x09, 0x49,
    0x21, 0x61, 0x08, 0x20, 0x09, 0x83, 0x08, 0x20, 0x00, 0x01, 0x09, 0x06, 0x31, 0x61, 0x08, 0x01,
    0x09, 0x90, 0xba, 0x24, 0x21, 0x01, 0x09, 0xd1, 0xca, 0x45, 0x29, 0x01, 0x09, 0xd0, 0xd2, 0x45,
    0x29, 0x01, 0x09, 0xb0, 0xd2, 0x45, 0x29, 0x01, 0x09, 0xaf, 0xd2, 0x45, 0x29, 0x02, 0x09, 0xae,
    0xda, 0x45, 0x29, 0x01, 0x09, 0x8d, 0xe2, 0x45, 0x29, 0x01, 0x09, 0x8c, 0xe2, 0x45, 0x29, 0x01,
    0x09, 0x8c, 0xea, 0x45, 0x29, 0x01, 0x09, 0x6b, 0xea, 0x45, 0x29, 0x01, 0x09, 0xc3, 0x40, 0x61,
    0x08, 0x3b, 0x00, 0x00, 0x00, 0x00, 0x00, 0x18, 0x3a, 0x00, 0x00, 0x00, 0x00, 0x00, 0x01, 0x00,
    0xa4, 0x08, 0x20, 0x00, 0x01, 0x09, 0x9d, 0x5c, 0x65, 0x29, 0x01, 0x09, 0xdf, 0x64, 0x86, 0x31,
    0x02, 0x09, 0xbf, 0x64, 0x86, 0x31, 0x02, 0x09, 0x9f, 0x6c, 0x86, 0x31, 0x03, 0x09, 0x7f, 0x6c,
    0x65, 0x29, 0x01, 0x09, 0x5f, 0x6c, 0x65, 0x29, 0x01, 0x09, 0x99, 0x5b, 0x24, 0x21, 0x01, 0x09,
    0xe6, 0x10, 0x41, 0x08, 0x22, 0x09, 0x83, 0x08, 0x20, 0x00, 0x01, 0x09, 0xc4, 0x20, 0x41, 0x08,
    0x01, 0x09, 0x6e, 0xaa, 0x24, 0x21, 0x01, 0x09, 0xd0, 0xd2, 0x45, 0x29, 0x01, 0x09, 0xb0, 0xd2,
    0x45, 0x29, 0x01, 0x09, 0xaf, 0xd2, 0x45, 0x29, 0x02, 0x09, 0xae, 0xda, 0x45, 0x29, 0x01, 0x09,
    0x8d, 0xe2, 0x45, 0x29, 0x01, 0x09, 0x8c, 0xe2, 0x45, 0x29, 0x01, 0x09, 0x8c, 0xea, 0x45, 0x29,
    0x01, 0x09, 0x8b, 0xea, 0x45, 0x29, 0x01, 0x09, 0x4a, 0xda, 0x24, 0x21, 0x01, 0x00, 0x41, 0x20,
    0x20, 0x00, 0x3a, 0x00, 0x00, 0x00, 0x00, 0x00, 0x15, 0x3a, 0x00, 0x00, 0x00, 0x00, 0x00, 0x01,
    0x09, 0xb8, 0x4b, 0x24, 0x21, 0x02, 0x09, 0xdf, 0x64, 0x86, 0x31, 0x02, 0x09, 0xbf, 0x64, 0x86,
    0x31, 0x02, 0x09, 0x9f, 0x6c, 0x86, 0x31, 0x03, 0x09, 0x7f, 0x6c, 0x65, 0x29, 0x01, 0x09, 0x99,
    0x5b, 0x24, 0x21, 0x01, 0x09, 0xa4, 0x10, 0x20, 0x00, 0x24, 0x09, 0x83, 0x08, 0x20, 0x00, 0x01,
    0x09, 0xa3, 0x10, 0x20, 0x00, 0x01, 0x09, 0x4d, 0xaa, 0x04, 0x21, 0x01, 0x09, 0xb0, 0xd2, 0x45,
    0x29, 0x01, 0x09, 0xaf, 0xd2, 0x45, 0x29, 0x02, 0x09, 0xae, 0xda, 0x45, 0x29, 0x01, 0x09, 0x8d,
    0xe2, 0x45, 0x29, 0x01, 0x09, 0x8c, 0xe2, 0x45, 0x29, 0x01, 0x09, 0x8c, 0xea, 0x45, 0x29, 0x01,
    0x09, 0x8b, 0xea, 0x45, 0x29, 0x01, 0x09, 0x6a, 0xea, 0x45, 0x29, 0x01, 0x09, 0xc7, 0xb1, 0xe3,
    0x18, 0x3a, 0x00, 0x00, 0x00, 0x00, 0x00, 0x15, 0x39, 0x00, 0x00, 0x00, 0x00, 0x00, 0x01, 0x09,
    0xec, 0x21, 0x82, 0x10, 0x03, 0x09, 0xdf, 0x64, 0x86, 0x31, 0x02, 0x09, 0xbf, 0x64, 0x86, 0x31,
    0x02, 0x09, 0x9f, 0x6c, 0x86, 0x31, 0x02, 0x09, 0x7f, 0x6c, 0x65, 0x29, 0x01, 0x09, 0xba, 0x5b,
    0x45, 0x29, 0x01, 0x09, 0xc5, 0x10, 0x41, 0x08, 0x26, 0x09, 0x83, 0x08, 0x20, 0x00, 0x01, 0x09,
    0xa3, 0x10, 0x20, 0x00, 0x01, 0x09, 0x4d, 0xaa, 0x04, 0x21, 0x01, 0x09, 0xaf, 0xd2, 0x45, 0x29,
    0x02, 0x09, 0xae, 0xda, 0x45, 0x29, 0x01, 0x09, 0x8d, 0xe2, 0x45, 0x29, 0x01, 0x09, 0x8c, 0xe2,
    0x45, 0x29, 0x01, 0x09, 0x8c, 0xea, 0x45, 0x29, 0x01, 0x09, 0x8b, 0xea, 0x45, 0x29, 0x01, 0x09,
    0x6a, 0xea, 0x45, 0x29, 0x01, 0x09, 0x6a, 0xf2, 0x45, 0x29, 0x01, 0x09, 0xe3, 0x58, 0x61, 0x08,
    0x39, 0x00, 0x00, 0x00, 0x00, 0x00, 0x16, 0x38, 0x00, 0x00, 0x00, 0x00, 0x00, 0x01, 0x00, 0x62,
    0x08, 0x20, 0x00, 0x01, 0x09, 0x9d, 0x5c, 0x65, 0x29, 0x03, 0x09, 0xdf, 0x64, 0x86, 0x31, 0x02,
    0x09, 0xbf, 0x64, 0x86, 0x31, 0x02, 0x09, 0x9f, 0x6c, 0x86, 0x31, 0x01, 0x09, 0x7f, 0x6c, 0x65,
    0x29, 0x01, 0x09, 0x1c, 0x64, 0x45, 0x29, 0x01, 0x09, 0xe5, 0x10, 0x41, 0x08, 0x28, 0x09, 0x83,
    0x08, 0x20, 0x00, 0x01, 0x09, 0xa4, 0x18, 0x41, 0x08, 0x01, 0x09, 0x8e, 0xc2, 0x24, 0x21, 0x02,
    0x09, 0xae, 0xda, 0x45, 0x29, 0x01, 0x09, 0x8d, 0xe2, 0x45, 0x29, 0x01, 0x09, 0x8c, 0xe2, 0x45,
    0x29, 0x01, 0x09, 0x8c, 0xea, 0x45, 0x29, 0x01, 0x09, 0x8b, 0xea, 0x45, 0x29, 0x01, 0x09, 0x6a,
    0xea, 0x45, 0x29, 0x01, 0x09, 0x6a, 0xf2, 0x45, 0x29, 0x01, 0x09, 0x28, 0xe2, 0x24, 0x21, 0x01,
    0x00, 0x20, 0x10, 0x00, 0x00, 0x38, 0x00, 0x00, 0x00, 0x00, 0x00, 0x15, 0x38, 0x00, 0x00, 0x00,
    0x00, 0x00, 0x01, 0x09, 0x13, 0x3b, 0xe3, 0x18, 0x01, 0x09, 0xff, 0x5c, 0x86, 0x31, 0x03, 0x09,
    0xdf, 0x64, 0x86, 0x31, 0x02, 0x09, 0xbf, 0x64, 0x86, 0x31, 0x02, 0x09, 0x9f, 0x6c, 0x86, 0x31,
    0x01, 0x09, 0x7e, 0x6c, 0x65, 0x29, 0x01, 0x09, 0x69, 0x21, 0x61, 0x08, 0x2a, 0x09, 0x83, 0x08,
    0x20, 0x00, 0x01, 0x09, 0x05, 0x39, 0x61, 0x08, 0x01, 0x09, 0x8e, 0xd2, 0x45, 0x29, 0x01, 0x09,
    0xae, 0xda, 0x45, 0x29, 0x01, 0x09, 0x8d, 0xe2, 0x45, 0x29, 0x01, 0x09, 0x8c, 0xe2, 0x45, 0x29,
    0x01, 0x09, 0x8c, 0xea, 0x45, 0x29, 0x01, 0x09, 0x8b, 0xea, 0x45, 0x29, 0x01, 0x09, 0x6a, 0xea,
    0x45, 0x29, 0x01, 0x09, 0x6a, 0xf2, 0x45, 0x29, 0x01, 0x09, 0x69, 0xf2, 0x45, 0x29, 0x01, 0x09,
    0x65, 0x91, 0xc3, 0x18, 0x38, 0x00, 0x00, 0x00, 0x00, 0x00, 0x15, 0x37, 0x00, 0x00, 0x00, 0x00,
    0x00, 0x01, 0x00, 0xa4, 0x08, 0x20, 0x00, 0x01, 0x09, 0xdf, 0x5c, 0x86, 0x31, 0x01, 0x09, 0xff,
    0x5c, 0x86, 0x31, 0x03, 0x09, 0xdf, 0x64, 0x86, 0x31, 0x02, 0x09, 0xbf, 0x64, 0x86, 0x31, 0x02,
    0x09, 0x9f, 0x6c, 0x86, 0x31, 0x01, 0x09, 0x4f, 0x32, 0xc3, 0x18, 0x2c, 0x09, 0x83, 0x08, 0x20,
    0x00, 0x01, 0x09, 0x88, 0x69, 0xa2, 0x10, 0x01, 0x09, 0xae, 0xda, 0x45, 0x29, 0x01, 0x09, 0x8d,
    0xe2, 0x45, 0x29, 0x01, 0x09, 0x8c, 0xe2, 0x45, 0x29, 0x01, 0x09, 0x8c, 0xea, 0x45, 0x29, 0x01,
    0x09, 0x8b, 0xea, 0x45, 0x29, 0x01, 0x09, 0x6a, 0xea, 0x45, 0x29, 0x01, 0x09, 0x6a, 0xf2, 0x45,
    0x29, 0x01, 0x09, 0x69, 0xf2, 0x45, 0x29, 0x01, 0x09, 0x48, 0xf2, 0x45, 0x29, 0x01, 0x00, 0x41,
    0x18, 0x20, 0x00, 0x37, 0x00, 0x00, 0x00, 0x00, 0x00, 0x13, 0x37, 0x00, 0x00, 0x00, 0x00, 0x00,
    0x01, 0x09, 0x13, 0x3b, 0xe3, 0x18, 0x02, 0x09, 0xff, 0x5c, 0x86, 0x31, 0x03, 0x09, 0xdf, 0x64,
    0x86, 0x31, 0x02, 0x09, 0xbf, 0x64, 0x86, 0x31, 0x01, 0x09, 0x9f, 0x6c, 0x86, 0x31, 0x01, 0x09,
    0xb9, 0x53, 0x24, 0x21, 0x2e, 0x09, 0x83, 0x08, 0x20, 0x00, 0x01, 0x09, 0x2b, 0xaa, 0x04, 0x21,
    0x01, 0x09, 0x8d, 0xe2, 0x45, 0x29, 0x01, 0x09, 0x8c, 0xe2, 0x45, 0x29, 0x01, 0x09, 0x8c, 0xea,
    0x45, 0x29, 0x01, 0x09, 0x8b, 0xea, 0x45, 0x29, 0x01, 0x09, 0x6a, 0xea, 0x45, 0x29, 0x01, 0x09,
    0x6a, 0xf2, 0x45, 0x29, 0x01, 0x09, 0x69, 0xf2, 0x45, 0x29, 0x01, 0x09, 0x68, 0xfa, 0x45, 0x29,
    0x01, 0x09, 0x44, 0x91, 0xc3, 0x18, 0x37, 0x00, 0x00, 0x00, 0x00, 0x00, 0x14, 0x36, 0x00, 0x00,
    0x00, 0x00, 0x00, 0x01, 0x00, 0x83, 0x08, 0x20, 0x00, 0x03, 0x09, 0xff, 0x5c, 0x86, 0x31, 0x03,
    0x09, 0xdf, 0x64, 0x86, 0x31, 0x02, 0x09, 0xbf, 0x64, 0x86, 0x31, 0x01, 0x09, 0x9e, 0x64, 0x65,
    0x29, 0x01, 0x09, 0x48, 0x19, 0x61, 0x08, 0x2e, 0x09, 0x83, 0x08, 0x20, 0x00, 0x01, 0x09, 0xe5,
    0x30, 0x41, 0x08, 0x01, 0x09, 0x8d, 0xda, 0x45, 0x29, 0x01, 0x09, 0x8c, 0xe2, 0x45, 0x29, 0x01,
    0x09, 0x8c, 0xea, 0x45, 0x29, 0x01, 0x09, 0x8b, 0xea, 0x45, 0x29, 0x01, 0x09, 0x6a, 0xea, 0x45,
    0x29, 0x01, 0x09, 0x6a, 0xf2, 0x45, 0x29, 0x01, 0x09, 0x69, 0xf2, 0x45, 0x29, 0x01, 0x09, 0x68,
    0xfa, 0x45, 0x29, 0x01, 0x09, 0x48, 0xf2, 0x45, 0x29, 0x01, 0x00, 0x40, 0x18, 0x20, 0x00, 0x36,
    0x00, 0x00, 0x00, 0x00, 0x00, 0x13, 0x36, 0x00, 0x00, 0x00, 0x00, 0x00, 0x01, 0x09, 0xb1, 0x32,
    0xc3, 0x18, 0x01, 0x09, 0x1f, 0x5d, 0x86, 0x31, 0x02, 0x09, 0xff, 0x5c, 0x86, 0x31, 0x03, 0x09,
    0xdf, 0x64, 0x86, 0x31, 0x02, 0x09, 0xbf, 0x64, 0x86, 0x31, 0x01, 0x09, 0xd3, 0x42, 0xe3, 0x18,
    0x30, 0x09, 0x83, 0x08, 0x20, 0x00, 0x01, 0x09, 0xc9, 0x89, 0xc3, 0x18, 0x01, 0x09, 0x8c, 0xe2,
    0x45, 0x29, 0x01, 0x09, 0x8c, 0xea, 0x45, 0x29, 0x01, 0x09, 0x8b, 0xea, 0x45, 0x29, 0x01, 0x09,
    0x6a, 0xea, 0x45, 0x29, 0x01, 0x09, 0x6a, 0xf2, 0x45, 0x29, 0x01, 0x09, 0x69, 0xf2, 0x45, 0x29,
    0x01, 0x09, 0x68, 0xfa, 0x45, 0x29, 0x01, 0x09, 0x48, 0xfa, 0x45, 0x29, 0x01, 0x09, 0x24, 0x81,
    0xa2, 0x10, 0x36, 0x00, 0x00, 0x00, 0x00, 0x00, 0x14, 0x36, 0x00, 0x00, 0x00, 0x00, 0x00, 0x01,
    0x09, 0x9c, 0x54, 0x65, 0x29, 0x01, 0x09, 0x1f, 0x5d, 0x86, 0x31, 0x02, 0x09, 0xff, 0x5c, 0x86,
    0x31, 0x03, 0x09, 0xdf, 0x64, 0x86, 0x31, 0x01, 0x09, 0xbf, 0x64, 0x86, 0x31, 0x01, 0x09, 0x9e,
    0x64, 0x65, 0x29, 0x01, 0x09, 0xe6, 0x10, 0x41, 0x08, 0x30, 0x09, 0x83, 0x08, 0x20, 0x00, 0x01,
    0x09, 0xa4, 0x20, 0x41, 0x08, 0x01, 0x09, 0x8c, 0xda, 0x45, 0x29, 0x01, 0x09, 0x8c, 0xea, 0x45,
    0x29, 0x01, 0x09, 0x8b, 0xea, 0x45, 0x29, 0x01, 0x09, 0x6a, 0xea, 0x45, 0x29, 0x01, 0x09, 0x6a,
    0xf2, 0x45, 0x29, 0x01, 0x09, 0x69, 0xf2, 0x45, 0x29, 0x01, 0x09, 0x68, 0xfa, 0x45, 0x29, 0x01,
    0x09, 0x48, 0xfa, 0x45, 0x29, 0x01, 0x09, 0x06, 0xe2, 0x24, 0x21, 0x36, 0x00, 0x00, 0x00, 0x00,
    0x00, 0x13, 0x35, 0x00, 0x00, 0x00, 0x00, 0x00, 0x01, 0x09, 0x8a, 0x19, 0x61, 0x08, 0x02, 0x09,
    0x1f, 0x5d, 0x86, 0x31, 0x02, 0x09, 0xff, 0x5c, 0x86, 0x31, 0x03, 0x09, 0xdf, 0x64, 0x86, 0x31,
    0x01, 0x09, 0xbf, 0x64, 0x86, 0x31, 0x01, 0x09, 0xf3, 0x3a, 0xe3, 0x18, 0x32, 0x09, 0x83, 0x08,
    0x20, 0x00, 0x01, 0x09, 0xc8, 0x89, 0xc3, 0x18, 0x01, 0x09, 0x8c, 0xea, 0x45, 0x29, 0x01, 0x09,
    0x8b, 0xea, 0x45, 0x29, 0x01, 0x09, 0x6a, 0xea, 0x45, 0x29, 0x01, 0x09, 0x6a, 0xf2, 0x45, 0x29,
    0x01, 0x09, 0x69, 0xf2, 0x45, 0x29, 0x01, 0x09, 0x68, 0xfa, 0x45, 0x29, 0x01, 0x09, 0x48, 0xfa,
    0x45, 0x29, 0x01, 0x09, 0x47, 0xfa, 0x45, 0x29, 0x01, 0x09, 0xa2, 0x48, 0x61, 0x08, 0x35, 0x00,
    0x00, 0x00, 0x00, 0x00, 0x13, 0x35, 0x00, 0x00, 0x00, 0x00, 0x00, 0x01, 0x09, 0x76, 0x3b, 0x04,
    0x21, 0x02, 0x09, 0x1f, 0x5d, 0x86, 0x31, 0x02, 0x09, 0xff, 0x5c, 0x86, 0x31, 0x03, 0x09, 0xdf,
    0x64, 0x86, 0x31, 0x01, 0x09, 0xbf, 0x64, 0x86, 0x31, 0x01, 0x09, 0xe6, 0x10, 0x41, 0x08, 0x32,
    0x09, 0x83, 0x08, 0x20, 0x00, 0x01, 0x09, 0xc4, 0x28, 0x41, 0x08, 0x01, 0x09, 0x8c, 0xe2, 0x45,
    0x29, 0x01, 0x09, 0x8b, 0xea, 0x45, 0x29, 0x01, 0x09, 0x6a, 0xea, 0x45, 0x29, 0x01, 0x09, 0x6a,
    0xf2, 0x45, 0x29, 0x01, 0x09, 0x69, 0xf2, 0x45, 0x29, 0x01, 0x09, 0x68, 0xfa, 0x45, 0x29, 0x01,
    0x09, 0x48, 0xfa, 0x45, 0x29, 0x01, 0x09, 0x47, 0xfa, 0x45, 0x29, 0x01, 0x09, 0x85, 0xa9, 0xe3,
    0x18, 0x35, 0x00, 0x00, 0x00, 0x00, 0x00, 0x13, 0x34, 0x00, 0x00, 0x00, 0x00, 0x00, 0x01, 0x00,
    0x21, 0x00, 0x00, 0x00, 0x01, 0x09, 0xff, 0x54, 0x86, 0x31, 0x02, 0x09, 0x1f, 0x5d, 0x86, 0x31,
    0x02, 0x09, 0xff, 0x5c, 0x86, 0x31, 0x03, 0x09, 0xdf, 0x64, 0x86, 0x31, 0x01, 0x09, 0x97, 0x4b,
    0x24, 0x21, 0x34, 0x09, 0x83, 0x08, 0x20, 0x00, 0x01, 0x09, 0x09, 0xaa, 0x04, 0x21, 0x01, 0x09,
    0x8b, 0xea, 0x45, 0x29, 0x01, 0x09, 0x6a, 0xea, 0x45, 0x29, 0x01, 0x09, 0x6a, 0xf2, 0x45, 0x29,
    0x01, 0x09, 0x69, 0xf2, 0x45, 0x29, 0x01, 0x09, 0x68, 0xfa, 0x45, 0x29, 0x01, 0x09, 0x48, 0xfa,
    0x45, 0x29, 0x01, 0x09, 0x47, 0xfa, 0x45, 0x29, 0x01, 0x09, 0x27, 0xfa, 0x45, 0x29, 0x01, 0x00,
    0x00, 0x08, 0x00, 0x00, 0x34, 0x00, 0x00, 0x00, 0x00, 0x00, 0x11, 0x34, 0x00, 0x00, 0x00, 0x00,
    0x00, 0x01, 0x09, 0x89, 0x19, 0x61, 0x08, 0x03, 0x09, 0x1f, 0x5d, 0x86, 0x31, 0x02, 0x09, 0xff,
    0x5c, 0x86, 0x31, 0x03, 0x09, 0xdf, 0x64, 0x86, 0x31, 0x01, 0x09, 0xec, 0x29, 0x82, 0x10, 0x34,
    0x09, 0x83, 0x08, 0x20, 0x00, 0x01, 0x09, 0x26, 0x59, 0x82, 0x10, 0x01, 0x09, 0x8b, 0xea, 0x45,
    0x29, 0x01, 0x09, 0x6a, 0xea, 0x45, 0x29, 0x01, 0x09, 0x6a, 0xf2, 0x45, 0x29, 0x01, 0x09, 0x69,
    0xf2, 0x45, 0x29, 0x01, 0x09, 0x68, 0xfa, 0x45, 0x29, 0x01, 0x09, 0x48, 0xfa, 0x45, 0x29, 0x02,
    0x09, 0x47, 0xfa, 0x45, 0x29, 0x01, 0x09, 0xa2, 0x48, 0x41, 0x08, 0x34, 0x00, 0x00, 0x00, 0x00,
    0x00, 0x12, 0x34, 0x00, 0x00, 0x00, 0x00, 0x00, 0x01, 0x09, 0xf2, 0x32, 0xe3, 0x18, 0x03, 0x09,
    0x1f, 0x5d, 0x86, 0x31, 0x02, 0x09, 0xff, 0x5c, 0x86, 0x31, 0x02, 0x09, 0xdf, 0x64, 0x86, 0x31,
    0x01, 0x09, 0x7d, 0x5c, 0x65, 0x29, 0x01, 0x09, 0xa3, 0x08, 0x20, 0x00, 0x34, 0x09, 0x83, 0x08,
    0x20, 0x00, 0x01, 0x09, 0x83, 0x10, 0x20, 0x00, 0x01, 0x09, 0x6b, 0xda, 0x45, 0x29, 0x01, 0x09,
    0x6a, 0xea, 0x45, 0x29, 0x01, 0x09, 0x6a, 0xf2, 0x45, 0x29, 0x01, 0x09, 0x69, 0xf2, 0x45, 0x29,
    0x01, 0x09, 0x68, 0xfa, 0x45, 0x29, 0x01, 0x09, 0x48, 0xfa, 0x45, 0x29, 0x02, 0x09, 0x47, 0xfa,
    0x45, 0x29, 0x01, 0x09, 0x44, 0x91, 0xc3, 0x18, 0x34, 0x00, 0x00, 0x00, 0x00, 0x00, 0x10, 0x34,
    0x00, 0x00, 0x00, 0x00, 0x00, 0x01, 0x09, 0x7c, 0x4c, 0x65, 0x29, 0x03, 0x09, 0x1f, 0x5d, 0x86,
    0x31, 0x02, 0x09, 0xff, 0x5c, 0x86, 0x31, 0x02, 0x09, 0xdf, 0x64, 0x86, 0x31, 0x01, 0x09, 0x55,
    0x43, 0x04, 0x21, 0x36, 0x09, 0x83, 0x08, 0x20, 0x00, 0x01, 0x09, 0xc8, 0xa1, 0xe3, 0x18, 0x01,
    0x09, 0x6a, 0xea, 0x45, 0x29, 0x01, 0x09, 0x6a, 0xf2, 0x45, 0x29, 0x01, 0x09, 0x69, 0xf2, 0x45,
    0x29, 0x01, 0x09, 0x68, 0xfa, 0x45, 0x29, 0x01, 0x09, 0x48, 0xfa, 0x45, 0x29, 0x02, 0x09, 0x47,
    0xfa, 0x45, 0x29, 0x01, 0x09, 0x06, 0xda, 0x24, 0x21, 0x34, 0x00, 0x00, 0x00, 0x00, 0x00, 0x10,
    0x33, 0x00, 0x00, 0x00, 0x00, 0x00, 0x01, 0x00, 0xa4, 0x08, 0x20, 0x00, 0x04, 0x09, 0x1f, 0x5d,
    0x86, 0x31, 0x02, 0x09, 0xff, 0x5c, 0x86, 0x31, 0x02, 0x09, 0xdf, 0x64, 0x86, 0x31, 0x01, 0x09,
    0x2d, 0x2a, 0xa2, 0x10, 0x36, 0x09, 0x83, 0x08, 0x20, 0x00, 0x01, 0x09, 0x46, 0x61, 0x82, 0x10,
    0x01, 0x09, 0x6a, 0xea, 0x45, 0x29, 0x01, 0x09, 0x6a, 0xf2, 0x45, 0x29, 0x01, 0x09, 0x69, 0xf2,
    0x45, 0x29, 0x01, 0x09, 0x68, 0xfa, 0x45, 0x29, 0x01, 0x09, 0x48, 0xfa, 0x45, 0x29, 0x03, 0x09,
    0x47, 0xfa, 0x45, 0x29, 0x01, 0x00, 0x20, 0x18, 0x20, 0x00, 0x33, 0x00, 0x00, 0x00, 0x00, 0x00,
    0x10, 0x33, 0x00, 0x00, 0x00, 0x00, 0x00, 0x01, 0x09, 0xaa, 0x19, 0x82, 0x10, 0x04, 0x09, 0x1f,
    0x5d, 0x86, 0x31, 0x02, 0x09, 0xff, 0x5c, 0x86, 0x31, 0x02, 0x09, 0xdf, 0x64, 0x86, 0x31, 0x01,
    0x09, 0xe6, 0x10, 0x41, 0x08, 0x36, 0x09, 0x83, 0x08, 0x20, 0x00, 0x01, 0x09, 0xa3, 0x20, 0x41,
    0x08, 0x01, 0x09, 0x6a, 0xea, 0x45, 0x29, 0x01, 0x09, 0x6a, 0xf2, 0x45, 0x29, 0x01, 0x09, 0x69,
    0xf2, 0x45, 0x29, 0x01, 0x09, 0x68, 0xfa, 0x45, 0x29, 0x01, 0x09, 0x48, 0xfa, 0x45, 0x29, 0x03,
    0x09, 0x47, 0xfa, 0x45, 0x29, 0x01, 0x09, 0xa2, 0x50, 0x61, 0x08, 0x33, 0x00, 0x00, 0x00, 0x00,
    0x00, 0x0f, 0x33, 0x00, 0x00, 0x00, 0x00, 0x00, 0x01, 0x09, 0x90, 0x2a, 0xc3, 0x18, 0x04, 0x09,
    0x1f, 0x5d, 0x86, 0x31, 0x02, 0x09, 0xff, 0x5c, 0x86, 0x31, 0x01, 0x09, 0xdf, 0x64, 0x86, 0x31,
    0x01, 0x09, 0x3b, 0x54, 0x45, 0x29, 0x38, 0x09, 0x83, 0x08, 0x20, 0x00, 0x01, 0x09, 0x29, 0xca,
    0x24, 0x21, 0x01, 0x09, 0x6a, 0xf2, 0x45, 0x29, 0x01, 0x09, 0x69, 0xf2, 0x45, 0x29, 0x01, 0x09,
    0x68, 0xfa, 0x45, 0x29, 0x01, 0x09, 0x48, 0xfa, 0x45, 0x29, 0x03, 0x09, 0x47, 0xfa, 0x45, 0x29,
    0x01, 0x09, 0x23, 0x81, 0xa2, 0x10, 0x33, 0x00, 0x00, 0x00, 0x00, 0x00, 0x1b, 0x33, 0x00, 0x00,
    0x00, 0x00, 0x00, 0x01, 0x09, 0xb6, 0x43, 0x24, 0x21, 0x04, 0x09, 0x1f, 0x5d, 0x86, 0x31, 0x02,
    0x09, 0xff, 0x5c, 0x86, 0x31, 0x01, 0x09, 0xdf, 0x64, 0x86, 0x31, 0x01, 0x09, 0x55, 0x43, 0x04,
    0x21, 0x0d, 0x09, 0x83, 0x08, 0x20, 0x00, 0x01, 0x09, 0xe5, 0x18, 0x41, 0x08, 0x01, 0x09, 0x92,
    0x62, 0xe3, 0x18, 0x02, 0x09, 0x98, 0x8b, 0x45, 0x29, 0x01, 0x09, 0x91, 0x62, 0xe3, 0x18, 0x01,
    0x09, 0xc5, 0x18, 0x41, 0x08, 0x12, 0x09, 0x83, 0x08, 0x20, 0x00, 0x01, 0x09, 0xe5, 0x18, 0x41,
    0x08, 0x01, 0x09, 0x91, 0x62, 0xe3, 0x18, 0x02, 0x09, 0x98, 0x8b, 0x45, 0x29, 0x01, 0x09, 0x92,
    0x62, 0xe3, 0x18, 0x01, 0x09, 0xe5, 0x18, 0x41, 0x08, 0x0d, 0x09, 0x83, 0x08, 0x20, 0x00, 0x01,
    0x09, 0xc8, 0xa1, 0xe3, 0x18, 0x01, 0x09, 0x6a, 0xf2, 0x45, 0x29, 0x01, 0x09, 0x69, 0xf2, 0x45,
    0x29, 0x01, 0x09, 0x68, 0xfa, 0x45, 0x29, 0x01, 0x09, 0x48, 0xfa, 0x45, 0x29, 0x03, 0x09, 0x47,
    0xfa, 0x45, 0x29, 0x01, 0x09, 0x85, 0xb1, 0xe3, 0x18, 0x33, 0x00, 0x00, 0x00, 0x00, 0x00, 0x1b,
    0x33, 0x00, 0x00, 0x00, 0x00, 0x00, 0x01, 0x09, 0x9c, 0x54, 0x65, 0x29, 0x04, 0x09, 0x1f, 0x5d,
    0x86, 0x31, 0x02, 0x09, 0xff, 0x5c, 0x86, 0x31, 0x01, 0x09, 0xdf, 0x64, 0x86, 0x31, 0x01, 0x09,
    0x90, 0x32, 0xc3, 0x18, 0x0c, 0x09, 0x83, 0x08, 0x20, 0x00, 0x01, 0x09, 0x49, 0x31, 0x82, 0x10,
    0x01, 0x09, 0x3c, 0xac, 0x86, 0x31, 0x04, 0x09, 0x7e, 0xb4, 0xa6, 0x31, 0x01, 0x09, 0x1c, 0xa4,
    0x86, 0x31, 0x01, 0x09, 0x48, 0x29, 0x61, 0x08, 0x10, 0x09, 0x83, 0x08, 0x20, 0x00, 0x01, 0x09,
    0x48, 0x29, 0x61, 0x08, 0x01, 0x09, 0x1c, 0xa4, 0x86, 0x31, 0x04, 0x09, 0x7e, 0xb4, 0xa6, 0x31,
    0x01, 0x09, 0x1c, 0xac, 0x86, 0x31, 0x01, 0x09, 0x49, 0x31, 0x82, 0x10, 0x0c, 0x09, 0x83, 0x08,
    0x20, 0x00, 0x01, 0x09, 0x66, 0x71, 0xa2, 0x10, 0x01, 0x09, 0x6a, 0xf2, 0x45, 0x29, 0x01, 0x09,
    0x69, 0xf2, 0x45, 0x29, 0x01, 0x09, 0x68, 0xfa, 0x45, 0x29, 0x01, 0x09, 0x48, 0xfa, 0x45, 0x29,
    0x03, 0x09, 0x47, 0xfa, 0x45, 0x29, 0x01, 0x09, 0x06, 0xe2, 0x24, 0x21, 0x33, 0x00, 0x00, 0x00,
    0x00, 0x00, 0x1a, 0x32, 0x00, 0x00, 0x00, 0x00, 0x00, 0x01, 0x00, 0x21, 0x00, 0x00, 0x00, 0x05,
    0x09, 0x1f, 0x5d, 0x86, 0x31, 0x02, 0x09, 0xff, 0x5c, 0x86, 0x31, 0x01, 0x09, 0xdf, 0x64, 0x86,
    0x31, 0x01, 0x09, 0xaa, 0x21, 0x82, 0x10, 0x0b, 0x09, 0x83, 0x08, 0x20, 0x00, 0x01, 0x09, 0xc5,
    0x18, 0x41, 0x08, 0x01, 0x09, 0x1c, 0xa4, 0x86, 0x31, 0x06, 0x09, 0x7e, 0xb4, 0xa6, 0x31, 0x01,
    0x09, 0xfb, 0xa3, 0x86, 0x31, 0x01, 0x09, 0xc4, 0x10, 0x41, 0x08, 0x0e, 0x09, 0x83, 0x08, 0x20,
    0x00, 0x01, 0x09, 0xc4, 0x10, 0x41, 0x08, 0x01, 0x09, 0xfb, 0xa3, 0x86, 0x31, 0x06, 0x09, 0x7e,
    0xb4, 0xa6, 0x31, 0x01, 0x09, 0x1c, 0xa4, 0x86, 0x31, 0x01, 0x09, 0xc5, 0x18, 0x41, 0x08, 0x0b,
    0x09, 0x83, 0x08, 0x20, 0x00, 0x01, 0x09, 0x05, 0x49, 0x61, 0x08, 0x01, 0x09, 0x6a, 0xf2, 0x45,
    0x29, 0x01, 0x09, 0x69, 0xf2, 0x45, 0x29, 0x01, 0x09, 0x68, 0xfa, 0x45, 0x29, 0x01, 0x09, 0x48,
    0xfa, 0x45, 0x29, 0x04, 0x09, 0x47, 0xfa, 0x45, 0x29, 0x33, 0x00, 0x00, 0x00, 0x00, 0x00, 0x17,
    0x32, 0x00, 0x00, 0x00, 0x00, 0x00, 0x01, 0x00, 0xa4, 0x08, 0x20, 0x00, 0x05, 0x09, 0x1f, 0x5d,
    0x86, 0x31, 0x02, 0x09, 0xff, 0x5c, 0x86, 0x31, 0x01, 0x09, 0xdf, 0x64, 0x86, 0x31, 0x01, 0x09,
    0x06, 0x11, 0x41, 0x08, 0x0b, 0x09, 0x83, 0x08, 0x20, 0x00, 0x01, 0x09, 0x91, 0x62, 0xe3, 0x18,
    0x08, 0x09, 0x7e, 0xb4, 0xa6, 0x31, 0x01, 0x09, 0x70, 0x5a, 0xe3, 0x18, 0x0e, 0x09, 0x83, 0x08,
    0x20, 0x00, 0x01, 0x09, 0x70, 0x5a, 0xe3, 0x18, 0x08, 0x09, 0x7e, 0xb4, 0xa6, 0x31, 0x01, 0x09,
    0x91, 0x62, 0xe3, 0x18, 0x0b, 0x09, 0x83, 0x08, 0x20, 0x00, 0x01, 0x09, 0xc4, 0x28, 0x41, 0x08,
    0x01, 0x09, 0x6a, 0xf2, 0x45, 0x29, 0x01, 0x09, 0x69, 0xf2, 0x45, 0x29, 0x01, 0x09, 0x68, 0xfa,
    0x45, 0x29, 0x01, 0x09, 0x48, 0xfa, 0x45, 0x29, 0x04, 0x09, 0x47, 0xfa, 0x45, 0x29, 0x01, 0x00,
    0x41, 0x20, 0x20, 0x00, 0x32, 0x00, 0x00, 0x00, 0x00, 0x00, 0x17, 0x32, 0x00, 0x00, 0x00, 0x00,
    0x00, 0x01, 0x09, 0x48, 0x11, 0x61, 0x08, 0x05, 0x09, 0x1f, 0x5d, 0x86, 0x31, 0x02, 0x09, 0xff,
    0x5c, 0x86, 0x31, 0x01, 0x09, 0xdf, 0x5c, 0x86, 0x31, 0x01, 0x09, 0xa3, 0x08, 0x20, 0x00, 0x0b,
    0x09, 0x83, 0x08, 0x20, 0x00, 0x01, 0x09, 0xda, 0x9b, 0x65, 0x29, 0x08, 0x09, 0x7e, 0xb4, 0xa6,
    0x31, 0x01, 0x09, 0xb9, 0x93, 0x65, 0x29, 0x0e, 0x09, 0x83, 0x08, 0x20, 0x00, 0x01, 0x09, 0xb9,
    0x93, 0x65, 0x29, 0x08, 0x09, 0x7e, 0xb4, 0xa6, 0x31, 0x01, 0x09, 0xda, 0x9b, 0x65, 0x29, 0x0b,
    0x09, 0x83, 0x08, 0x20, 0x00, 0x01, 0x09, 0x83, 0x10, 0x20, 0x00, 0x01, 0x09, 0x6a, 0xf2, 0x45,
    0x29, 0x01, 0x09, 0x69, 0xf2, 0x45, 0x29, 0x01, 0x09, 0x68, 0xfa, 0x45, 0x29, 0x01, 0x09, 0x48,
    0xfa, 0x45, 0x29, 0x04, 0x09, 0x47, 0xfa, 0x45, 0x29, 0x01, 0x09, 0x81, 0x38, 0x41, 0x08, 0x32,
    0x00, 0x00, 0x00, 0x00, 0x00, 0x15, 0x32, 0x00, 0x00, 0x00, 0x00, 0x00, 0x01, 0x09, 0xcb, 0x21,
    0x82, 0x10, 0x05, 0x09, 0x1f, 0x5d, 0x86, 0x31, 0x02, 0x09, 0xff, 0x5c, 0x86, 0x31, 0x01, 0x09,
    0x7c, 0x54, 0x65, 0x29, 0x0c, 0x09, 0x83, 0x08, 0x20, 0x00, 0x01, 0x09, 0x5e, 0xb4, 0xa6, 0x31,
    0x08, 0x09, 0x7e, 0xb4, 0xa6, 0x31, 0x01, 0x09, 0x5e, 0xb4, 0xa6, 0x31, 0x0e, 0x09, 0x83, 0x08,
    0x20, 0x00, 0x01, 0x09, 0x5e, 0xb4, 0xa6, 0x31, 0x08, 0x09, 0x7e, 0xb4, 0xa6, 0x31, 0x01, 0x09,
    0x5e, 0xb4, 0xa6, 0x31, 0x0c, 0x09, 0x83, 0x08, 0x20, 0x00, 0x01, 0x09, 0x49, 0xda, 0x24, 0x21,
    0x01, 0x09, 0x69, 0xf2, 0x45, 0x29, 0x01, 0x09, 0x68, 0xfa, 0x45, 0x29, 0x01, 0x09, 0x48, 0xfa,
    0x45, 0x29, 0x04, 0x09, 0x47, 0xfa, 0x45, 0x29, 0x01, 0x09, 0xc2, 0x58, 0x61, 0x08, 0x32, 0x00,
    0x00, 0x00, 0x00, 0x00, 0x15, 0x32, 0x00, 0x00, 0x00, 0x00, 0x00, 0x01, 0x09, 0x4e, 0x2a, 0xa2,
    0x10, 0x05, 0x09, 0x1f, 0x5d, 0x86, 0x31, 0x02, 0x09, 0xff, 0x5c, 0x86, 0x31, 0x01, 0x09, 0xf9,
    0x4b, 0x24, 0x21, 0x0b, 0x09, 0x83, 0x08, 0x20, 0x00, 0x01, 0x09, 0xa4, 0x10, 0x20, 0x00, 0x09,
    0x09, 0x7e, 0xb4, 0xa6, 0x31, 0x01, 0x09, 0x5e, 0xb4, 0xa6, 0x31, 0x0e, 0x09, 0x83, 0x08, 0x20,
    0x00, 0x01, 0x09, 0x5e, 0xb4, 0xa6, 0x31, 0x09, 0x09, 0x7e, 0xb4, 0xa6, 0x31, 0x01, 0x09, 0xa4,
    0x10, 0x20, 0x00, 0x0b, 0x09, 0x83, 0x08, 0x20, 0x00, 0x01, 0x09, 0x08, 0xc2, 0x04, 0x21, 0x01,
    0x09, 0x69, 0xf2, 0x45, 0x29, 0x01, 0x09, 0x68, 0xfa, 0x45, 0x29, 0x01, 0x09, 0x48, 0xfa, 0x45,
    0x29, 0x04, 0x09, 0x47, 0xfa, 0x45, 0x29, 0x01, 0x09, 0x03, 0x71, 0x82, 0x10, 0x32, 0x00, 0x00,
    0x00, 0x00, 0x00, 0x15, 0x32, 0x00, 0x00, 0x00, 0x00, 0x00, 0x01, 0x09, 0x90, 0x2a, 0xc3, 0x18,
    0x05, 0x09, 0x1f, 0x5d, 0x86, 0x31, 0x02, 0x09, 0xff, 0x5c, 0x86, 0x31, 0x01, 0x09, 0xb7, 0x4b,
    0x24, 0x21, 0x0c, 0x09, 0x83, 0x08, 0x20, 0x00, 0x01, 0x09, 0x3c, 0xac, 0x86, 0x31, 0x08, 0x09,
    0x7e, 0xb4, 0xa6, 0x31, 0x01, 0x09, 0xfb, 0xa3, 0x86, 0x31, 0x0e, 0x09, 0x83, 0x08, 0x20, 0x00,
    0x01, 0x09, 0x1b, 0xa4, 0x86, 0x31, 0x08, 0x09, 0x7e, 0xb4, 0xa6, 0x31, 0x01, 0x09, 0x1c, 0xac,
    0x86, 0x31, 0x0c, 0x09, 0x83, 0x08, 0x20, 0x00, 0x01, 0x09, 0xe8, 0xb1, 0x04, 0x21, 0x01, 0x09,
    0x69, 0xf2, 0x45, 0x29, 0x01, 0x09, 0x68, 0xfa, 0x45, 0x29, 0x01, 0x09, 0x48, 0xfa, 0x45, 0x29,
    0x04, 0x09, 0x47, 0xfa, 0x45, 0x29, 0x01, 0x09, 0x23, 0x79, 0xa2, 0x10, 0x32, 0x00, 0x00, 0x00,
    0x00, 0x00, 0x15, 0x32, 0x00, 0x00, 0x00, 0x00, 0x00, 0x01, 0x09, 0xd1, 0x32, 0xc3, 0x18, 0x05,
    0x09, 0x1f, 0x5d, 0x86, 0x31, 0x02, 0x09, 0xff, 0x5c, 0x86, 0x31, 0x01, 0x09, 0x76, 0x43, 0x04,
    0x21, 0x0c, 0x09, 0x83, 0x08, 0x20, 0x00, 0x01, 0x09, 0x15, 0x7b, 0x24, 0x21, 0x08, 0x09, 0x7e,
    0xb4, 0xa6, 0x31, 0x01, 0x09, 0xf4, 0x72, 0x04, 0x21, 0x0e, 0x09, 0x83, 0x08, 0x20, 0x00, 0x01,
    0x09, 0xf4, 0x72, 0x24, 0x21, 0x08, 0x09, 0x7e, 0xb4, 0xa6, 0x31, 0x01, 0x09, 0x15, 0x7b, 0x24,
    0x21, 0x0c, 0x09, 0x83, 0x08, 0x20, 0x00, 0x01, 0x09, 0xc8, 0xa9, 0xe3, 0x18, 0x01, 0x09, 0x69,
    0xf2, 0x45, 0x29, 0x01, 0x09, 0x68, 0xfa, 0x45, 0x29, 0x01, 0x09, 0x48, 0xfa, 0x45, 0x29, 0x04,
    0x09, 0x47, 0xfa, 0x45, 0x29, 0x01, 0x09, 0x23, 0x81, 0xa2, 0x10, 0x32, 0x00, 0x00, 0x00, 0x00,
    0x00, 0x19, 0x32, 0x00, 0x00, 0x00, 0x00, 0x00, 0x01, 0x09, 0xf2, 0x32, 0xe3, 0x18, 0x05, 0x09,
    0x1f, 0x5d, 0x86, 0x31, 0x02, 0x09, 0xff, 0x5c, 0x86, 0x31, 0x01, 0x09, 0x55, 0x43, 0x04, 0x21,
    0x0c, 0x09, 0x83, 0x08, 0x20, 0x00, 0x01, 0x09, 0x48, 0x29, 0x61, 0x08, 0x01, 0x09, 0x5e, 0xb4,
    0xa6, 0x31, 0x06, 0x09, 0x7e, 0xb4, 0xa6, 0x31, 0x01, 0x09, 0x5e, 0xb4, 0xa6, 0x31, 0x01, 0x09,
    0x27, 0x29, 0x61, 0x08, 0x0e, 0x09, 0x83, 0x08, 0x20, 0x00, 0x01, 0x09, 0x28, 0x29, 0x61, 0x08,
    0x01, 0x09, 0x5e, 0xb4, 0xa6, 0x31, 0x06, 0x09, 0x7e, 0xb4, 0xa6, 0x31, 0x01, 0x09, 0x5e, 0xb4,
    0xa6, 0x31, 0x01, 0x09, 0x48, 0x29, 0x61, 0x08, 0x0c, 0x09, 0x83, 0x08, 0x20, 0x00, 0x01, 0x09,
    0xc7, 0xa1, 0xe3, 0x18, 0x01, 0x09, 0x69, 0xf2, 0x45, 0x29, 0x01, 0x09, 0x68, 0xfa, 0x45, 0x29,
    0x01, 0x09, 0x48, 0xfa, 0x45, 0x29, 0x04, 0x09, 0x47, 0xfa, 0x45, 0x29, 0x01, 0x09, 0x44, 0x91,
    0xc3, 0x18, 0x32, 0x00, 0x00, 0x00, 0x00, 0x00, 0x15, 0x32, 0x00, 0x00, 0x00, 0x00, 0x00, 0x01,
    0x09, 0x13, 0x33, 0xe3, 0x18, 0x05, 0x09, 0x1f, 0x5d, 0x86, 0x31, 0x02, 0x09, 0xff, 0x5c, 0x86,
    0x31, 0x01, 0x09, 0x34, 0x3b, 0x04, 0x21, 0x0d, 0x09, 0x83, 0x08, 0x20, 0x00, 0x01, 0x09, 0x70,
    0x5a, 0xe3, 0x18, 0x06, 0x09, 0x7e, 0xb4, 0xa6, 0x31, 0x01, 0x09, 0x2f, 0x52, 0xc3, 0x18, 0x10,
    0x09, 0x83, 0x08, 0x20, 0x00, 0x01, 0x09, 0x4f, 0x52, 0xc3, 0x18, 0x06, 0x09, 0x7e, 0xb4, 0xa6,
    0x31, 0x01, 0x09, 0x50, 0x5a, 0xe3, 0x18, 0x0d, 0x09, 0x83, 0x08, 0x20, 0x00, 0x01, 0x09, 0xa7,
    0x99, 0xe3, 0x18, 0x01, 0x09, 0x69, 0xf2, 0x45, 0x29, 0x01, 0x09, 0x68, 0xfa, 0x45, 0x29, 0x01,
    0x09, 0x48, 0xfa, 0x45, 0x29, 0x04, 0x09, 0x47, 0xfa, 0x45, 0x29, 0x01, 0x09, 0x64, 0x99, 0xc3,
    0x18, 0x32, 0x00, 0x00, 0x00, 0x00, 0x00, 0x19, 0x32, 0x00, 0x00, 0x00, 0x00, 0x00, 0x01, 0x09,
    0x13, 0x33, 0xe3, 0x18, 0x05, 0x09, 0x1f, 0x5d, 0x86, 0x31, 0x02, 0x09, 0xff, 0x5c, 0x86, 0x31,
    0x01, 0x09, 0x34, 0x3b, 0xe3, 0x18, 0x0e, 0x09, 0x83, 0x08, 0x20, 0x00, 0x01, 0x09, 0xed, 0x49,
    0xa2, 0x10, 0x01, 0x09, 0xfb, 0xa3, 0x86, 0x31, 0x02, 0x09, 0x7e, 0xb4, 0xa6, 0x31, 0x01, 0x09,
    0xfb, 0x9b, 0x86, 0x31, 0x01, 0x09, 0xcc, 0x41, 0xa2, 0x10, 0x12, 0x09, 0x83, 0x08, 0x20, 0x00,
    0x01, 0x09, 0xcc, 0x41, 0xa2, 0x10, 0x01, 0x09, 0xfb, 0x9b, 0x86, 0x31, 0x02, 0x09, 0x7e, 0xb4,
    0xa6, 0x31, 0x01, 0x09, 0xfb, 0x9b, 0x86, 0x31, 0x01, 0x09, 0xed, 0x49, 0xa2, 0x10, 0x0e, 0x09,
    0x83, 0x08, 0x20, 0x00, 0x01, 0x09, 0xa7, 0x91, 0xc3, 0x18, 0x01, 0x09, 0x69, 0xf2, 0x45, 0x29,
    0x01, 0x09, 0x68, 0xfa, 0x45, 0x29, 0x01, 0x09, 0x48, 0xfa, 0x45, 0x29, 0x04, 0x09, 0x47, 0xfa,
    0x45, 0x29, 0x01, 0x09, 0x64, 0x99, 0xc3, 0x18, 0x32, 0x00, 0x00, 0x00, 0x00, 0x00, 0x12, 0x32,
    0x00, 0x00, 0x00, 0x00, 0x00, 0x01, 0x09, 0xd1, 0x32, 0xc3, 0x18, 0x05, 0x09, 0x1f, 0x5d, 0x86,
    0x31, 0x02, 0x09, 0xff, 0x5c, 0x86, 0x31, 0x01, 0x09, 0x76, 0x43, 0x04, 0x21, 0x10, 0x09, 0x83,
    0x08, 0x20, 0x00, 0x01, 0x09, 0x06, 0x21, 0x41, 0x08, 0x01, 0x09, 0xe6, 0x18, 0x41, 0x08, 0x16,
    0x09, 0x83, 0x08, 0x20, 0x00, 0x02, 0x09, 0xe6, 0x20, 0x41, 0x08, 0x10, 0x09, 0x83, 0x08, 0x20,
    0x00, 0x01, 0x09, 0xc7, 0xa1, 0xe3, 0x18, 0x01, 0x09, 0x69, 0xf2, 0x45, 0x29, 0x01, 0x09, 0x68,
    0xfa, 0x45, 0x29, 0x01, 0x09, 0x48, 0xfa, 0x45, 0x29, 0x04, 0x09, 0x47, 0xfa, 0x45, 0x29, 0x01,
    0x09, 0x24, 0x89, 0xa2, 0x10, 0x32, 0x00, 0x00, 0x00, 0x00, 0x00, 0x0d, 0x32, 0x00, 0x00, 0x00,
    0x00, 0x00, 0x01, 0x09, 0x6f, 0x2a, 0xc3, 0x18, 0x05, 0x09, 0x1f, 0x5d, 0x86, 0x31, 0x02, 0x09,
    0xff, 0x5c, 0x86, 0x31, 0x01, 0x09, 0xf9, 0x4b, 0x24, 0x21, 0x3a, 0x09, 0x83, 0x08, 0x20, 0x00,
    0x01, 0x09, 0x08, 0xba, 0x04, 0x21, 0x01, 0x09, 0x69, 0xf2, 0x45, 0x29, 0x01, 0x09, 0x68, 0xfa,
    0x45, 0x29, 0x01, 0x09, 0x48, 0xfa, 0x45, 0x29, 0x04, 0x09, 0x47, 0xfa, 0x45, 0x29, 0x01, 0x09,
    0x23, 0x79, 0xa2, 0x10, 0x32, 0x00, 0x00, 0x00, 0x00, 0x00, 0x0d, 0x32, 0x00, 0x00, 0x00, 0x00,
    0x00, 0x01, 0x09, 0xec, 0x21, 0x82, 0x10, 0x05, 0x09, 0x1f, 0x5d, 0x86, 0x31, 0x02, 0x09, 0xff,
    0x5c, 0x86, 0x31, 0x01, 0x09, 0xbe, 0x5c, 0x65, 0x29, 0x3a, 0x09, 0x83, 0x08, 0x20, 0x00, 0x01,
    0x09, 0x6a, 0xea, 0x45, 0x29, 0x01, 0x09, 0x69, 0xf2, 0x45, 0x29, 0x01, 0x09, 0x68, 0xfa, 0x45,
    0x29, 0x01, 0x09, 0x48, 0xfa, 0x45, 0x29, 0x04, 0x09, 0x47, 0xfa, 0x45, 0x29, 0x01, 0x09, 0xe2,
    0x60, 0x82, 0x10, 0x32, 0x00, 0x00, 0x00, 0x00, 0x00, 0x0f, 0x32, 0x00, 0x00, 0x00, 0x00, 0x00,
    0x01, 0x09, 0xe6, 0x10, 0x41, 0x08, 0x05, 0x09, 0x1f, 0x5d, 0x86, 0x31, 0x02, 0x09, 0xff, 0x5c,
    0x86, 0x31, 0x01, 0x09, 0xdf, 0x64, 0x86, 0x31, 0x01, 0x09, 0x69, 0x19, 0x61, 0x08, 0x38, 0x09,
    0x83, 0x08, 0x20, 0x00, 0x01, 0x09, 0xe4, 0x40, 0x61, 0x08, 0x01, 0x09, 0x6a, 0xf2, 0x45, 0x29,
    0x01, 0x09, 0x69, 0xf2, 0x45, 0x29, 0x01, 0x09, 0x68, 0xfa, 0x45, 0x29, 0x01, 0x09, 0x48, 0xfa,
    0x45, 0x29, 0x04, 0x09, 0x47, 0xfa, 0x45, 0x29, 0x01, 0x09, 0x61, 0x30, 0x41, 0x08, 0x32, 0x00,
    0x00, 0x00, 0x00, 0x00, 0x10, 0x32, 0x00, 0x00, 0x00, 0x00, 0x00, 0x01, 0x00, 0x20, 0x00, 0x00,
    0x00, 0x01, 0x09, 0xff, 0x54, 0x86, 0x31, 0x04, 0x09, 0x1f, 0x5d, 0x86, 0x31, 0x02, 0x09, 0xff,
    0x5c, 0x86, 0x31, 0x01, 0x09, 0xdf, 0x64, 0x86, 0x31, 0x01, 0x09, 0xf3, 0x3a, 0xe3, 0x18, 0x38,
    0x09, 0x83, 0x08, 0x20, 0x00, 0x01, 0x09, 0xa7, 0x91, 0xc3, 0x18, 0x01, 0x09, 0x6a, 0xf2, 0x45,
    0x29, 0x01, 0x09, 0x69, 0xf2, 0x45, 0x29, 0x01, 0x09, 0x68, 0xfa, 0x45, 0x29, 0x01, 0x09, 0x48,
    0xfa, 0x45, 0x29, 0x03, 0x09, 0x47, 0xfa, 0x45, 0x29, 0x01, 0x09, 0x27, 0xf2, 0x45, 0x29, 0x33,
    0x00, 0x00, 0x00, 0x00, 0x00, 0x1b, 0x33, 0x00, 0x00, 0x00, 0x00, 0x00, 0x01, 0x09, 0xd8, 0x43,
    0x24, 0x21, 0x04, 0x09, 0x1f, 0x5d, 0x86, 0x31, 0x02, 0x09, 0xff, 0x5c, 0x86, 0x31, 0x01, 0x09,
    0xdf, 0x64, 0x86, 0x31, 0x01, 0x09, 0x9d, 0x5c, 0x65, 0x29, 0x01, 0x09, 0xc4, 0x10, 0x20, 0x00,
    0x13, 0x09, 0x83, 0x08, 0x20, 0x00, 0x01, 0x09, 0x27, 0x11, 0x41, 0x08, 0x01, 0x09, 0x54, 0x3b,
    0x04, 0x21, 0x01, 0x09, 0xd7, 0x43, 0x24, 0x21, 0x01, 0x09, 0x70, 0x32, 0xc3, 0x18, 0x08, 0x09,
    0x83, 0x08, 0x20, 0x00, 0x01, 0x09, 0x67, 0x71, 0xa2, 0x10, 0x01, 0x09, 0xc6, 0xb1, 0xe3, 0x18,
    0x01, 0x09, 0x85, 0x99, 0xc3, 0x18, 0x01, 0x09, 0xc3, 0x28, 0x41, 0x08, 0x13, 0x09, 0x83, 0x08,
    0x20, 0x00, 0x01, 0x09, 0xa3, 0x18, 0x20, 0x00, 0x01, 0x09, 0x6a, 0xe2, 0x45, 0x29, 0x01, 0x09,
    0x6a, 0xf2, 0x45, 0x29, 0x01, 0x09, 0x69, 0xf2, 0x45, 0x29, 0x01, 0x09, 0x68, 0xfa, 0x45, 0x29,
    0x01, 0x09, 0x48, 0xfa, 0x45, 0x29, 0x03, 0x09, 0x47, 0xfa, 0x45, 0x29, 0x01, 0x09, 0xa5, 0xc1,
    0xe3, 0x18, 0x33, 0x00, 0x00, 0x00, 0x00, 0x00, 0x1f, 0x33, 0x00, 0x00, 0x00, 0x00, 0x00, 0x01,
    0x09, 0x0d, 0x22, 0xa2, 0x10, 0x04, 0x09, 0x1f, 0x5d, 0x86, 0x31, 0x02, 0x09, 0xff, 0x5c, 0x86,
    0x31, 0x02, 0x09, 0xdf, 0x64, 0x86, 0x31, 0x01, 0x09, 0xb1, 0x32, 0xc3, 0x18, 0x12, 0x09, 0x83,
    0x08, 0x20, 0x00, 0x01, 0x09, 0xe5, 0x10, 0x41, 0x08, 0x01, 0x09, 0xbd, 0x54, 0x65, 0x29, 0x02,
    0x09, 0x1f, 0x5d, 0x86, 0x31, 0x01, 0x09, 0xbf, 0x64, 0x86, 0x31, 0x01, 0x09, 0x78, 0x53, 0x24,
    0x21, 0x01, 0x09, 0xc5, 0x10, 0x41, 0x08, 0x04, 0x09, 0x83, 0x08, 0x20, 0x00, 0x01, 0x09, 0xc4,
    0x18, 0x41, 0x08, 0x01, 0x09, 0x2c, 0xa2, 0x04, 0x21, 0x01, 0x09, 0x8c, 0xea, 0x45, 0x29, 0x01,
    0x09, 0x48, 0xfa, 0x45, 0x29, 0x01, 0x09, 0x47, 0xfa, 0x45, 0x29, 0x01, 0x09, 0x27, 0xea, 0x24,
    0x21, 0x01, 0x09, 0xa3, 0x20, 0x41, 0x08, 0x12, 0x09, 0x83, 0x08, 0x20, 0x00, 0x01, 0x09, 0x87,
    0x79, 0xc3, 0x18, 0x01, 0x09, 0x6a, 0xea, 0x45, 0x29, 0x01, 0x09, 0x6a, 0xf2, 0x45, 0x29, 0x01,
    0x09, 0x69, 0xf2, 0x45, 0x29, 0x01, 0x09, 0x68, 0xfa, 0x45, 0x29, 0x01, 0x09, 0x48, 0xfa, 0x45,
    0x29, 0x03, 0x09, 0x47, 0xfa, 0x45, 0x29, 0x01, 0x09, 0xe3, 0x68, 0x82, 0x10, 0x33, 0x00, 0x00,
    0x00, 0x00, 0x00, 0x23, 0x33, 0x00, 0x00, 0x00, 0x00, 0x00, 0x01, 0x00, 0x62, 0x00, 0x20, 0x00,
    0x01, 0x09, 0xff, 0x5c, 0x86, 0x31, 0x03, 0x09, 0x1f, 0x5d, 0x86, 0x31, 0x02, 0x09, 0xff, 0x5c,
    0x86, 0x31, 0x02, 0x09, 0xdf, 0x64, 0x86, 0x31, 0x01, 0x09, 0xbe, 0x64, 0x65, 0x29, 0x01, 0x09,
    0x27, 0x19, 0x61, 0x08, 0x11, 0x09, 0x83, 0x08, 0x20, 0x00, 0x01, 0x09, 0x8f, 0x2a, 0xc3, 0x18,
    0x03, 0x09, 0x1f, 0x5d, 0x86, 0x31, 0x01, 0x09, 0xbf, 0x64, 0x86, 0x31, 0x01, 0x09, 0x7f, 0x6c,
    0x65, 0x29, 0x01, 0x09, 0xfd, 0x73, 0x65, 0x29, 0x01, 0x09, 0x94, 0x52, 0xe3, 0x18, 0x01, 0x09,
    0xce, 0x41, 0xa2, 0x10, 0x01, 0x09, 0xad, 0x49, 0xa2, 0x10, 0x01, 0x09, 0x30, 0x72, 0xe3, 0x18,
    0x01, 0x09, 0xd3, 0xba, 0x45, 0x29, 0x01, 0x09, 0xaf, 0xd2, 0x45, 0x29, 0x01, 0x09, 0x8c, 0xea,
    0x45, 0x29, 0x01, 0x09, 0x48, 0xfa, 0x45, 0x29, 0x02, 0x09, 0x47, 0xfa, 0x45, 0x29, 0x01, 0x09,
    0x45, 0x71, 0xa2, 0x10, 0x11, 0x09, 0x83, 0x08, 0x20, 0x00, 0x01, 0x09, 0xc4, 0x28, 0x41, 0x08,
    0x01, 0x09, 0x6b, 0xe2, 0x45, 0x29, 0x01, 0x09, 0x6a, 0xea, 0x45, 0x29, 0x01, 0x09, 0x6a, 0xf2,
    0x45, 0x29, 0x01, 0x09, 0x69, 0xf2, 0x45, 0x29, 0x01, 0x09, 0x68, 0xfa, 0x45, 0x29, 0x01, 0x09,
    0x48, 0xfa, 0x45, 0x29, 0x03, 0x09, 0x47, 0xfa, 0x45, 0x29, 0x01, 0x00, 0x20, 0x10, 0x00, 0x00,
    0x33, 0x00, 0x00, 0x00, 0x00, 0x00, 0x23, 0x34, 0x00, 0x00, 0x00, 0x00, 0x00, 0x01, 0x09, 0x75,
    0x3b, 0x04, 0x21, 0x03, 0x09, 0x1f, 0x5d, 0x86, 0x31, 0x02, 0x09, 0xff, 0x5c, 0x86, 0x31, 0x03,
    0x09, 0xdf, 0x64, 0x86, 0x31, 0x01, 0x09, 0xfa, 0x53, 0x45, 0x29, 0x01, 0x09, 0xa4, 0x08, 0x20,
    0x00, 0x10, 0x09, 0x83, 0x08, 0x20, 0x00, 0x01, 0x09, 0xb0, 0x32, 0xc3, 0x18, 0x03, 0x09, 0x1f,
    0x5d, 0x86, 0x31, 0x01, 0x09, 0xbf, 0x64, 0x86, 0x31, 0x01, 0x09, 0x7f, 0x6c, 0x65, 0x29, 0x01,
    0x09, 0x1e, 0x74, 0x65, 0x29, 0x01, 0x09, 0xde, 0x83, 0x65, 0x29, 0x01, 0x09, 0x7e, 0x8b, 0x65,
    0x29, 0x01, 0x09, 0x5b, 0x9b, 0x45, 0x29, 0x01, 0x09, 0x17, 0xab, 0x45, 0x29, 0x01, 0x09, 0xf3,
    0xc2, 0x45, 0x29, 0x01, 0x09, 0xaf, 0xd2, 0x45, 0x29, 0x01, 0x09, 0x8c, 0xea, 0x45, 0x29, 0x01,
    0x09, 0x48, 0xfa, 0x45, 0x29, 0x02, 0x09, 0x47, 0xfa, 0x45, 0x29, 0x01, 0x09, 0x45, 0x81, 0xa2,
    0x10, 0x10, 0x09, 0x83, 0x08, 0x20, 0x00, 0x01, 0x09, 0x83, 0x10, 0x20, 0x00, 0x01, 0x09, 0x2a,
    0xc2, 0x24, 0x21, 0x01, 0x09, 0x8b, 0xea, 0x45, 0x29, 0x01, 0x09, 0x6a, 0xea, 0x45, 0x29, 0x01,
    0x09, 0x6a, 0xf2, 0x45, 0x29, 0x01, 0x09, 0x69, 0xf2, 0x45, 0x29, 0x01, 0x09, 0x68, 0xfa, 0x45,
    0x29, 0x01, 0x09, 0x48, 0xfa, 0x45, 0x29, 0x02, 0x09, 0x47, 0xfa, 0x45, 0x29, 0x01, 0x09, 0x85,
    0xa9, 0xc3, 0x18, 0x34, 0x00, 0x00, 0x00, 0x00, 0x00, 0x25, 0x34, 0x00, 0x00, 0x00, 0x00, 0x00,
    0x01, 0x09, 0xe5, 0x10, 0x41, 0x08, 0x03, 0x09, 0x1f, 0x5d, 0x86, 0x31, 0x02, 0x09, 0xff, 0x5c,
    0x86, 0x31, 0x03, 0x09, 0xdf, 0x64, 0x86, 0x31, 0x01, 0x09, 0xbf, 0x64, 0x86, 0x31, 0x01, 0x09,
    0x56, 0x4b, 0x04, 0x21, 0x10, 0x09, 0x83, 0x08, 0x20, 0x00, 0x01, 0x09, 0x27, 0x11, 0x41, 0x08,
    0x01, 0x09, 0xff, 0x54, 0x86, 0x31, 0x02, 0x09, 0x1f, 0x5d, 0x86, 0x31, 0x01, 0x09, 0xbf, 0x64,
    0x86, 0x31, 0x01, 0x09, 0x7f, 0x6c, 0x65, 0x29, 0x01, 0x09, 0x1e, 0x74, 0x65, 0x29, 0x01, 0x09,
    0xde, 0x83, 0x65, 0x29, 0x01, 0x09, 0x7e, 0x8b, 0x65, 0x29, 0x01, 0x09, 0x5b, 0x9b, 0x45, 0x29,
    0x01, 0x09, 0x17, 0xab, 0x45, 0x29, 0x01, 0x09, 0xf3, 0xc2, 0x45, 0x29, 0x01, 0x09, 0xaf, 0xd2,
    0x45, 0x29, 0x01, 0x09, 0x8c, 0xea, 0x45, 0x29, 0x01, 0x09, 0x48, 0xfa, 0x45, 0x29, 0x01, 0x09,
    0x47, 0xfa, 0x45, 0x29, 0x01, 0x09, 0x47, 0xf2, 0x45, 0x29, 0x01, 0x09, 0xc3, 0x28, 0x41, 0x08,
    0x10, 0x09, 0x83, 0x08, 0x20, 0x00, 0x01, 0x09, 0xe9, 0xa1, 0xe3, 0x18, 0x01, 0x09, 0x8c, 0xea,
    0x45, 0x29, 0x01, 0x09, 0x8b, 0xea, 0x45, 0x29, 0x01, 0x09, 0x6a, 0xea, 0x45, 0x29, 0x01, 0x09,
    0x6a, 0xf2, 0x45, 0x29, 0x01, 0x09, 0x69, 0xf2, 0x45, 0x29, 0x01, 0x09, 0x68, 0xfa, 0x45, 0x29,
    0x01, 0x09, 0x48, 0xfa, 0x45, 0x29, 0x02, 0x09, 0x47, 0xfa, 0x45, 0x29, 0x01, 0x09, 0x41, 0x28,
    0x20, 0x00, 0x34, 0x00, 0x00, 0x00, 0x00, 0x00, 0x26, 0x35, 0x00, 0x00, 0x00, 0x00, 0x00, 0x01,
    0x09, 0x75, 0x3b, 0x04, 0x21, 0x02, 0x09, 0x1f, 0x5d, 0x86, 0x31, 0x02, 0x09, 0xff, 0x5c, 0x86,
    0x31, 0x03, 0x09, 0xdf, 0x64, 0x86, 0x31, 0x02, 0x09, 0xbf, 0x64, 0x86, 0x31, 0x01, 0x09, 0x35,
    0x4b, 0x04, 0x21, 0x10, 0x09, 0x83, 0x08, 0x20, 0x00, 0x01, 0x09, 0xcb, 0x21, 0x82, 0x10, 0x01,
    0x09, 0xde, 0x54, 0x65, 0x29, 0x01, 0x09, 0x1f, 0x5d, 0x86, 0x31, 0x01, 0x09, 0xbf, 0x64, 0x86,
    0x31, 0x01, 0x09, 0x7f, 0x6c, 0x65, 0x29, 0x01, 0x09, 0x1e, 0x74, 0x65, 0x29, 0x01, 0x09, 0xde,
    0x83, 0x65, 0x29, 0x01, 0x09, 0x7e, 0x8b, 0x65, 0x29, 0x01, 0x09, 0x5b, 0x9b, 0x45, 0x29, 0x01,
    0x09, 0x17, 0xab, 0x45, 0x29, 0x01, 0x09, 0xf3, 0xc2, 0x45, 0x29, 0x01, 0x09, 0xaf, 0xd2, 0x45,
    0x29, 0x01, 0x09, 0x8c, 0xea, 0x45, 0x29, 0x01, 0x09, 0x48, 0xfa, 0x45, 0x29, 0x01, 0x09, 0x27,
    0xf2, 0x24, 0x21, 0x01, 0x09, 0x04, 0x49, 0x61, 0x08, 0x0f, 0x09, 0x83, 0x08, 0x20, 0x00, 0x01,
    0x09, 0x83, 0x10, 0x20, 0x00, 0x01, 0x09, 0xea, 0x99, 0xe3, 0x18, 0x01, 0x09, 0x8c, 0xe2, 0x45,
    0x29, 0x01, 0x09, 0x8c, 0xea, 0x45, 0x29, 0x01, 0x09, 0x8b, 0xea, 0x45, 0x29, 0x01, 0x09, 0x6a,
    0xea, 0x45, 0x29, 0x01, 0x09, 0x6a, 0xf2, 0x45, 0x29, 0x01, 0x09, 0x69, 0xf2, 0x45, 0x29, 0x01,
    0x09, 0x68, 0xfa, 0x45, 0x29, 0x01, 0x09, 0x48, 0xfa, 0x45, 0x29, 0x01, 0x09, 0x47, 0xfa, 0x45,
    0x29, 0x01, 0x09, 0x85, 0xa9, 0xc3, 0x18, 0x35, 0x00, 0x00, 0x00, 0x00, 0x00, 0x2a, 0x34, 0x00,
    0x00, 0x00, 0x00, 0x00, 0x01, 0x01, 0x83, 0x28, 0x41, 0x08, 0x01, 0x01, 0x8a, 0x59, 0xa2, 0x10,
    0x01, 0x09, 0xde, 0x5c, 0x86, 0x31, 0x01, 0x09, 0x1f, 0x5d, 0x86, 0x31, 0x02, 0x09, 0xff, 0x5c,
    0x86, 0x31, 0x03, 0x09, 0xdf, 0x64, 0x86, 0x31, 0x02, 0x09, 0xbf, 0x64, 0x86, 0x31, 0x01, 0x09,
    0x9f, 0x6c, 0x86, 0x31, 0x01, 0x09, 0x77, 0x53, 0x24, 0x21, 0x01, 0x09, 0xc5, 0x10, 0x41, 0x08,
    0x0f, 0x09, 0x83, 0x08, 0x20, 0x00, 0x01, 0x09, 0x27, 0x11, 0x61, 0x08, 0x01, 0x09, 0xf9, 0x4b,
    0x24, 0x21, 0x01, 0x09, 0xbf, 0x64, 0x86, 0x31, 0x01, 0x09, 0x7f, 0x6c, 0x65, 0x29, 0x01, 0x09,
    0x1e, 0x74, 0x65, 0x29, 0x01, 0x09, 0xde, 0x83, 0x65, 0x29, 0x01, 0x09, 0x7e, 0x8b, 0x65, 0x29,
    0x01, 0x09, 0x5b, 0x9b, 0x45, 0x29, 0x01, 0x09, 0x17, 0xab, 0x45, 0x29, 0x01, 0x09, 0xf3, 0xc2,
    0x45, 0x29, 0x01, 0x09, 0xaf, 0xd2, 0x45, 0x29, 0x01, 0x09, 0x8c, 0xea, 0x45, 0x29, 0x01, 0x09,
    0xe7, 0xc1, 0x04, 0x21, 0x01, 0x09, 0xc3, 0x28, 0x41, 0x08, 0x0f, 0x09, 0x83, 0x08, 0x20, 0x00,
    0x01, 0x09, 0xa3, 0x18, 0x41, 0x08, 0x01, 0x09, 0x0b, 0xa2, 0x04, 0x21, 0x01, 0x09, 0x8d, 0xe2,
    0x45, 0x29, 0x01, 0x09, 0x8c, 0xe2, 0x45, 0x29, 0x01, 0x09, 0x8c, 0xea, 0x45, 0x29, 0x01, 0x09,
    0x8b, 0xea, 0x45, 0x29, 0x01, 0x09, 0x6a, 0xea, 0x45, 0x29, 0x01, 0x09, 0x6a, 0xf2, 0x45, 0x29,
    0x01, 0x09, 0x69, 0xf2, 0x45, 0x29, 0x01, 0x09, 0x68, 0xfa, 0x45, 0x29, 0x01, 0x09, 0x48, 0xfa,
    0x45, 0x29, 0x01, 0x09, 0x47, 0xfa, 0x45, 0x29, 0x01, 0x08, 0x47, 0x69, 0xa2, 0x10, 0x01, 0x08,
    0x83, 0x28, 0x41, 0x08, 0x34, 0x00, 0x00, 0x00, 0x00, 0x00, 0x2f, 0x30, 0x00, 0x00, 0x00, 0x00,
    0x00, 0x01, 0x01, 0x83, 0x18, 0x20, 0x00, 0x01, 0x01, 0x49, 0x51, 0x82, 0x10, 0x01, 0x01, 0x2e,
    0x8a, 0xe3, 0x18, 0x01, 0x01, 0xd2, 0xba, 0x45, 0x29, 0x01, 0x01, 0xd2, 0xca, 0x45, 0x29, 0x01,
    0x01, 0xd1, 0xca, 0x45, 0x29, 0x01, 0x09, 0xb6, 0xa3, 0x65, 0x29, 0x01, 0x09, 0x1f, 0x5d, 0x86,
    0x31, 0x02, 0x09, 0xff, 0x5c, 0x86, 0x31, 0x03, 0x09, 0xdf, 0x64, 0x86, 0x31, 0x02, 0x09, 0xbf,
    0x64, 0x86, 0x31, 0x02, 0x09, 0x9f, 0x6c, 0x86, 0x31, 0x01, 0x09, 0x1c, 0x64, 0x45, 0x29, 0x01,
    0x09, 0x69, 0x21, 0x61, 0x08, 0x10, 0x09, 0x83, 0x08, 0x20, 0x00, 0x01, 0x09, 0xab, 0x21, 0x82,
    0x10, 0x01, 0x09, 0x36, 0x4b, 0x04, 0x21, 0x01, 0x09, 0xfd, 0x73, 0x65, 0x29, 0x01, 0x09, 0xde,
    0x83, 0x65, 0x29, 0x01, 0x09, 0x7e, 0x8b, 0x65, 0x29, 0x01, 0x09, 0x5b, 0x9b, 0x45, 0x29, 0x01,
    0x09, 0x17, 0xab, 0x45, 0x29, 0x01, 0x09, 0xd3, 0xba, 0x45, 0x29, 0x01, 0x09, 0x0b, 0x92, 0xe3,
    0x18, 0x01, 0x09, 0x05, 0x49, 0x82, 0x10, 0x10, 0x09, 0x83, 0x08, 0x20, 0x00, 0x01, 0x09, 0x05,
    0x39, 0x61, 0x08, 0x01, 0x09, 0x6d, 0xc2, 0x24, 0x21, 0x01, 0x09, 0xae, 0xda, 0x45, 0x29, 0x01,
    0x09, 0x8d, 0xe2, 0x45, 0x29, 0x01, 0x09, 0x8c, 0xe2, 0x45, 0x29, 0x01, 0x09, 0x8c, 0xea, 0x45,
    0x29, 0x01, 0x09, 0x8b, 0xea, 0x45, 0x29, 0x01, 0x09, 0x6a, 0xea, 0x45, 0x29, 0x01, 0x09, 0x6a,
    0xf2, 0x45, 0x29, 0x01, 0x09, 0x69, 0xf2, 0x45, 0x29, 0x01, 0x09, 0x68, 0xfa, 0x45, 0x29, 0x01,
    0x09, 0x48, 0xfa, 0x45, 0x29, 0x01, 0x09, 0x8c, 0xe2, 0x45, 0x29, 0x01, 0x08, 0xd1, 0xca, 0x45,
    0x29, 0x01, 0x08, 0xd2, 0xca, 0x45, 0x29, 0x01, 0x08, 0xd2, 0xba, 0x45, 0x29, 0x01, 0x08, 0x2e,
    0x8a, 0xe3, 0x18, 0x01, 0x08, 0x49, 0x51, 0x82, 0x10, 0x01, 0x08, 0x83, 0x18, 0x20, 0x00, 0x30,
    0x00, 0x00, 0x00, 0x00, 0x00, 0x34, 0x2d, 0x00, 0x00, 0x00, 0x00, 0x00, 0x01, 0x01, 0x84, 0x18,
    0x20, 0x00, 0x01, 0x01, 0x8c, 0x59, 0xa2, 0x10, 0x01, 0x01, 0xb4, 0x9a, 0x24, 0x21, 0x01, 0x01,
    0x16, 0xb3, 0x45, 0x29, 0x01, 0x01, 0xf5, 0xba, 0x45, 0x29, 0x01, 0x01, 0xf4, 0xba, 0x45, 0x29,
    0x01, 0x01, 0xd3, 0xc2, 0x45, 0x29, 0x01, 0x01, 0xd2, 0xca, 0x45, 0x29, 0x01, 0x01, 0xd1, 0xca,
    0x45, 0x29, 0x01, 0x01, 0xd0, 0xd2, 0x45, 0x29, 0x01, 0x09, 0x3a, 0x84, 0x65, 0x29, 0x02, 0x09,
    0xff, 0x5c, 0x86, 0x31, 0x03, 0x09, 0xdf, 0x64, 0x86, 0x31, 0x02, 0x09, 0xbf, 0x64, 0x86, 0x31,
    0x02, 0x09, 0x9f, 0x6c, 0x86, 0x31, 0x01, 0x09, 0x7f, 0x6c, 0x65, 0x29, 0x01, 0x09, 0x7e, 0x6c,
    0x65, 0x29, 0x01, 0x09, 0xd3, 0x42, 0xe3, 0x18, 0x01, 0x09, 0xc4, 0x10, 0x20, 0x00, 0x10, 0x09,
    0x83, 0x08, 0x20, 0x00, 0x01, 0x09, 0xa3, 0x08, 0x20, 0x00, 0x01, 0x09, 0x07, 0x19, 0x41, 0x08,
    0x01, 0x09, 0x49, 0x29, 0x61, 0x08, 0x01, 0x09, 0x29, 0x29, 0x61, 0x08, 0x01, 0x09, 0xe6, 0x20,
    0x41, 0x08, 0x01, 0x09, 0x83, 0x10, 0x20, 0x00, 0x10, 0x09, 0x83, 0x08, 0x20, 0x00, 0x01, 0x09,
    0xa3, 0x18, 0x20, 0x00, 0x01, 0x09, 0xca, 0x81, 0xc3, 0x18, 0x01, 0x09, 0xaf, 0xd2, 0x45, 0x29,
    0x02, 0x09, 0xae, 0xda, 0x45, 0x29, 0x01, 0x09, 0x8d, 0xe2, 0x45, 0x29, 0x01, 0x09, 0x8c, 0xe2,
    0x45, 0x29, 0x01, 0x09, 0x8c, 0xea, 0x45, 0x29, 0x01, 0x09, 0x8b, 0xea, 0x45, 0x29, 0x01, 0x09,
    0x6a, 0xea, 0x45, 0x29, 0x01, 0x09, 0x6a, 0xf2, 0x45, 0x29, 0x01, 0x09, 0x69, 0xf2, 0x45, 0x29,
    0x01, 0x09, 0x68, 0xfa, 0x45, 0x29, 0x01, 0x09, 0x6a, 0xf2, 0x45, 0x29, 0x01, 0x08, 0xb0, 0xd2,
    0x45, 0x29, 0x01, 0x08, 0xd1, 0xca, 0x45, 0x29, 0x01, 0x08, 0xd2, 0xca, 0x45, 0x29, 0x01, 0x08,
    0xd3, 0xc2, 0x45, 0x29, 0x01, 0x08, 0xf4, 0xba, 0x45, 0x29, 0x01, 0x08, 0xf5, 0xba, 0x45, 0x29,
    0x01, 0x08, 0x16, 0xb3, 0x45, 0x29, 0x01, 0x08, 0xb4, 0x92, 0x24, 0x21, 0x01, 0x08, 0xac, 0x59,
    0xa2, 0x10, 0x01, 0x08, 0x84, 0x18, 0x20, 0x00, 0x2d, 0x00, 0x00, 0x00, 0x00, 0x00, 0x35, 0x2a,
    0x00, 0x00, 0x00, 0x00, 0x00, 0x01, 0x00, 0x21, 0x08, 0x00, 0x00, 0x01, 0x01, 0x6b, 0x41, 0x82,
    0x10, 0x01, 0x01, 0xb5, 0x82, 0x24, 0x21, 0x01, 0x01, 0x39, 0xa3, 0x45, 0x29, 0x01, 0x01, 0x18,
    0xab, 0x45, 0x29, 0x01, 0x01, 0x17, 0xab, 0x45, 0x29, 0x01, 0x01, 0x16, 0xb3, 0x45, 0x29, 0x01,
    0x01, 0xf5, 0xba, 0x45, 0x29, 0x01, 0x01, 0xf4, 0xba, 0x45, 0x29, 0x01, 0x01, 0xd3, 0xc2, 0x45,
    0x29, 0x01, 0x01, 0xd2, 0xca, 0x45, 0x29, 0x01, 0x01, 0xd1, 0xca, 0x45, 0x29, 0x01, 0x01, 0xb0,
    0xd2, 0x45, 0x29, 0x01, 0x01, 0xcf, 0xd2, 0x45, 0x29, 0x01, 0x09, 0x7b, 0x7c, 0x86, 0x31, 0x01,
    0x09, 0xff, 0x5c, 0x86, 0x31, 0x03, 0x09, 0xdf, 0x64, 0x86, 0x31, 0x02, 0x09, 0xbf, 0x64, 0x86,
    0x31, 0x02, 0x09, 0x9f, 0x6c, 0x86, 0x31, 0x03, 0x09, 0x7f, 0x6c, 0x65, 0x29, 0x01, 0x09, 0x1d,
    0x6c, 0x65, 0x29, 0x01, 0x09, 0x71, 0x3a, 0xc3, 0x18, 0x01, 0x09, 0xa4, 0x10, 0x20, 0x00, 0x22,
    0x09, 0x83, 0x08, 0x20, 0x00, 0x01, 0x09, 0x83, 0x10, 0x20, 0x00, 0x01, 0x09, 0x89, 0x61, 0xa2,
    0x10, 0x01, 0x09, 0x8f, 0xc2, 0x45, 0x29, 0x01, 0x09, 0xb0, 0xd2, 0x45, 0x29, 0x01, 0x09, 0xaf,
    0xd2, 0x45, 0x29, 0x02, 0x09, 0xae, 0xda, 0x45, 0x29, 0x01, 0x09, 0x8d, 0xe2, 0x45, 0x29, 0x01,
    0x09, 0x8c, 0xe2, 0x45, 0x29, 0x01, 0x09, 0x8c, 0xea, 0x45, 0x29, 0x01, 0x09, 0x8b, 0xea, 0x45,
    0x29, 0x01, 0x09, 0x6a, 0xea, 0x45, 0x29, 0x01, 0x09, 0x6a, 0xf2, 0x45, 0x29, 0x02, 0x09, 0x69,
    0xf2, 0x45, 0x29, 0x01, 0x08, 0xae, 0xda, 0x45, 0x29, 0x01, 0x08, 0xb0, 0xd2, 0x45, 0x29, 0x01,
    0x08, 0xd1, 0xca, 0x45, 0x29, 0x01, 0x08, 0xd2, 0xca, 0x45, 0x29, 0x01, 0x08, 0xd3, 0xc2, 0x45,
    0x29, 0x01, 0x08, 0xf4, 0xba, 0x45, 0x29, 0x01, 0x08, 0xf5, 0xba, 0x45, 0x29, 0x01, 0x08, 0x16,
    0xb3, 0x45, 0x29, 0x01, 0x08, 0x17, 0xab, 0x45, 0x29, 0x01, 0x08, 0x18, 0xab, 0x45, 0x29, 0x01,
    0x08, 0x39, 0xa3, 0x45, 0x29, 0x01, 0x08, 0xb5, 0x82, 0x24, 0x21, 0x01, 0x08, 0x6b, 0x41, 0x82,
    0x10, 0x01, 0x00, 0x21, 0x08, 0x00, 0x00, 0x2a, 0x00, 0x00, 0x00, 0x00, 0x00, 0x3d, 0x28, 0x00,
    0x00, 0x00, 0x00, 0x00, 0x01, 0x00, 0x64, 0x10, 0x20, 0x00, 0x01, 0x01, 0xf1, 0x51, 0xc3, 0x18,
    0x01, 0x01, 0x3a, 0x8b, 0x45, 0x29, 0x01, 0x01, 0x5b, 0x9b, 0x45, 0x29, 0x01, 0x01, 0x3a, 0x9b,
    0x45, 0x29, 0x01, 0x01, 0x39, 0xa3, 0x45, 0x29, 0x01, 0x01, 0x18, 0xab, 0x45, 0x29, 0x01, 0x01,
    0x17, 0xab, 0x45, 0x29, 0x01, 0x01, 0x16, 0xb3, 0x45, 0x29, 0x01, 0x01, 0xf5, 0xba, 0x45, 0x29,
    0x01, 0x01, 0xf4, 0xba, 0x45, 0x29, 0x01, 0x01, 0xd3, 0xc2, 0x45, 0x29, 0x01, 0x01, 0xd2, 0xca,
    0x45, 0x29, 0x01, 0x01, 0xd1, 0xca, 0x45, 0x29, 0x01, 0x01, 0xb0, 0xd2, 0x45, 0x29, 0x01, 0x01,
    0xaf, 0xda, 0x45, 0x29, 0x01, 0x01, 0xcf, 0xd2, 0x45, 0x29, 0x01, 0x09, 0x9d, 0x74, 0x86, 0x31,
    0x03, 0x09, 0xdf, 0x64, 0x86, 0x31, 0x02, 0x09, 0xbf, 0x64, 0x86, 0x31, 0x02, 0x09, 0x9f, 0x6c,
    0x86, 0x31, 0x03, 0x09, 0x7f, 0x6c, 0x65, 0x29, 0x01, 0x09, 0x5f, 0x6c, 0x65, 0x29, 0x01, 0x09,
    0x5f, 0x74, 0x65, 0x29, 0x01, 0x09, 0xfd, 0x6b, 0x45, 0x29, 0x01, 0x09, 0x72, 0x42, 0xc3, 0x18,
    0x01, 0x09, 0x07, 0x19, 0x41, 0x08, 0x1e, 0x09, 0x83, 0x08, 0x20, 0x00, 0x01, 0x09, 0xc5, 0x28,
    0x41, 0x08, 0x01, 0x09, 0xcb, 0x71, 0xc3, 0x18, 0x01, 0x09, 0xb0, 0xba, 0x45, 0x29, 0x01, 0x09,
    0xd1, 0xca, 0x45, 0x29, 0x01, 0x09, 0xd0, 0xd2, 0x45, 0x29, 0x01, 0x09, 0xb0, 0xd2, 0x45, 0x29,
    0x01, 0x09, 0xaf, 0xd2, 0x45, 0x29, 0x02, 0x09, 0xae, 0xda, 0x45, 0x29, 0x01, 0x09, 0x8d, 0xe2,
    0x45, 0x29, 0x01, 0x09, 0x8c, 0xe2, 0x45, 0x29, 0x01, 0x09, 0x8c, 0xea, 0x45, 0x29, 0x01, 0x09,
    0x8b, 0xea, 0x45, 0x29, 0x01, 0x09, 0x6a, 0xea, 0x45, 0x29, 0x02, 0x09, 0x6a, 0xf2, 0x45, 0x29,
    0x01, 0x08, 0xad, 0xe2, 0x45, 0x29, 0x01, 0x08, 0xaf, 0xda, 0x45, 0x29, 0x01, 0x08, 0xb0, 0xd2,
    0x45, 0x29, 0x01, 0x08, 0xd1, 0xca, 0x45, 0x29, 0x01, 0x08, 0xd2, 0xca, 0x45, 0x29, 0x01, 0x08,
    0xd3, 0xc2, 0x45, 0x29, 0x01, 0x08, 0xf4, 0xba, 0x45, 0x29, 0x01, 0x08, 0xf5, 0xba, 0x45, 0x29,
    0x01, 0x08, 0x16, 0xb3, 0x45, 0x29, 0x01, 0x08, 0x17, 0xab, 0x45, 0x29, 0x01, 0x08, 0x18, 0xab,
    0x45, 0x29, 0x01, 0x08, 0x39, 0xa3, 0x45, 0x29, 0x01, 0x08, 0x3a, 0x9b, 0x45, 0x29, 0x01, 0x08,
    0x5b, 0x9b, 0x45, 0x29, 0x01, 0x08, 0x3a, 0x8b, 0x45, 0x29, 0x01, 0x08, 0xf1, 0x51, 0xc3, 0x18,
    0x01, 0x00, 0x64, 0x10, 0x20, 0x00, 0x28, 0x00, 0x00, 0x00, 0x00, 0x00, 0x47, 0x26, 0x00, 0x00,
    0x00, 0x00, 0x00, 0x01, 0x00, 0x84, 0x10, 0x20, 0x00, 0x01, 0x01, 0x53, 0x52, 0xe3, 0x18, 0x02,
    0x01, 0x5d, 0x8b, 0x45, 0x29, 0x01, 0x01, 0x5c, 0x93, 0x45, 0x29, 0x01, 0x01, 0x5b, 0x9b, 0x45,
    0x29, 0x01, 0x01, 0x3a, 0x9b, 0x45, 0x29, 0x01, 0x01, 0x39, 0xa3, 0x45, 0x29, 0x01, 0x01, 0x18,
    0xab, 0x45, 0x29, 0x01, 0x01, 0x17, 0xab, 0x45, 0x29, 0x01, 0x01, 0x16, 0xb3, 0x45, 0x29, 0x01,
    0x01, 0xf5, 0xba, 0x45, 0x29, 0x01, 0x01, 0xf4, 0xba, 0x45, 0x29, 0x01, 0x01, 0xd3, 0xc2, 0x45,
    0x29, 0x01, 0x01, 0xd2, 0xca, 0x45, 0x29, 0x01, 0x01, 0xd1, 0xca, 0x45, 0x29, 0x01, 0x01, 0xb0,
    0xd2, 0x45, 0x29, 0x01, 0x01, 0xaf, 0xda, 0x45, 0x29, 0x01, 0x01, 0xae, 0xda, 0x45, 0x29, 0x01,
    0x01, 0xce, 0xd2, 0x45, 0x29, 0x01, 0x09, 0x7c, 0x7c, 0x86, 0x31, 0x02, 0x09, 0xdf, 0x64, 0x86,
    0x31, 0x02, 0x09, 0xbf, 0x64, 0x86, 0x31, 0x02, 0x09, 0x9f, 0x6c, 0x86, 0x31, 0x03, 0x09, 0x7f,
    0x6c, 0x65, 0x29, 0x01, 0x09, 0x5f, 0x6c, 0x65, 0x29, 0x01, 0x09, 0x5f, 0x74, 0x65, 0x29, 0x01,
    0x09, 0x3f, 0x74, 0x65, 0x29, 0x01, 0x09, 0x3e, 0x74, 0x65, 0x29, 0x01, 0x09, 0x1e, 0x74, 0x65,
    0x29, 0x01, 0x09, 0x58, 0x5b, 0x24, 0x21, 0x01, 0x09, 0x0f, 0x3a, 0xa2, 0x10, 0x01, 0x09, 0xe6,
    0x18, 0x41, 0x08, 0x18, 0x09, 0x83, 0x08, 0x20, 0x00, 0x01, 0x09, 0xc5, 0x20, 0x41, 0x08, 0x01,
    0x09, 0xab, 0x59, 0xa2, 0x10, 0x01, 0x09, 0x70, 0x92, 0x04, 0x21, 0x01, 0x09, 0xf3, 0xc2, 0x45,
    0x29, 0x01, 0x09, 0xd2, 0xc2, 0x45, 0x29, 0x02, 0x09, 0xd1, 0xca, 0x45, 0x29, 0x01, 0x09, 0xd0,
    0xd2, 0x45, 0x29, 0x01, 0x09, 0xb0, 0xd2, 0x45, 0x29, 0x01, 0x09, 0xaf, 0xd2, 0x45, 0x29, 0x02,
    0x09, 0xae, 0xda, 0x45, 0x29, 0x01, 0x09, 0x8d, 0xe2, 0x45, 0x29, 0x01, 0x09, 0x8c, 0xe2, 0x45,
    0x29, 0x01, 0x09, 0x8c, 0xea, 0x45, 0x29, 0x01, 0x09, 0x8b, 0xea, 0x45, 0x29, 0x01, 0x09, 0x6a,
    0xea, 0x45, 0x29, 0x01, 0x09, 0x6a, 0xf2, 0x45, 0x29, 0x01, 0x08, 0x8c, 0xe2, 0x45, 0x29, 0x01,
    0x08, 0xae, 0xda, 0x45, 0x29, 0x01, 0x08, 0xaf, 0xda, 0x45, 0x29, 0x01, 0x08, 0xb0, 0xd2, 0x45,
    0x29, 0x01, 0x08, 0xd1, 0xca, 0x45, 0x29, 0x01, 0x08, 0xd2, 0xca, 0x45, 0x29, 0x01, 0x08, 0xd3,
    0xc2, 0x45, 0x29, 0x01, 0x08, 0xf4, 0xba, 0x45, 0x29, 0x01, 0x08, 0xf5, 0xba, 0x45, 0x29, 0x01,
    0x08, 0x16, 0xb3, 0x45, 0x29, 0x01, 0x08, 0x17, 0xab, 0x45, 0x29, 0x01, 0x08, 0x18, 0xab, 0x45,
    0x29, 0x01, 0x08, 0x39, 0xa3, 0x45, 0x29, 0x01, 0x08, 0x3a, 0x9b, 0x45, 0x29, 0x01, 0x08, 0x5b,
    0x9b, 0x45, 0x29, 0x01, 0x08, 0x5c, 0x93, 0x45, 0x29, 0x01, 0x08, 0x5d, 0x8b, 0x45, 0x29, 0x01,
    0x08, 0x5d, 0x83, 0x45, 0x29, 0x01, 0x08, 0x33, 0x52, 0xe3, 0x18, 0x01, 0x00, 0x84, 0x10, 0x20,
    0x00, 0x26, 0x00, 0x00, 0x00, 0x00, 0x00, 0x55, 0x24, 0x00, 0x00, 0x00, 0x00, 0x00, 0x01, 0x00,
    0x42, 0x08, 0x20, 0x00, 0x01, 0x01, 0x32, 0x52, 0xc3, 0x18, 0x01, 0x01, 0x9d, 0x83, 0x45, 0x29,
    0x01, 0x01, 0x9e, 0x8b, 0x65, 0x29, 0x01, 0x01, 0x7e, 0x8b, 0x65, 0x29, 0x01, 0x01, 0x5d, 0x8b,
    0x45, 0x29, 0x01, 0x01, 0x5c, 0x93, 0x45, 0x29, 0x01, 0x01, 0x5b, 0x9b, 0x45, 0x29, 0x01, 0x01,
    0x3a, 0x9b, 0x45, 0x29, 0x01, 0x01, 0x39, 0xa3, 0x45, 0x29, 0x01, 0x01, 0x18, 0xab, 0x45, 0x29,
    0x01, 0x01, 0x17, 0xab, 0x45, 0x29, 0x01, 0x01, 0x16, 0xb3, 0x45, 0x29, 0x01, 0x01, 0xf5, 0xba,
    0x45, 0x29, 0x01, 0x01, 0xf4, 0xba, 0x45, 0x29, 0x01, 0x01, 0xd3, 0xc2, 0x45, 0x29, 0x01, 0x01,
    0xd2, 0xca, 0x45, 0x29, 0x01, 0x01, 0xd1, 0xca, 0x45, 0x29, 0x01, 0x01, 0xb0, 0xd2, 0x45, 0x29,
    0x01, 0x01, 0xaf, 0xda, 0x45, 0x29, 0x01, 0x01, 0xae, 0xda, 0x45, 0x29, 0x01, 0x01, 0x8d, 0xe2,
    0x45, 0x29, 0x01, 0x01, 0xad, 0xe2, 0x45, 0x29, 0x01, 0x09, 0x5a, 0x84, 0x65, 0x29, 0x01, 0x09,
    0xdf, 0x64, 0x86, 0x31, 0x02, 0x09, 0xbf, 0x64, 0x86, 0x31, 0x02, 0x09, 0x9f, 0x6c, 0x86, 0x31,
    0x03, 0x09, 0x7f, 0x6c, 0x65, 0x29, 0x01, 0x09, 0x5f, 0x6c, 0x65, 0x29, 0x01, 0x09, 0x5f, 0x74,
    0x65, 0x29, 0x01, 0x09, 0x3f, 0x74, 0x65, 0x29, 0x02, 0x09, 0x3e, 0x74, 0x65, 0x29, 0x01, 0x09,
    0x1e, 0x74, 0x65, 0x29, 0x01, 0x09, 0x1e, 0x7c, 0x65, 0x29, 0x01, 0x09, 0xfe, 0x7b, 0x65, 0x29,
    0x01, 0x09, 0x9b, 0x6b, 0x45, 0x29, 0x01, 0x09, 0xb4, 0x52, 0xe3, 0x18, 0x01, 0x09, 0xce, 0x39,
    0xa2, 0x10, 0x01, 0x09, 0x29, 0x21, 0x61, 0x08, 0x01, 0x09, 0xa4, 0x10, 0x20, 0x00, 0x0e, 0x09,
    0x83, 0x08, 0x20, 0x00, 0x01, 0x09, 0xa4, 0x10, 0x20, 0x00, 0x01, 0x09, 0x07, 0x31, 0x61, 0x08,
    0x01, 0x09, 0x8b, 0x49, 0xa2, 0x10, 0x01, 0x09, 0x2f, 0x72, 0xe3, 0x18, 0x01, 0x09, 0xb3, 0xa2,
    0x24, 0x21, 0x01, 0x09, 0xf5, 0xba, 0x45, 0x29, 0x01, 0x09, 0xf4, 0xba, 0x45, 0x29, 0x02, 0x09,
    0xf3, 0xc2, 0x45, 0x29, 0x01, 0x09, 0xd2, 0xc2, 0x45, 0x29, 0x02, 0x09, 0xd1, 0xca, 0x45, 0x29,
    0x01, 0x09, 0xd0, 0xd2, 0x45, 0x29, 0x01, 0x09, 0xb0, 0xd2, 0x45, 0x29, 0x01, 0x09, 0xaf, 0xd2,
    0x45, 0x29, 0x02, 0x09, 0xae, 0xda, 0x45, 0x29, 0x01, 0x09, 0x8d, 0xe2, 0x45, 0x29, 0x01, 0x09,
    0x8c, 0xe2, 0x45, 0x29, 0x01, 0x09, 0x8c, 0xea, 0x45, 0x29, 0x01, 0x09, 0x8b, 0xea, 0x45, 0x29,
    0x01, 0x09, 0x6a, 0xea, 0x45, 0x29, 0x01, 0x08, 0x8b, 0xea, 0x45, 0x29, 0x01, 0x08, 0x8d, 0xe2,
    0x45, 0x29, 0x01, 0x08, 0xae, 0xda, 0x45, 0x29, 0x01, 0x08, 0xaf, 0xda, 0x45, 0x29, 0x01, 0x08,
    0xb0, 0xd2, 0x45, 0x29, 0x01, 0x08, 0xd1, 0xca, 0x45, 0x29, 0x01, 0x08, 0xd2, 0xca, 0x45, 0x29,
    0x01, 0x08, 0xd3, 0xc2, 0x45, 0x29, 0x01, 0x08, 0xf4, 0xba, 0x45, 0x29, 0x01, 0x08, 0xf5, 0xba,
    0x45, 0x29, 0x01, 0x08, 0x16, 0xb3, 0x45, 0x29, 0x01, 0x08, 0x17, 0xab, 0x45, 0x29, 0x01, 0x08,
    0x18, 0xab, 0x45, 0x29, 0x01, 0x08, 0x39, 0xa3, 0x45, 0x29, 0x01, 0x08, 0x3a, 0x9b, 0x45, 0x29,
    0x01, 0x08, 0x5b, 0x9b, 0x45, 0x29, 0x01, 0x08, 0x5c, 0x93, 0x45, 0x29, 0x01, 0x08, 0x5d, 0x8b,
    0x45, 0x29, 0x01, 0x08, 0x7e, 0x8b, 0x65, 0x29, 0x01, 0x08, 0x9e, 0x8b, 0x65, 0x29, 0x01, 0x08,
    0x9d, 0x83, 0x45, 0x29, 0x01, 0x08, 0x52, 0x52, 0xc3, 0x18, 0x01, 0x00, 0x42, 0x08, 0x20, 0x00,
    0x24, 0x00, 0x00, 0x00, 0x00, 0x00, 0x5f, 0x23, 0x00, 0x00, 0x00, 0x00, 0x00, 0x01, 0x01, 0xad,
    0x39, 0xa2, 0x10, 0x01, 0x01, 0x9c, 0x7b, 0x45, 0x29, 0x01, 0x01, 0xbe, 0x83, 0x65, 0x29, 0x01,
    0x01, 0x9e, 0x83, 0x65, 0x29, 0x01, 0x01, 0x9e, 0x8b, 0x65, 0x29, 0x01, 0x01, 0x7e, 0x8b, 0x65,
    0x29, 0x01, 0x01, 0x5d, 0x8b, 0x45, 0x29, 0x01, 0x01, 0x5c, 0x93, 0x45, 0x29, 0x01, 0x01, 0x5b,
    0x9b, 0x45, 0x29, 0x01, 0x01, 0x3a, 0x9b, 0x45, 0x29, 0x01, 0x01, 0x39, 0xa3, 0x45, 0x29, 0x01,
    0x01, 0x18, 0xab, 0x45, 0x29, 0x01, 0x01, 0x17, 0xab, 0x45, 0x29, 0x01, 0x01, 0x16, 0xb3, 0x45,
    0x29, 0x01, 0x01, 0xf5, 0xba, 0x45, 0x29, 0x01, 0x01, 0xf4, 0xba, 0x45, 0x29, 0x01, 0x01, 0xd3,
    0xc2, 0x45, 0x29, 0x01, 0x01, 0xd2, 0xca, 0x45, 0x29, 0x01, 0x01, 0xd1, 0xca, 0x45, 0x29, 0x01,
    0x01, 0xb0, 0xd2, 0x45, 0x29, 0x01, 0x01, 0xaf, 0xda, 0x45, 0x29, 0x01, 0x01, 0xae, 0xda, 0x45,
    0x29, 0x01, 0x01, 0x8d, 0xe2, 0x45, 0x29, 0x01, 0x01, 0x6b, 0xe2, 0x45, 0x29, 0x01, 0x01, 0x29,
    0xca, 0x24, 0x21, 0x01, 0x09, 0x74, 0x8b, 0x45, 0x29, 0x02, 0x09, 0xbf, 0x64, 0x86, 0x31, 0x02,
    0x09, 0x9f, 0x6c, 0x86, 0x31, 0x03, 0x09, 0x7f, 0x6c, 0x65, 0x29, 0x01, 0x09, 0x5f, 0x6c, 0x65,
    0x29, 0x01, 0x09, 0x5f, 0x74, 0x65, 0x29, 0x01, 0x09, 0x3f, 0x74, 0x65, 0x29, 0x02, 0x09, 0x3e,
    0x74, 0x65, 0x29, 0x01, 0x09, 0x1e, 0x74, 0x65, 0x29, 0x01, 0x09, 0x1e, 0x7c, 0x65, 0x29, 0x02,
    0x09, 0xfe, 0x7b, 0x65, 0x29, 0x02, 0x09, 0xde, 0x7b, 0x65, 0x29, 0x01, 0x09, 0xde, 0x83, 0x65,
    0x29, 0x01, 0x09, 0xbe, 0x83, 0x65, 0x29, 0x01, 0x09, 0x7b, 0x7b, 0x45, 0x29, 0x01, 0x09, 0xf8,
    0x6a, 0x24, 0x21, 0x01, 0x09, 0xb6, 0x62, 0x04, 0x21, 0x01, 0x09, 0x53, 0x52, 0xe3, 0x18, 0x01,
    0x09, 0x11, 0x52, 0xc3, 0x18, 0x01, 0x09, 0x11, 0x4a, 0xc3, 0x18, 0x02, 0x09, 0xcf, 0x49, 0xa2,
    0x10, 0x02, 0x09, 0xf0, 0x51, 0xc3, 0x18, 0x01, 0x09, 0x31, 0x62, 0xe3, 0x18, 0x01, 0x09, 0x73,
    0x72, 0x04, 0x21, 0x01, 0x09, 0x95, 0x82, 0x04, 0x21, 0x01, 0x09, 0xf7, 0x92, 0x24, 0x21, 0x01,
    0x09, 0x18, 0xab, 0x45, 0x29, 0x02, 0x09, 0x17, 0xab, 0x45, 0x29, 0x01, 0x09, 0x16, 0xb3, 0x45,
    0x29, 0x01, 0x09, 0xf5, 0xb2, 0x45, 0x29, 0x01, 0x09, 0xf5, 0xba, 0x45, 0x29, 0x01, 0x09, 0xf4,
    0xba, 0x45, 0x29, 0x02, 0x09, 0xf3, 0xc2, 0x45, 0x29, 0x01, 0x09, 0xd2, 0xc2, 0x45, 0x29, 0x02,
    0x09, 0xd1, 0xca, 0x45, 0x29, 0x01, 0x09, 0xd0, 0xd2, 0x45, 0x29, 0x01, 0x09, 0xb0, 0xd2, 0x45,
    0x29, 0x01, 0x09, 0xaf, 0xd2, 0x45, 0x29, 0x02, 0x09, 0xae, 0xda, 0x45, 0x29, 0x01, 0x09, 0x8d,
    0xe2, 0x45, 0x29, 0x01, 0x09, 0x8c, 0xe2, 0x45, 0x29, 0x01, 0x09, 0x8c, 0xea, 0x45, 0x29, 0x01,
    0x09, 0x29, 0xd2, 0x24, 0x21, 0x01, 0x08, 0x29, 0xca, 0x24, 0x21, 0x01, 0x08, 0x8b, 0xe2, 0x45,
    0x29, 0x01, 0x08, 0x8d, 0xe2, 0x45, 0x29, 0x01, 0x08, 0xae, 0xda, 0x45, 0x29, 0x01, 0x08, 0xaf,
    0xda, 0x45, 0x29, 0x01, 0x08, 0xb0, 0xd2, 0x45, 0x29, 0x01, 0x08, 0xd1, 0xca, 0x45, 0x29, 0x01,
    0x08, 0xd2, 0xca, 0x45, 0x29, 0x01, 0x08, 0xd3, 0xc2, 0x45, 0x29, 0x01, 0x08, 0xf4, 0xba, 0x45,
    0x29, 0x01, 0x08, 0xf5, 0xba, 0x45, 0x29, 0x01, 0x08, 0x16, 0xb3, 0x45, 0x29, 0x01, 0x08, 0x17,
    0xab, 0x45, 0x29, 0x01, 0x08, 0x18, 0xab, 0x45, 0x29, 0x01, 0x08, 0x39, 0xa3, 0x45, 0x29, 0x01,
    0x08, 0x3a, 0x9b, 0x45, 0x29, 0x01, 0x08, 0x5b, 0x9b, 0x45, 0x29, 0x01, 0x08, 0x5c, 0x93, 0x45,
    0x29, 0x01, 0x08, 0x5d, 0x8b, 0x45, 0x29, 0x01, 0x08, 0x7e, 0x8b, 0x65, 0x29, 0x01, 0x08, 0x9e,
    0x8b, 0x65, 0x29, 0x01, 0x08, 0x9e, 0x83, 0x65, 0x29, 0x01, 0x08, 0xbe, 0x83, 0x65, 0x29, 0x01,
    0x08, 0x9c, 0x7b, 0x45, 0x29, 0x01, 0x08, 0xad, 0x31, 0xa2, 0x10, 0x23, 0x00, 0x00, 0x00, 0x00,
    0x00, 0x5d, 0x21, 0x00, 0x00, 0x00, 0x00, 0x00, 0x01, 0x01, 0xc5, 0x10, 0x41, 0x08, 0x01, 0x01,
    0x39, 0x63, 0x24, 0x21, 0x01, 0x01, 0xde, 0x7b, 0x65, 0x29, 0x01, 0x01, 0xde, 0x83, 0x65, 0x29,
    0x01, 0x01, 0xbe, 0x83, 0x65, 0x29, 0x01, 0x01, 0x9e, 0x83, 0x65, 0x29, 0x01, 0x01, 0x9e, 0x8b,
    0x65, 0x29, 0x01, 0x01, 0x7e, 0x8b, 0x65, 0x29, 0x01, 0x01, 0x5d, 0x8b, 0x45, 0x29, 0x01, 0x01,
    0x5c, 0x93, 0x45, 0x29, 0x01, 0x01, 0x5b, 0x9b, 0x45, 0x29, 0x01, 0x01, 0x3a, 0x9b, 0x45, 0x29,
    0x01, 0x01, 0x39, 0xa3, 0x45, 0x29, 0x01, 0x01, 0x18, 0xab, 0x45, 0x29, 0x01, 0x01, 0x17, 0xab,
    0x45, 0x29, 0x01, 0x01, 0x16, 0xb3, 0x45, 0x29, 0x01, 0x01, 0xf5, 0xba, 0x45, 0x29, 0x01, 0x01,
    0xf4, 0xba, 0x45, 0x29, 0x01, 0x01, 0xd3, 0xc2, 0x45, 0x29, 0x01, 0x01, 0xd2, 0xca, 0x45, 0x29,
    0x01, 0x01, 0x90, 0xc2, 0x45, 0x29, 0x01, 0x01, 0x0c, 0x9a, 0x04, 0x21, 0x01, 0x01, 0x67, 0x71,
    0xa2, 0x10, 0x01, 0x01, 0xe4, 0x48, 0x61, 0x08, 0x01, 0x01, 0x62, 0x20, 0x20, 0x00, 0x03, 0x00,
    0x00, 0x00, 0x00, 0x00, 0x01, 0x09, 0x69, 0x21, 0x61, 0x08, 0x01, 0x09, 0x3c, 0x5c, 0x65, 0x29,
    0x02, 0x09, 0x9f, 0x6c, 0x86, 0x31, 0x03, 0x09, 0x7f, 0x6c, 0x65, 0x29, 0x01, 0x09, 0x5f, 0x6c,
    0x65, 0x29, 0x01, 0x09, 0x5f, 0x74, 0x65, 0x29, 0x01, 0x09, 0x3f, 0x74, 0x65, 0x29, 0x02, 0x09,
    0x3e, 0x74, 0x65, 0x29, 0x01, 0x09, 0x1e, 0x74, 0x65, 0x29, 0x01, 0x09, 0x1e, 0x7c, 0x65, 0x29,
    0x02, 0x09, 0xfe, 0x7b, 0x65, 0x29, 0x02, 0x09, 0xde, 0x7b, 0x65, 0x29, 0x01, 0x09, 0xde, 0x83,
    0x65, 0x29, 0x02, 0x09, 0xbe, 0x83, 0x65, 0x29, 0x02, 0x09, 0x9e, 0x83, 0x65, 0x29, 0x01, 0x09,
    0x9e, 0x8b, 0x65, 0x29, 0x01, 0x09, 0x7e, 0x8b, 0x65, 0x29, 0x01, 0x09, 0x7e, 0x8b, 0x45, 0x29,
    0x01, 0x09, 0x5d, 0x8b, 0x45, 0x29, 0x02, 0x09, 0x5c, 0x93, 0x45, 0x29, 0x01, 0x09, 0x5b, 0x9b,
    0x45, 0x29, 0x02, 0x09, 0x3a, 0x9b, 0x45, 0x29, 0x02, 0x09, 0x39, 0xa3, 0x45, 0x29, 0x01, 0x09,
    0x18, 0xab, 0x45, 0x29, 0x02, 0x09, 0x17, 0xab, 0x45, 0x29, 0x01, 0x09, 0x16, 0xb3, 0x45, 0x29,
    0x01, 0x09, 0xf5, 0xb2, 0x45, 0x29, 0x01, 0x09, 0xf5, 0xba, 0x45, 0x29, 0x01, 0x09, 0xf4, 0xba,
    0x45, 0x29, 0x02, 0x09, 0xf3, 0xc2, 0x45, 0x29, 0x01, 0x09, 0xd2, 0xc2, 0x45, 0x29, 0x02, 0x09,
    0xd1, 0xca, 0x45, 0x29, 0x01, 0x09, 0xd0, 0xd2, 0x45, 0x29, 0x01, 0x09, 0xb0, 0xd2, 0x45, 0x29,
    0x01, 0x09, 0xaf, 0xd2, 0x45, 0x29, 0x02, 0x09, 0xae, 0xda, 0x45, 0x29, 0x01, 0x09, 0x8d, 0xe2,
    0x45, 0x29, 0x01, 0x09, 0x4b, 0xca, 0x24, 0x21, 0x01, 0x09, 0xc3, 0x40, 0x61, 0x08, 0x03, 0x00,
    0x00, 0x00, 0x00, 0x00, 0x01, 0x08, 0x62, 0x20, 0x20, 0x00, 0x01, 0x08, 0xe4, 0x48, 0x61, 0x08,
    0x01, 0x08, 0x68, 0x71, 0xa2, 0x10, 0x01, 0x08, 0x0c, 0x9a, 0x04, 0x21, 0x01, 0x08, 0xb0, 0xc2,
    0x45, 0x29, 0x01, 0x08, 0xd2, 0xca, 0x45, 0x29, 0x01, 0x08, 0xd3, 0xc2, 0x45, 0x29, 0x01, 0x08,
    0xf4, 0xba, 0x45, 0x29, 0x01, 0x08, 0xf5, 0xba, 0x45, 0x29, 0x01, 0x08, 0x16, 0xb3, 0x45, 0x29,
    0x01, 0x08, 0x17, 0xab, 0x45, 0x29, 0x01, 0x08, 0x18, 0xab, 0x45, 0x29, 0x01, 0x08, 0x39, 0xa3,
    0x45, 0x29, 0x01, 0x08, 0x3a, 0x9b, 0x45, 0x29, 0x01, 0x08, 0x5b, 0x9b, 0x45, 0x29, 0x01, 0x08,
    0x5c, 0x93, 0x45, 0x29, 0x01, 0x08, 0x5d, 0x8b, 0x45, 0x29, 0x01, 0x08, 0x7e, 0x8b, 0x65, 0x29,
    0x01, 0x08, 0x9e, 0x8b, 0x65, 0x29, 0x01, 0x08, 0x9e, 0x83, 0x65, 0x29, 0x01, 0x08, 0xbe, 0x83,
    0x65, 0x29, 0x01, 0x08, 0xde, 0x83, 0x65, 0x29, 0x01, 0x08, 0xde, 0x7b, 0x65, 0x29, 0x01, 0x08,
    0x39, 0x63, 0x24, 0x21, 0x01, 0x08, 0xa5, 0x10, 0x41, 0x08, 0x21, 0x00, 0x00, 0x00, 0x00, 0x00,
    0x54, 0x20, 0x00, 0x00, 0x00, 0x00, 0x00, 0x01, 0x01, 0x0f, 0x3a, 0xa2, 0x10, 0x01, 0x01, 0xfe,
    0x73, 0x65, 0x29, 0x01, 0x01, 0xfe, 0x7b, 0x65, 0x29, 0x01, 0x01, 0xde, 0x7b, 0x65, 0x29, 0x01,
    0x01, 0xde, 0x83, 0x65, 0x29, 0x01, 0x01, 0xbe, 0x83, 0x65, 0x29, 0x01, 0x01, 0x9e, 0x83, 0x65,
    0x29, 0x01, 0x01, 0x9e, 0x8b, 0x65, 0x29, 0x01, 0x01, 0x7e, 0x8b, 0x65, 0x29, 0x01, 0x01, 0x5d,
    0x8b, 0x45, 0x29, 0x01, 0x01, 0x5c, 0x93, 0x45, 0x29, 0x01, 0x01, 0x5b, 0x9b, 0x45, 0x29, 0x01,
    0x01, 0x3a, 0x9b, 0x45, 0x29, 0x01, 0x01, 0x39, 0xa3, 0x45, 0x29, 0x01, 0x01, 0x18, 0xab, 0x45,
    0x29, 0x01, 0x01, 0x17, 0xab, 0x45, 0x29, 0x01, 0x01, 0x16, 0xb3, 0x45, 0x29, 0x01, 0x01, 0xf5,
    0xba, 0x45, 0x29, 0x01, 0x01, 0x50, 0x9a, 0x04, 0x21, 0x01, 0x01, 0x69, 0x61, 0xa2, 0x10, 0x01,
    0x01, 0xa4, 0x28, 0x41, 0x08, 0x09, 0x00, 0x00, 0x00, 0x00, 0x00, 0x01, 0x02, 0xcc, 0x69, 0xc3,
    0x18, 0x01, 0x09, 0xd9, 0x93, 0x65, 0x29, 0x01, 0x09, 0x9f, 0x6c, 0x86, 0x31, 0x03, 0x09, 0x7f,
    0x6c, 0x65, 0x29, 0x01, 0x09, 0x5f, 0x6c, 0x65, 0x29, 0x01, 0x09, 0x5f, 0x74, 0x65, 0x29, 0x01,
    0x09, 0x3f, 0x74, 0x65, 0x29, 0x02, 0x09, 0x3e, 0x74, 0x65, 0x29, 0x01, 0x09, 0x1e, 0x74, 0x65,
    0x29, 0x01, 0x09, 0x1e, 0x7c, 0x65, 0x29, 0x02, 0x09, 0xfe, 0x7b, 0x65, 0x29, 0x02, 0x09, 0xde,
    0x7b, 0x65, 0x29, 0x01, 0x09, 0xde, 0x83, 0x65, 0x29, 0x02, 0x09, 0xbe, 0x83, 0x65, 0x29, 0x02,
    0x09, 0x9e, 0x83, 0x65, 0x29, 0x01, 0x09, 0x9e, 0x8b, 0x65, 0x29, 0x01, 0x09, 0x7e, 0x8b, 0x65,
    0x29, 0x01, 0x09, 0x7e, 0x8b, 0x45, 0x29, 0x01, 0x09, 0x5d, 0x8b, 0x45, 0x29, 0x02, 0x09, 0x5c,
    0x93, 0x45, 0x29, 0x01, 0x09, 0x5b, 0x9b, 0x45, 0x29, 0x02, 0x09, 0x3a, 0x9b, 0x45, 0x29, 0x02,
    0x09, 0x39, 0xa3, 0x45, 0x29, 0x01, 0x09, 0x18, 0xab, 0x45, 0x29, 0x02, 0x09, 0x17, 0xab, 0x45,
    0x29, 0x01, 0x09, 0x16, 0xb3, 0x45, 0x29, 0x01, 0x09, 0xf5, 0xb2, 0x45, 0x29, 0x01, 0x09, 0xf5,
    0xba, 0x45, 0x29, 0x01, 0x09, 0xf4, 0xba, 0x45, 0x29, 0x02, 0x09, 0xf3, 0xc2, 0x45, 0x29, 0x01,
    0x09, 0xd2, 0xc2, 0x45, 0x29, 0x02, 0x09, 0xd1, 0xca, 0x45, 0x29, 0x01, 0x09, 0xd0, 0xd2, 0x45,
    0x29, 0x01, 0x09, 0xb0, 0xd2, 0x45, 0x29, 0x01, 0x09, 0xaf, 0xd2, 0x45, 0x29, 0x02, 0x09, 0xae,
    0xda, 0x45, 0x29, 0x01, 0x09, 0xaf, 0xd2, 0x45, 0x29, 0x01, 0x07, 0xab, 0x71, 0xc3, 0x18, 0x09,
    0x00, 0x00, 0x00, 0x00, 0x00, 0x01, 0x08, 0xa4, 0x30, 0x41, 0x08, 0x01, 0x08, 0x69, 0x61, 0xa2,
    0x10, 0x01, 0x08, 0x50, 0x9a, 0x04, 0x21, 0x01, 0x08, 0xf5, 0xba, 0x45, 0x29, 0x01, 0x08, 0x16,
    0xb3, 0x45, 0x29, 0x01, 0x08, 0x17, 0xab, 0x45, 0x29, 0x01, 0x08, 0x18, 0xab, 0x45, 0x29, 0x01,
    0x08, 0x39, 0xa3, 0x45, 0x29, 0x01, 0x08, 0x3a, 0x9b, 0x45, 0x29, 0x01, 0x08, 0x5b, 0x9b, 0x45,
    0x29, 0x01, 0x08, 0x5c, 0x93, 0x45, 0x29, 0x01, 0x08, 0x5d, 0x8b, 0x45, 0x29, 0x01, 0x08, 0x7e,
    0x8b, 0x65, 0x29, 0x01, 0x08, 0x9e, 0x8b, 0x65, 0x29, 0x01, 0x08, 0x9e, 0x83, 0x65, 0x29, 0x01,
    0x08, 0xbe, 0x83, 0x65, 0x29, 0x01, 0x08, 0xde, 0x83, 0x65, 0x29, 0x01, 0x08, 0xde, 0x7b, 0x65,
    0x29, 0x01, 0x08, 0xfe, 0x7b, 0x65, 0x29, 0x01, 0x08, 0xfd, 0x73, 0x65, 0x29, 0x01, 0x08, 0xee,
    0x39, 0xa2, 0x10, 0x20, 0x00, 0x00, 0x00, 0x00, 0x00, 0x58, 0x1e, 0x00, 0x00, 0x00, 0x00, 0x00,
    0x01, 0x00, 0x42, 0x08, 0x00, 0x00, 0x01, 0x01, 0x37, 0x53, 0x04, 0x21, 0x01, 0x01, 0x1e, 0x74,
    0x65, 0x29, 0x01, 0x01, 0x1e, 0x7c, 0x65, 0x29, 0x01, 0x01, 0xfe, 0x7b, 0x65, 0x29, 0x01, 0x01,
    0xde, 0x7b, 0x65, 0x29, 0x01, 0x01, 0xde, 0x83, 0x65, 0x29, 0x01, 0x01, 0xbe, 0x83, 0x65, 0x29,
    0x01, 0x01, 0x9e, 0x83, 0x65, 0x29, 0x01, 0x01, 0x9e, 0x8b, 0x65, 0x29, 0x01, 0x01, 0x7e, 0x8b,
    0x65, 0x29, 0x01, 0x01, 0x5d, 0x8b, 0x45, 0x29, 0x01, 0x01, 0x5c, 0x93, 0x45, 0x29, 0x01, 0x01,
    0x5b, 0x9b, 0x45, 0x29, 0x01, 0x01, 0x3a, 0x9b, 0x45, 0x29, 0x01, 0x01, 0x39, 0xa3, 0x45, 0x29,
    0x01, 0x01, 0x18, 0xab, 0x45, 0x29, 0x01, 0x01, 0x93, 0x8a, 0x04, 0x21, 0x01, 0x01, 0x6a, 0x51,
    0xa2, 0x10, 0x01, 0x00, 0x62, 0x10, 0x20, 0x00, 0x0a, 0x00, 0x00, 0x00, 0x00, 0x00, 0x01, 0x00,
    0x42, 0x10, 0x00, 0x00, 0x01, 0x02, 0x30, 0x8a, 0x04, 0x21, 0x01, 0x02, 0xf3, 0xba, 0x45, 0x29,
    0x01, 0x02, 0xd2, 0xc2, 0x45, 0x29, 0x01, 0x09, 0x13, 0xbb, 0x45, 0x29, 0x01, 0x09, 0xfa, 0x8b,
    0x65, 0x29, 0x02, 0x09, 0x7f, 0x6c, 0x65, 0x29, 0x01, 0x09, 0x5f, 0x6c, 0x65, 0x29, 0x01, 0x09,
    0x5f, 0x74, 0x65, 0x29, 0x01, 0x09, 0x3f, 0x74, 0x65, 0x29, 0x02, 0x09, 0x3e, 0x74, 0x65, 0x29,
    0x01, 0x09, 0x1e, 0x74, 0x65, 0x29, 0x01, 0x09, 0x1e, 0x7c, 0x65, 0x29, 0x02, 0x09, 0xfe, 0x7b,
    0x65, 0x29, 0x02, 0x09, 0xde, 0x7b, 0x65, 0x29, 0x01, 0x09, 0xde, 0x83, 0x65, 0x29, 0x02, 0x09,
    0xbe, 0x83, 0x65, 0x29, 0x02, 0x09, 0x9e, 0x83, 0x65, 0x29, 0x01, 0x09, 0x9e, 0x8b, 0x65, 0x29,
    0x01, 0x09, 0x7e, 0x8b, 0x65, 0x29, 0x01, 0x09, 0x7e, 0x8b, 0x45, 0x29, 0x01, 0x09, 0x5d, 0x8b,
    0x45, 0x29, 0x02, 0x09, 0x5c, 0x93, 0x45, 0x29, 0x01, 0x09, 0x5b, 0x9b, 0x45, 0x29, 0x02, 0x09,
    0x3a, 0x9b, 0x45, 0x29, 0x02, 0x09, 0x39, 0xa3, 0x45, 0x29, 0x01, 0x09, 0x18, 0xab, 0x45, 0x29,
    0x02, 0x09, 0x17, 0xab, 0x45, 0x29, 0x01, 0x09, 0x16, 0xb3, 0x45, 0x29, 0x01, 0x09, 0xf5, 0xb2,
    0x45, 0x29, 0x01, 0x09, 0xf5, 0xba, 0x45, 0x29, 0x01, 0x09, 0xf4, 0xba, 0x45, 0x29, 0x02, 0x09,
    0xf3, 0xc2, 0x45, 0x29, 0x01, 0x09, 0xd2, 0xc2, 0x45, 0x29, 0x02, 0x09, 0xd1, 0xca, 0x45, 0x29,
    0x01, 0x09, 0xd0, 0xd2, 0x45, 0x29, 0x01, 0x09, 0xb0, 0xd2, 0x45, 0x29, 0x01, 0x09, 0xaf, 0xd2,
    0x45, 0x29, 0x01, 0x09, 0xae, 0xda, 0x45, 0x29, 0x01, 0x09, 0xb0, 0xd2, 0x45, 0x29, 0x01, 0x07,
    0xd2, 0xc2, 0x45, 0x29, 0x01, 0x07, 0xf3, 0xba, 0x45, 0x29, 0x01, 0x07, 0x50, 0x8a, 0x04, 0x21,
    0x01, 0x00, 0x42, 0x08, 0x00, 0x00, 0x0a, 0x00, 0x00, 0x00, 0x00, 0x00, 0x01, 0x00, 0x62, 0x18,
    0x20, 0x00, 0x01, 0x08, 0x6a, 0x51, 0xa2, 0x10, 0x01, 0x08, 0x93, 0x8a, 0x04, 0x21, 0x01, 0x08,
    0x18, 0xab, 0x45, 0x29, 0x01, 0x08, 0x39, 0xa3, 0x45, 0x29, 0x01, 0x08, 0x3a, 0x9b, 0x45, 0x29,
    0x01, 0x08, 0x5b, 0x9b, 0x45, 0x29, 0x01, 0x08, 0x5c, 0x93, 0x45, 0x29, 0x01, 0x08, 0x5d, 0x8b,
    0x45, 0x29, 0x01, 0x08, 0x7e, 0x8b, 0x65, 0x29, 0x01, 0x08, 0x9e, 0x8b, 0x65, 0x29, 0x01, 0x08,
    0x9e, 0x83, 0x65, 0x29, 0x01, 0x08, 0xbe, 0x83, 0x65, 0x29, 0x01, 0x08, 0xde, 0x83, 0x65, 0x29,
    0x01, 0x08, 0xde, 0x7b, 0x65, 0x29, 0x01, 0x08, 0xfe, 0x7b, 0x65, 0x29, 0x01, 0x08, 0x1e, 0x7c,
    0x65, 0x29, 0x01, 0x08, 0x1e, 0x74, 0x65, 0x29, 0x01, 0x08, 0x37, 0x53, 0x04, 0x21, 0x01, 0x00,
    0x42, 0x08, 0x00, 0x00, 0x1e, 0x00, 0x00, 0x00, 0x00, 0x00, 0x56, 0x1d, 0x00, 0x00, 0x00, 0x00,
    0x00, 0x01, 0x01, 0xc6, 0x10, 0x41, 0x08, 0x01, 0x01, 0xbb, 0x63, 0x45, 0x29, 0x01, 0x01, 0x3e,
    0x74, 0x65, 0x29, 0x01, 0x01, 0x1e, 0x74, 0x65, 0x29, 0x01, 0x01, 0x1e, 0x7c, 0x65, 0x29, 0x01,
    0x01, 0xfe, 0x7b, 0x65, 0x29, 0x01, 0x01, 0xde, 0x7b, 0x65, 0x29, 0x01, 0x01, 0xde, 0x83, 0x65,
    0x29, 0x01, 0x01, 0xbe, 0x83, 0x65, 0x29, 0x01, 0x01, 0x9e, 0x83, 0x65, 0x29, 0x01, 0x01, 0x9e,
    0x8b, 0x65, 0x29, 0x01, 0x01, 0x7e, 0x8b, 0x65, 0x29, 0x01, 0x01, 0x5d, 0x8b, 0x45, 0x29, 0x01,
    0x01, 0x5c, 0x93, 0x45, 0x29, 0x01, 0x01, 0x5b, 0x9b, 0x45, 0x29, 0x01, 0x01, 0x19, 0x9b, 0x45,
    0x29, 0x01, 0x01, 0x10, 0x6a, 0xe3, 0x18, 0x01, 0x01, 0xc6, 0x28, 0x41, 0x08, 0x0c, 0x00, 0x00,
    0x00, 0x00, 0x00, 0x01, 0x02, 0xc5, 0x20, 0x41, 0x08, 0x01, 0x02, 0xd4, 0x9a, 0x24, 0x21, 0x01,
    0x02, 0xf5, 0xb2, 0x45, 0x29, 0x01, 0x02, 0xf3, 0xba, 0x45, 0x29, 0x01, 0x02, 0xd2, 0xc2, 0x45,
    0x29, 0x01, 0x02, 0xd0, 0xd2, 0x45, 0x29, 0x01, 0x02, 0xaf, 0xda, 0x45, 0x29, 0x01, 0x09, 0xf1,
    0xca, 0x45, 0x29, 0x01, 0x09, 0xd9, 0x93, 0x65, 0x29, 0x01, 0x09, 0x5e, 0x74, 0x65, 0x29, 0x01,
    0x09, 0x5f, 0x74, 0x65, 0x29, 0x01, 0x09, 0x3f, 0x74, 0x65, 0x29, 0x02, 0x09, 0x3e, 0x74, 0x65,
    0x29, 0x01, 0x09, 0x1e, 0x74, 0x65, 0x29, 0x01, 0x09, 0x1e, 0x7c, 0x65, 0x29, 0x02, 0x09, 0xfe,
    0x7b, 0x65, 0x29, 0x02, 0x09, 0xde, 0x7b, 0x65, 0x29, 0x01, 0x09, 0xde, 0x83, 0x65, 0x29, 0x02,
    0x09, 0xbe, 0x83, 0x65, 0x29, 0x02, 0x09, 0x9e, 0x83, 0x65, 0x29, 0x01, 0x09, 0x9e, 0x8b, 0x65,
    0x29, 0x01, 0x09, 0x7e, 0x8b, 0x65, 0x29, 0x01, 0x09, 0x7e, 0x8b, 0x45, 0x29, 0x01, 0x09, 0x5d,
    0x8b, 0x45, 0x29, 0x02, 0x09, 0x5c, 0x93, 0x45, 0x29, 0x01, 0x09, 0x5b, 0x9b, 0x45, 0x29, 0x02,
    0x09, 0x3a, 0x9b, 0x45, 0x29, 0x02, 0x09, 0x39, 0xa3, 0x45, 0x29, 0x01, 0x09, 0x18, 0xab, 0x45,
    0x29, 0x02, 0x09, 0x17, 0xab, 0x45, 0x29, 0x01, 0x09, 0x16, 0xb3, 0x45, 0x29, 0x01, 0x09, 0xf5,
    0xb2, 0x45, 0x29, 0x01, 0x09, 0xf5, 0xba, 0x45, 0x29, 0x01, 0x09, 0xf4, 0xba, 0x45, 0x29, 0x02,
    0x09, 0xf3, 0xc2, 0x45, 0x29, 0x01, 0x09, 0xd2, 0xc2, 0x45, 0x29, 0x02, 0x09, 0xd1, 0xca, 0x45,
    0x29, 0x01, 0x09, 0xd0, 0xd2, 0x45, 0x29, 0x02, 0x09, 0xae, 0xda, 0x45, 0x29, 0x01, 0x07, 0xaf,
    0xda, 0x45, 0x29, 0x01, 0x07, 0xd0, 0xd2, 0x45, 0x29, 0x01, 0x07, 0xd2, 0xc2, 0x45, 0x29, 0x01,
    0x07, 0xf3, 0xba, 0x45, 0x29, 0x01, 0x07, 0xf5, 0xb2, 0x45, 0x29, 0x01, 0x07, 0xd4, 0x9a, 0x24,
    0x21, 0x01, 0x07, 0xa5, 0x20, 0x41, 0x08, 0x0c, 0x00, 0x00, 0x00, 0x00, 0x00, 0x01, 0x08, 0xa4,
    0x20, 0x41, 0x08, 0x01, 0x08, 0xef, 0x61, 0xc3, 0x18, 0x01, 0x08, 0x19, 0x9b, 0x45, 0x29, 0x01,
    0x08, 0x5b, 0x9b, 0x45, 0x29, 0x01, 0x08, 0x5c, 0x93, 0x45, 0x29, 0x01, 0x08, 0x5d, 0x8b, 0x45,
    0x29, 0x01, 0x08, 0x7e, 0x8b, 0x65, 0x29, 0x01, 0x08, 0x9e, 0x8b, 0x65, 0x29, 0x01, 0x08, 0x9e,
    0x83, 0x65, 0x29, 0x01, 0x08, 0xbe, 0x83, 0x65, 0x29, 0x01, 0x08, 0xde, 0x83, 0x65, 0x29, 0x01,
    0x08, 0xde, 0x7b, 0x65, 0x29, 0x01, 0x08, 0xfe, 0x7b, 0x65, 0x29, 0x01, 0x08, 0x1e, 0x7c, 0x65,
    0x29, 0x01, 0x08, 0x1e, 0x74, 0x65, 0x29, 0x01, 0x08, 0x3e, 0x74, 0x65, 0x29, 0x01, 0x08, 0xdb,
    0x63, 0x45, 0x29, 0x01, 0x08, 0xe6, 0x10, 0x41, 0x08, 0x1d, 0x00, 0x00, 0x00, 0x00, 0x00, 0x58,
    0x1c, 0x00, 0x00, 0x00, 0x00, 0x00, 0x01, 0x01, 0x49, 0x21, 0x61, 0x08, 0x01, 0x01, 0x3e, 0x6c,
    0x65, 0x29, 0x01, 0x01, 0x5f, 0x74, 0x65, 0x29, 0x01, 0x01, 0x3e, 0x74, 0x65, 0x29, 0x01, 0x01,
    0x1e, 0x74, 0x65, 0x29, 0x01, 0x01, 0x1e, 0x7c, 0x65, 0x29, 0x01, 0x01, 0xfe, 0x7b, 0x65, 0x29,
    0x01, 0x01, 0xde, 0x7b, 0x65, 0x29, 0x01, 0x01, 0xde, 0x83, 0x65, 0x29, 0x01, 0x01, 0xbe, 0x83,
    0x65, 0x29, 0x01, 0x01, 0x9e, 0x83, 0x65, 0x29, 0x01, 0x01, 0x9e, 0x8b, 0x65, 0x29, 0x01, 0x01,
    0x7e, 0x8b, 0x65, 0x29, 0x01, 0x01, 0x5d, 0x8b, 0x45, 0x29, 0x01, 0x01, 0x3b, 0x8b, 0x45, 0x29,
    0x01, 0x01, 0xcf, 0x51, 0xc3, 0x18, 0x01, 0x00, 0x42, 0x08, 0x00, 0x00, 0x0d, 0x00, 0x00, 0x00,
    0x00, 0x00, 0x01, 0x02, 0x4b, 0x41, 0x82, 0x10, 0x01, 0x02, 0x18, 0xa3, 0x45, 0x29, 0x01, 0x02,
    0x17, 0xab, 0x45, 0x29, 0x01, 0x02, 0xf5, 0xb2, 0x45, 0x29, 0x01, 0x02, 0xf3, 0xba, 0x45, 0x29,
    0x01, 0x02, 0xd2, 0xc2, 0x45, 0x29, 0x01, 0x02, 0xd0, 0xd2, 0x45, 0x29, 0x01, 0x02, 0xaf, 0xda,
    0x45, 0x29, 0x01, 0x02, 0x8d, 0xe2, 0x45, 0x29, 0x01, 0x02, 0x8c, 0xea, 0x45, 0x29, 0x01, 0x02,
    0xac, 0xe2, 0x45, 0x29, 0x01, 0x09, 0x53, 0xb3, 0x65, 0x29, 0x01, 0x09, 0x1c, 0x84, 0x65, 0x29,
    0x02, 0x09, 0x3e, 0x74, 0x65, 0x29, 0x01, 0x09, 0x1e, 0x74, 0x65, 0x29, 0x01, 0x09, 0x1e, 0x7c,
    0x65, 0x29, 0x02, 0x09, 0xfe, 0x7b, 0x65, 0x29, 0x02, 0x09, 0xde, 0x7b, 0x65, 0x29, 0x01, 0x09,
    0xde, 0x83, 0x65, 0x29, 0x02, 0x09, 0xbe, 0x83, 0x65, 0x29, 0x02, 0x09, 0x9e, 0x83, 0x65, 0x29,
    0x01, 0x09, 0x9e, 0x8b, 0x65, 0x29, 0x01, 0x09, 0x7e, 0x8b, 0x65, 0x29, 0x01, 0x09, 0x7e, 0x8b,
    0x45, 0x29, 0x01, 0x09, 0x5d, 0x8b, 0x45, 0x29, 0x02, 0x09, 0x5c, 0x93, 0x45, 0x29, 0x01, 0x09,
    0x5b, 0x9b, 0x45, 0x29, 0x02, 0x09, 0x3a, 0x9b, 0x45, 0x29, 0x02, 0x09, 0x39, 0xa3, 0x45, 0x29,
    0x01, 0x09, 0x18, 0xab, 0x45, 0x29, 0x02, 0x09, 0x17, 0xab, 0x45, 0x29, 0x01, 0x09, 0x16, 0xb3,
    0x45, 0x29, 0x01, 0x09, 0xf5, 0xb2, 0x45, 0x29, 0x01, 0x09, 0xf5, 0xba, 0x45, 0x29, 0x01, 0x09,
    0xf4, 0xba, 0x45, 0x29, 0x02, 0x09, 0xf3, 0xc2, 0x45, 0x29, 0x01, 0x09, 0xd2, 0xc2, 0x45, 0x29,
    0x01, 0x09, 0xd0, 0xd2, 0x45, 0x29, 0x01, 0x09, 0x8d, 0xe2, 0x45, 0x29, 0x01, 0x07, 0x6b, 0xea,
    0x45, 0x29, 0x01, 0x07, 0x8c, 0xea, 0x45, 0x29, 0x01, 0x07, 0x8d, 0xe2, 0x45, 0x29, 0x01, 0x07,
    0xaf, 0xda, 0x45, 0x29, 0x01, 0x07, 0xd0, 0xd2, 0x45, 0x29, 0x01, 0x07, 0xd2, 0xc2, 0x45, 0x29,
    0x01, 0x07, 0xf3, 0xba, 0x45, 0x29, 0x01, 0x07, 0xf5, 0xb2, 0x45, 0x29, 0x01, 0x07, 0x17, 0xab,
    0x45, 0x29, 0x01, 0x07, 0x18, 0xa3, 0x45, 0x29, 0x01, 0x07, 0x6b, 0x41, 0x82, 0x10, 0x0d, 0x00,
    0x00, 0x00, 0x00, 0x00, 0x01, 0x00, 0x42, 0x08, 0x20, 0x00, 0x01, 0x08, 0xcf, 0x51, 0xc3, 0x18,
    0x01, 0x08, 0x3b, 0x8b, 0x45, 0x29, 0x01, 0x08, 0x5d, 0x8b, 0x45, 0x29, 0x01, 0x08, 0x7e, 0x8b,
    0x65, 0x29, 0x01, 0x08, 0x9e, 0x8b, 0x65, 0x29, 0x01, 0x08, 0x9e, 0x83, 0x65, 0x29, 0x01, 0x08,
    0xbe, 0x83, 0x65, 0x29, 0x01, 0x08, 0xde, 0x83, 0x65, 0x29, 0x01, 0x08, 0xde, 0x7b, 0x65, 0x29,
    0x01, 0x08, 0xfe, 0x7b, 0x65, 0x29, 0x01, 0x08, 0x1e, 0x7c, 0x65, 0x29, 0x01, 0x08, 0x1e, 0x74,
    0x65, 0x29, 0x01, 0x08, 0x3e, 0x74, 0x65, 0x29, 0x01, 0x08, 0x5f, 0x74, 0x65, 0x29, 0x01, 0x08,
    0x3e, 0x6c, 0x65, 0x29, 0x01, 0x08, 0x49, 0x21, 0x61, 0x08, 0x1c, 0x00, 0x00, 0x00, 0x00, 0x00,
    0x5a, 0x1b, 0x00, 0x00, 0x00, 0x00, 0x00, 0x01, 0x01, 0xab, 0x21, 0x82, 0x10, 0x01, 0x01, 0x5e,
    0x6c, 0x65, 0x29, 0x01, 0x01, 0x5f, 0x6c, 0x65, 0x29, 0x01, 0x01, 0x5f, 0x74, 0x65, 0x29, 0x01,
    0x01, 0x3e, 0x74, 0x65, 0x29, 0x01, 0x01, 0x1e, 0x74, 0x65, 0x29, 0x01, 0x01, 0x1e, 0x7c, 0x65,
    0x29, 0x01, 0x01, 0xfe, 0x7b, 0x65, 0x29, 0x01, 0x01, 0xde, 0x7b, 0x65, 0x29, 0x01, 0x01, 0xde,
    0x83, 0x65, 0x29, 0x01, 0x01, 0xbe, 0x83, 0x65, 0x29, 0x01, 0x01, 0x9e, 0x83, 0x65, 0x29, 0x01,
    0x01, 0x9e, 0x8b, 0x65, 0x29, 0x01, 0x01, 0x5d, 0x83, 0x45, 0x29, 0x01, 0x01, 0xd0, 0x51, 0xc3,
    0x18, 0x01, 0x00, 0x42, 0x08, 0x00, 0x00, 0x0e, 0x00, 0x00, 0x00, 0x00, 0x00, 0x01, 0x02, 0x11,
    0x5a, 0xc3, 0x18, 0x01, 0x02, 0x3a, 0x9b, 0x45, 0x29, 0x01, 0x02, 0x38, 0xa3, 0x45, 0x29, 0x01,
    0x02, 0x17, 0xab, 0x45, 0x29, 0x01, 0x02, 0xf5, 0xb2, 0x45, 0x29, 0x01, 0x02, 0xf3, 0xba, 0x45,
    0x29, 0x01, 0x02, 0xd2, 0xc2, 0x45, 0x29, 0x01, 0x02, 0xd0, 0xd2, 0x45, 0x29, 0x01, 0x02, 0xaf,
    0xda, 0x45, 0x29, 0x01, 0x02, 0x8d, 0xe2, 0x45, 0x29, 0x01, 0x02, 0x8c, 0xea, 0x45, 0x29, 0x01,
    0x02, 0x6a, 0xf2, 0x45, 0x29, 0x01, 0x02, 0x68, 0xfa, 0x45, 0x29, 0x01, 0x02, 0x06, 0xda, 0x24,
    0x21, 0x01, 0x09, 0x68, 0x49, 0x82, 0x10, 0x01, 0x09, 0x30, 0x3a, 0xc3, 0x18, 0x01, 0x09, 0xbc,
    0x6b, 0x45, 0x29, 0x01, 0x09, 0x1e, 0x7c, 0x65, 0x29, 0x02, 0x09, 0xfe, 0x7b, 0x65, 0x29, 0x02,
    0x09, 0xde, 0x7b, 0x65, 0x29, 0x01, 0x09, 0xde, 0x83, 0x65, 0x29, 0x02, 0x09, 0xbe, 0x83, 0x65,
    0x29, 0x02, 0x09, 0x9e, 0x83, 0x65, 0x29, 0x01, 0x09, 0x9e, 0x8b, 0x65, 0x29, 0x01, 0x09, 0x7e,
    0x8b, 0x65, 0x29, 0x01, 0x09, 0x7e, 0x8b, 0x45, 0x29, 0x01, 0x09, 0x5d, 0x8b, 0x45, 0x29, 0x02,
    0x09, 0x5c, 0x93, 0x45, 0x29, 0x01, 0x09, 0x5b, 0x9b, 0x45, 0x29, 0x02, 0x09, 0x3a, 0x9b, 0x45,
    0x29, 0x02, 0x09, 0x39, 0xa3, 0x45, 0x29, 0x01, 0x09, 0x18, 0xab, 0x45, 0x29, 0x02, 0x09, 0x17,
    0xab, 0x45, 0x29, 0x01, 0x09, 0x16, 0xb3, 0x45, 0x29, 0x01, 0x09, 0xf5, 0xb2, 0x45, 0x29, 0x01,
    0x09, 0xf5, 0xba, 0x45, 0x29, 0x01, 0x09, 0xf4, 0xba, 0x45, 0x29, 0x01, 0x09, 0xd3, 0xaa, 0x45,
    0x29, 0x01, 0x09, 0x8a, 0x61, 0xa2, 0x10, 0x01, 0x09, 0x05, 0x59, 0x82, 0x10, 0x01, 0x07, 0x06,
    0xe2, 0x24, 0x21, 0x01, 0x07, 0x68, 0xfa, 0x45, 0x29, 0x01, 0x07, 0x6a, 0xf2, 0x45, 0x29, 0x01,
    0x07, 0x8c, 0xea, 0x45, 0x29, 0x01, 0x07, 0x8d, 0xe2, 0x45, 0x29, 0x01, 0x07, 0xaf, 0xda, 0x45,
    0x29, 0x01, 0x07, 0xd0, 0xd2, 0x45, 0x29, 0x01, 0x07, 0xd2, 0xc2, 0x45, 0x29, 0x01, 0x07, 0xf3,
    0xba, 0x45, 0x29, 0x01, 0x07, 0xf5, 0xb2, 0x45, 0x29, 0x01, 0x07, 0x17, 0xab, 0x45, 0x29, 0x01,
    0x07, 0x38, 0xa3, 0x45, 0x29, 0x01, 0x07, 0x3a, 0x9b, 0x45, 0x29, 0x01, 0x07, 0x11, 0x5a, 0xc3,
    0x18, 0x0e, 0x00, 0x00, 0x00, 0x00, 0x00, 0x01, 0x00, 0x42, 0x08, 0x00, 0x00, 0x01, 0x08, 0xf0,
    0x51, 0xc3, 0x18, 0x01, 0x08, 0x5d, 0x83, 0x45, 0x29, 0x01, 0x08, 0x9e, 0x8b, 0x65, 0x29, 0x01,
    0x08, 0x9e, 0x83, 0x65, 0x29, 0x01, 0x08, 0xbe, 0x83, 0x65, 0x29, 0x01, 0x08, 0xde, 0x83, 0x65,
    0x29, 0x01, 0x08, 0xde, 0x7b, 0x65, 0x29, 0x01, 0x08, 0xfe, 0x7b, 0x65, 0x29, 0x01, 0x08, 0x1e,
    0x7c, 0x65, 0x29, 0x01, 0x08, 0x1e, 0x74, 0x65, 0x29, 0x01, 0x08, 0x3e, 0x74, 0x65, 0x29, 0x01,
    0x08, 0x5f, 0x74, 0x65, 0x29, 0x01, 0x08, 0x5f, 0x6c, 0x65, 0x29, 0x01, 0x08, 0x5e, 0x6c, 0x65,
    0x29, 0x01, 0x08, 0xab, 0x21, 0x82, 0x10, 0x1b, 0x00, 0x00, 0x00, 0x00, 0x00, 0x5c, 0x1a, 0x00,
    0x00, 0x00, 0x00, 0x00, 0x01, 0x01, 0xec, 0x29, 0x82, 0x10, 0x02, 0x01, 0x7f, 0x6c, 0x65, 0x29,
    0x01, 0x01, 0x5f, 0x6c, 0x65, 0x29, 0x01, 0x01, 0x5f, 0x74, 0x65, 0x29, 0x01, 0x01, 0x3e, 0x74,
    0x65, 0x29, 0x01, 0x01, 0x1e, 0x74, 0x65, 0x29, 0x01, 0x01, 0x1e, 0x7c, 0x65, 0x29, 0x01, 0x01,
    0xfe, 0x7b, 0x65, 0x29, 0x01, 0x01, 0xde, 0x7b, 0x65, 0x29, 0x01, 0x01, 0xde, 0x83, 0x65, 0x29,
    0x01, 0x01, 0xbe, 0x83, 0x65, 0x29, 0x01, 0x01, 0x9e, 0x83, 0x65, 0x29, 0x01, 0x01, 0x96, 0x62,
    0x04, 0x21, 0x01, 0x01, 0x85, 0x10, 0x20, 0x00, 0x0f, 0x00, 0x00, 0x00, 0x00, 0x00, 0x01, 0x02,
    0x53, 0x62, 0xe3, 0x18, 0x01, 0x02, 0x5b, 0x93, 0x45, 0x29, 0x01, 0x02, 0x3a, 0x9b, 0x45, 0x29,
    0x01, 0x02, 0x38, 0xa3, 0x45, 0x29, 0x01, 0x02, 0x17, 0xab, 0x45, 0x29, 0x01, 0x02, 0xf5, 0xb2,
    0x45, 0x29, 0x01, 0x02, 0xf3, 0xba, 0x45, 0x29, 0x01, 0x02, 0xd2, 0xc2, 0x45, 0x29, 0x01, 0x02,
    0xd0, 0xd2, 0x45, 0x29, 0x01, 0x02, 0xaf, 0xda, 0x45, 0x29, 0x01, 0x02, 0x8d, 0xe2, 0x45, 0x29,
    0x01, 0x02, 0x8c, 0xea, 0x45, 0x29, 0x01, 0x02, 0x6a, 0xf2, 0x45, 0x29, 0x01, 0x02, 0x85, 0x99,
    0xc3, 0x18, 0x01, 0x00, 0x00, 0x08, 0x00, 0x00, 0x01, 0x00, 0x00, 0x00, 0x00, 0x00, 0x01, 0x00,
    0x21, 0x00, 0x00, 0x00, 0x01, 0x03, 0x9c, 0x73, 0x45, 0x29, 0x01, 0x03, 0xbe, 0x83, 0x65, 0x29,
    0x01, 0x09, 0x9e, 0x83, 0x65, 0x29, 0x01, 0x09, 0xbc, 0x8b, 0x65, 0x29, 0x01, 0x09, 0xbd, 0x8b,
    0x65, 0x29, 0x01, 0x09, 0xdd, 0x83, 0x65, 0x29, 0x01, 0x09, 0xde, 0x83, 0x65, 0x29, 0x02, 0x09,
    0xbe, 0x83, 0x65, 0x29, 0x02, 0x09, 0x9e, 0x83, 0x65, 0x29, 0x01, 0x09, 0x9e, 0x8b, 0x65, 0x29,
    0x01, 0x09, 0x7e, 0x8b, 0x65, 0x29, 0x01, 0x09, 0x7e, 0x8b, 0x45, 0x29, 0x01, 0x09, 0x5d, 0x8b,
    0x45, 0x29, 0x02, 0x09, 0x5c, 0x93, 0x45, 0x29, 0x01, 0x09, 0x5b, 0x9b, 0x45, 0x29, 0x02, 0x09,
    0x3a, 0x9b, 0x45, 0x29, 0x02, 0x09, 0x39, 0xa3, 0x45, 0x29, 0x01, 0x09, 0x18, 0xab, 0x45, 0x29,
    0x01, 0x09, 0x17, 0xab, 0x45, 0x29, 0x01, 0x09, 0x16, 0xab, 0x45, 0x29, 0x01, 0x09, 0x16, 0xb3,
    0x45, 0x29, 0x01, 0x09, 0x17, 0xab, 0x45, 0x29, 0x01, 0x09, 0x3a, 0x9b, 0x45, 0x29, 0x01, 0x06,
    0x9d, 0x8b, 0x65, 0x29, 0x01, 0x06, 0x9c, 0x73, 0x45, 0x29, 0x01, 0x00, 0x21, 0x00, 0x00, 0x00,
    0x01, 0x00, 0x00, 0x00, 0x00, 0x00, 0x01, 0x00, 0x20, 0x08, 0x00, 0x00, 0x01, 0x07, 0x65, 0x91,
    0xc3, 0x18, 0x01, 0x07, 0x6a, 0xea, 0x45, 0x29, 0x01, 0x07, 0x8c, 0xea, 0x45, 0x29, 0x01, 0x07,
    0x8d, 0xe2, 0x45, 0x29, 0x01, 0x07, 0xaf, 0xda, 0x45, 0x29, 0x01, 0x07, 0xd0, 0xd2, 0x45, 0x29,
    0x01, 0x07, 0xd2, 0xc2, 0x45, 0x29, 0x01, 0x07, 0xf3, 0xba, 0x45, 0x29, 0x01, 0x07, 0xf5, 0xb2,
    0x45, 0x29, 0x01, 0x07, 0x17, 0xab, 0x45, 0x29, 0x01, 0x07, 0x38, 0xa3, 0x45, 0x29, 0x01, 0x07,
    0x3a, 0x9b, 0x45, 0x29, 0x01, 0x07, 0x5b, 0x93, 0x45, 0x29, 0x01, 0x07, 0x54, 0x62, 0xe3, 0x18,
    0x01, 0x00, 0x01, 0x00, 0x00, 0x00, 0x0e, 0x00, 0x00, 0x00, 0x00, 0x00, 0x01, 0x08, 0x84, 0x10,
    0x20, 0x00, 0x01, 0x08, 0x96, 0x62, 0x04, 0x21, 0x01, 0x08, 0x9e, 0x83, 0x65, 0x29, 0x01, 0x08,
    0xbe, 0x83, 0x65, 0x29, 0x01, 0x08, 0xde, 0x83, 0x65, 0x29, 0x01, 0x08, 0xde, 0x7b, 0x65, 0x29,
    0x01, 0x08, 0xfe, 0x7b, 0x65, 0x29, 0x01, 0x08, 0x1e, 0x7c, 0x65, 0x29, 0x01, 0x08, 0x1e, 0x74,
    0x65, 0x29, 0x01, 0x08, 0x3e, 0x74, 0x65, 0x29, 0x01, 0x08, 0x5f, 0x74, 0x65, 0x29, 0x01, 0x08,
    0x5f, 0x6c, 0x65, 0x29, 0x02, 0x08, 0x7f, 0x6c, 0x65, 0x29, 0x01, 0x08, 0xcc, 0x29, 0x82, 0x10,
    0x1a, 0x00, 0x00, 0x00, 0x00, 0x00, 0x5e, 0x19, 0x00, 0x00, 0x00, 0x00, 0x00, 0x01, 0x01, 0xaa,
    0x21, 0x82, 0x10, 0x01, 0x01, 0x9f, 0x64, 0x65, 0x29, 0x01, 0x01, 0x9f, 0x6c, 0x86, 0x31, 0x01,
    0x01, 0x7f, 0x6c, 0x65, 0x29, 0x01, 0x01, 0x5f, 0x6c, 0x65, 0x29, 0x01, 0x01, 0x5f, 0x74, 0x65,
    0x29, 0x01, 0x01, 0x3e, 0x74, 0x65, 0x29, 0x01, 0x01, 0x1e, 0x74, 0x65, 0x29, 0x01, 0x01, 0x1e,
    0x7c, 0x65, 0x29, 0x01, 0x01, 0xfe, 0x7b, 0x65, 0x29, 0x01, 0x01, 0xde, 0x7b, 0x65, 0x29, 0x01,
    0x01, 0xde, 0x83, 0x65, 0x29, 0x01, 0x01, 0x7c, 0x7b, 0x45, 0x29, 0x01, 0x01, 0x6c, 0x31, 0x82,
    0x10, 0x0f, 0x00, 0x00, 0x00, 0x00, 0x00, 0x01, 0x00, 0x42, 0x08, 0x00, 0x00, 0x01, 0x02, 0xb7,
    0x6a, 0x04, 0x21, 0x01, 0x02, 0x5d, 0x8b, 0x45, 0x29, 0x01, 0x02, 0x5b, 0x93, 0x45, 0x29, 0x01,
    0x02, 0x3a, 0x9b, 0x45, 0x29, 0x01, 0x02, 0x38, 0xa3, 0x45, 0x29, 0x01, 0x02, 0x17, 0xab, 0x45,
    0x29, 0x01, 0x02, 0xf5, 0xb2, 0x45, 0x29, 0x01, 0x02, 0xf3, 0xba, 0x45, 0x29, 0x01, 0x02, 0xd2,
    0xc2, 0x45, 0x29, 0x01, 0x02, 0xd0, 0xd2, 0x45, 0x29, 0x01, 0x02, 0xaf, 0xda, 0x45, 0x29, 0x01,
    0x02, 0x8d, 0xe2, 0x45, 0x29, 0x01, 0x02, 0x4a, 0xca, 0x24, 0x21, 0x01, 0x02, 0xa3, 0x40, 0x61,
    0x08, 0x03, 0x00, 0x00, 0x00, 0x00, 0x00, 0x01, 0x03, 0xcd, 0x31, 0xa2, 0x10, 0x01, 0x03, 0xde,
    0x7b, 0x65, 0x29, 0x01, 0x03, 0x9e, 0x83, 0x65, 0x29, 0x01, 0x03, 0x5d, 0x8b, 0x45, 0x29, 0x01,
    0x03, 0x3a, 0x9b, 0x45, 0x29, 0x01, 0x03, 0x17, 0xab, 0x45, 0x29, 0x01, 0x03, 0xf4, 0xba, 0x45,
    0x29, 0x01, 0x03, 0xf3, 0xc2, 0x45, 0x29, 0x01, 0x09, 0xf9, 0x93, 0x65, 0x29, 0x01, 0x09, 0x9f,
    0x6c, 0x86, 0x31, 0x01, 0x09, 0x7f, 0x6c, 0x65, 0x29, 0x01, 0x09, 0xde, 0x7b, 0x65, 0x29, 0x01,
    0x09, 0x38, 0xa3, 0x45, 0x29, 0x01, 0x09, 0x16, 0xb3, 0x45, 0x29, 0x03, 0x09, 0x17, 0xab, 0x45,
    0x29, 0x01, 0x09, 0x15, 0xb3, 0x45, 0x29, 0x01, 0x09, 0xf4, 0xba, 0x45, 0x29, 0x01, 0x09, 0x16,
    0xb3, 0x45, 0x29, 0x01, 0x09, 0x9c, 0x8b, 0x65, 0x29, 0x01, 0x09, 0x3d, 0x7c, 0x65, 0x29, 0x01,
    0x09, 0x5d, 0x74, 0x65, 0x29, 0x01, 0x09, 0xb8, 0x9b, 0x65, 0x29, 0x01, 0x06, 0xd2, 0xc2, 0x45,
    0x29, 0x01, 0x06, 0xf4, 0xba, 0x45, 0x29, 0x01, 0x06, 0x17, 0xab, 0x45, 0x29, 0x01, 0x06, 0x3a,
    0x9b, 0x45, 0x29, 0x01, 0x06, 0x5d, 0x8b, 0x45, 0x29, 0x01, 0x06, 0x9e, 0x83, 0x65, 0x29, 0x01,
    0x06, 0xde, 0x7b, 0x65, 0x29, 0x01, 0x06, 0xad, 0x31, 0x82, 0x10, 0x03, 0x00, 0x00, 0x00, 0x00,
    0x00, 0x01, 0x07, 0xa3, 0x40, 0x61, 0x08, 0x01, 0x07, 0x4a, 0xd2, 0x24, 0x21, 0x01, 0x07, 0x8d,
    0xe2, 0x45, 0x29, 0x01, 0x07, 0xaf, 0xda, 0x45, 0x29, 0x01, 0x07, 0xd0, 0xd2, 0x45, 0x29, 0x01,
    0x07, 0xd2, 0xc2, 0x45, 0x29, 0x01, 0x07, 0xf3, 0xba, 0x45, 0x29, 0x01, 0x07, 0xf5, 0xb2, 0x45,
    0x29, 0x01, 0x07, 0x17, 0xab, 0x45, 0x29, 0x01, 0x07, 0x38, 0xa3, 0x45, 0x29, 0x01, 0x07, 0x3a,
    0x9b, 0x45, 0x29, 0x01, 0x07, 0x5b, 0x93, 0x45, 0x29, 0x01, 0x07, 0x5d, 0x8b, 0x45, 0x29, 0x01,
    0x07, 0x96, 0x6a, 0x04, 0x21, 0x01, 0x00, 0x21, 0x08, 0x00, 0x00, 0x0f, 0x00, 0x00, 0x00, 0x00,
    0x00, 0x01, 0x08, 0x2a, 0x29, 0x61, 0x08, 0x01, 0x08, 0x7c, 0x7b, 0x45, 0x29, 0x01, 0x08, 0xde,
    0x83, 0x65, 0x29, 0x01, 0x08, 0xde, 0x7b, 0x65, 0x29, 0x01, 0x08, 0xfe, 0x7b, 0x65, 0x29, 0x01,
    0x08, 0x1e, 0x7c, 0x65, 0x29, 0x01, 0x08, 0x1e, 0x74, 0x65, 0x29, 0x01, 0x08, 0x3e, 0x74, 0x65,
    0x29, 0x01, 0x08, 0x5f, 0x74, 0x65, 0x29, 0x01, 0x08, 0x5f, 0x6c, 0x65, 0x29, 0x01, 0x08, 0x7f,
    0x6c, 0x65, 0x29, 0x01, 0x08, 0x9f, 0x6c, 0x86, 0x31, 0x01, 0x08, 0x9f, 0x64, 0x65, 0x29, 0x01,
    0x08, 0xab, 0x21, 0x82, 0x10, 0x19, 0x00, 0x00, 0x00, 0x00, 0x00, 0x58, 0x18, 0x00, 0x00, 0x00,
    0x00, 0x00, 0x01, 0x01, 0x48, 0x19, 0x61, 0x08, 0x01, 0x01, 0x9e, 0x64, 0x65, 0x29, 0x02, 0x01,
    0x9f, 0x6c, 0x86, 0x31, 0x01, 0x01, 0x7f, 0x6c, 0x65, 0x29, 0x01, 0x01, 0x5f, 0x6c, 0x65, 0x29,
    0x01, 0x01, 0x5f, 0x74, 0x65, 0x29, 0x01, 0x01, 0x3e, 0x74, 0x65, 0x29, 0x01, 0x01, 0x1e, 0x74,
    0x65, 0x29, 0x01, 0x01, 0x1e, 0x7c, 0x65, 0x29, 0x01, 0x01, 0xfe, 0x7b, 0x65, 0x29, 0x01, 0x01,
    0xde, 0x7b, 0x65, 0x29, 0x01, 0x01, 0xd6, 0x5a, 0x04, 0x21, 0x01, 0x00, 0x63, 0x08, 0x20, 0x00,
    0x0f, 0x00, 0x00, 0x00, 0x00, 0x00, 0x01, 0x00, 0x42, 0x08, 0x20, 0x00, 0x01, 0x02, 0xf8, 0x6a,
    0x24, 0x21, 0x01, 0x02, 0x7e, 0x8b, 0x65, 0x29, 0x01, 0x02, 0x5d, 0x8b, 0x45, 0x29, 0x01, 0x02,
    0x5b, 0x93, 0x45, 0x29, 0x01, 0x02, 0x3a, 0x9b, 0x45, 0x29, 0x01, 0x02, 0x38, 0xa3, 0x45, 0x29,
    0x01, 0x02, 0x17, 0xab, 0x45, 0x29, 0x01, 0x02, 0xf5, 0xb2, 0x45, 0x29, 0x01, 0x02, 0xf3, 0xba,
    0x45, 0x29, 0x01, 0x02, 0xd2, 0xc2, 0x45, 0x29, 0x01, 0x02, 0xd0, 0xd2, 0x45, 0x29, 0x01, 0x02,
    0xaf, 0xda, 0x45, 0x29, 0x01, 0x02, 0xea, 0xa1, 0xe3, 0x18, 0x01, 0x00, 0x21, 0x10, 0x00, 0x00,
    0x04, 0x00, 0x00, 0x00, 0x00, 0x00, 0x01, 0x03, 0x9a, 0x63, 0x45, 0x29, 0x01, 0x03, 0xde, 0x7b,
    0x65, 0x29, 0x01, 0x03, 0x9e, 0x83, 0x65, 0x29, 0x01, 0x03, 0x5d, 0x8b, 0x45, 0x29, 0x01, 0x03,
    0x3a, 0x9b, 0x45, 0x29, 0x01, 0x03, 0x17, 0xab, 0x45, 0x29, 0x01, 0x03, 0xf4, 0xba, 0x45, 0x29,
    0x01, 0x03, 0xd1, 0xca, 0x45, 0x29, 0x01, 0x03, 0x39, 0x8c, 0x65, 0x29, 0x02, 0x04, 0x1f, 0x5d,
    0x86, 0x31, 0x01, 0x04, 0x1e, 0x74, 0x65, 0x29, 0x01, 0x04, 0xaf, 0xd2, 0x45, 0x29, 0x03, 0x04,
    0x47, 0xfa, 0x45, 0x29, 0x03, 0x05, 0x47, 0xfa, 0x45, 0x29, 0x01, 0x05, 0xaf, 0xd2, 0x45, 0x29,
    0x01, 0x05, 0x1e, 0x74, 0x65, 0x29, 0x02, 0x05, 0x1f, 0x5d, 0x86, 0x31, 0x01, 0x06, 0x39, 0x8c,
    0x65, 0x29, 0x01, 0x06, 0xd1, 0xca, 0x45, 0x29, 0x01, 0x06, 0xf4, 0xba, 0x45, 0x29, 0x01, 0x06,
    0x17, 0xab, 0x45, 0x29, 0x01, 0x06, 0x3a, 0x9b, 0x45, 0x29, 0x01, 0x06, 0x5d, 0x8b, 0x45, 0x29,
    0x01, 0x06, 0x9e, 0x83, 0x65, 0x29, 0x01, 0x06, 0xde, 0x7b, 0x65, 0x29, 0x01, 0x06, 0x7a, 0x63,
    0x24, 0x21, 0x04, 0x00, 0x00, 0x00, 0x00, 0x00, 0x01, 0x00, 0x21, 0x10, 0x00, 0x00, 0x01, 0x07,
    0xea, 0xa1, 0xe3, 0x18, 0x01, 0x07, 0xaf, 0xda, 0x45, 0x29, 0x01, 0x07, 0xd0, 0xd2, 0x45, 0x29,
    0x01, 0x07, 0xd2, 0xc2, 0x45, 0x29, 0x01, 0x07, 0xf3, 0xba, 0x45, 0x29, 0x01, 0x07, 0xf5, 0xb2,
    0x45, 0x29, 0x01, 0x07, 0x17, 0xab, 0x45, 0x29, 0x01, 0x07, 0x38, 0xa3, 0x45, 0x29, 0x01, 0x07,
    0x3a, 0x9b, 0x45, 0x29, 0x01, 0x07, 0x5b, 0x93, 0x45, 0x29, 0x01, 0x07, 0x5d, 0x8b, 0x45, 0x29,
    0x01, 0x07, 0x7e, 0x8b, 0x65, 0x29, 0x01, 0x07, 0xf9, 0x6a, 0x24, 0x21, 0x01, 0x00, 0x63, 0x08,
    0x20, 0x00, 0x0f, 0x00, 0x00, 0x00, 0x00, 0x00, 0x01, 0x00, 0x63, 0x08, 0x20, 0x00, 0x01, 0x08,
    0xd6, 0x5a, 0x04, 0x21, 0x01, 0x08, 0xde, 0x7b, 0x65, 0x29, 0x01, 0x08, 0xfe, 0x7b, 0x65, 0x29,
    0x01, 0x08, 0x1e, 0x7c, 0x65, 0x29, 0x01, 0x08, 0x1e, 0x74, 0x65, 0x29, 0x01, 0x08, 0x3e, 0x74,
    0x65, 0x29, 0x01, 0x08, 0x5f, 0x74, 0x65, 0x29, 0x01, 0x08, 0x5f, 0x6c, 0x65, 0x29, 0x01, 0x08,
    0x7f, 0x6c, 0x65, 0x29, 0x02, 0x08, 0x9f, 0x6c, 0x86, 0x31, 0x01, 0x08, 0x9e, 0x64, 0x65, 0x29,
    0x01, 0x08, 0x48, 0x19, 0x61, 0x08, 0x18, 0x00, 0x00, 0x00, 0x00, 0x00, 0x56, 0x17, 0x00, 0x00,
    0x00, 0x00, 0x00, 0x01, 0x00, 0xa4, 0x08, 0x20, 0x00, 0x01, 0x01, 0x7d, 0x5c, 0x65, 0x29, 0x01,
    0x01, 0xbf, 0x64, 0x86, 0x31, 0x02, 0x01, 0x9f, 0x6c, 0x86, 0x31, 0x01, 0x01, 0x7f, 0x6c, 0x65,
    0x29, 0x01, 0x01, 0x5f, 0x6c, 0x65, 0x29, 0x01, 0x01, 0x5f, 0x74, 0x65, 0x29, 0x01, 0x01, 0x3e,
    0x74, 0x65, 0x29, 0x01, 0x01, 0x1e, 0x74, 0x65, 0x29, 0x01, 0x01, 0x1e, 0x7c, 0x65, 0x29, 0x01,
    0x01, 0xfe, 0x7b, 0x65, 0x29, 0x01, 0x01, 0x52, 0x4a, 0xc3, 0x18, 0x10, 0x00, 0x00, 0x00, 0x00,
    0x00, 0x01, 0x00, 0x83, 0x10, 0x20, 0x00, 0x01, 0x02, 0x5a, 0x73, 0x24, 0x21, 0x01, 0x02, 0x9e,
    0x83, 0x65, 0x29, 0x01, 0x02, 0x7e, 0x8b, 0x65, 0x29, 0x01, 0x02, 0x5d, 0x8b, 0x45, 0x29, 0x01,
    0x02, 0x5b, 0x93, 0x45, 0x29, 0x01, 0x02, 0x3a, 0x9b, 0x45, 0x29, 0x01, 0x02, 0x38, 0xa3, 0x45,
    0x29, 0x01, 0x02, 0x17, 0xab, 0x45, 0x29, 0x01, 0x02, 0xf5, 0xb2, 0x45, 0x29, 0x01, 0x02, 0xf3,
    0xba, 0x45, 0x29, 0x01, 0x02, 0xd2, 0xc2, 0x45, 0x29, 0x01, 0x02, 0xb0, 0xca, 0x45, 0x29, 0x01,
    0x02, 0x68, 0x71, 0xa2, 0x10, 0x05, 0x00, 0x00, 0x00, 0x00, 0x00, 0x01, 0x03, 0x28, 0x19, 0x61,
    0x08, 0x01, 0x03, 0x1e, 0x74, 0x65, 0x29, 0x01, 0x03, 0xde, 0x7b, 0x65, 0x29, 0x01, 0x03, 0x9e,
    0x83, 0x65, 0x29, 0x01, 0x03, 0x5d, 0x8b, 0x45, 0x29, 0x01, 0x03, 0x3a, 0x9b, 0x45, 0x29, 0x01,
    0x03, 0x17, 0xab, 0x45, 0x29, 0x01, 0x03, 0xf4, 0xba, 0x45, 0x29, 0x01, 0x03, 0xd1, 0xca, 0x45,
    0x29, 0x01, 0x04, 0x3a, 0x6c, 0x65, 0x29, 0x02, 0x04, 0x1f, 0x5d, 0x86, 0x31, 0x01, 0x04, 0x1e,
    0x74, 0x65, 0x29, 0x01, 0x04, 0xaf, 0xd2, 0x45, 0x29, 0x03, 0x04, 0x47, 0xfa, 0x45, 0x29, 0x03,
    0x05, 0x47, 0xfa, 0x45, 0x29, 0x01, 0x05, 0xaf, 0xd2, 0x45, 0x29, 0x01, 0x05, 0x1e, 0x74, 0x65,
    0x29, 0x02, 0x05, 0x1f, 0x5d, 0x86, 0x31, 0x01, 0x05, 0x39, 0x6c, 0x65, 0x29, 0x01, 0x06, 0xd1,
    0xca, 0x45, 0x29, 0x01, 0x06, 0xf4, 0xba, 0x45, 0x29, 0x01, 0x06, 0x17, 0xab, 0x45, 0x29, 0x01,
    0x06, 0x3a, 0x9b, 0x45, 0x29, 0x01, 0x06, 0x5d, 0x8b, 0x45, 0x29, 0x01, 0x06, 0x9e, 0x83, 0x65,
    0x29, 0x01, 0x06, 0xde, 0x7b, 0x65, 0x29, 0x01, 0x06, 0x1e, 0x74, 0x65, 0x29, 0x01, 0x06, 0x28,
    0x19, 0x61, 0x08, 0x05, 0x00, 0x00, 0x00, 0x00, 0x00, 0x01, 0x07, 0x68, 0x71, 0xa2, 0x10, 0x01,
    0x07, 0xb0, 0xca, 0x45, 0x29, 0x01, 0x07, 0xd2, 0xc2, 0x45, 0x29, 0x01, 0x07, 0xf3, 0xba, 0x45,
    0x29, 0x01, 0x07, 0xf5, 0xb2, 0x45, 0x29, 0x01, 0x07, 0x17, 0xab, 0x45, 0x29, 0x01, 0x07, 0x38,
    0xa3, 0x45, 0x29, 0x01, 0x07, 0x3a, 0x9b, 0x45, 0x29, 0x01, 0x07, 0x5b, 0x93, 0x45, 0x29, 0x01,
    0x07, 0x5d, 0x8b, 0x45, 0x29, 0x01, 0x07, 0x7e, 0x8b, 0x65, 0x29, 0x01, 0x07, 0x9e, 0x83, 0x65,
    0x29, 0x01, 0x07, 0x3a, 0x6b, 0x24, 0x21, 0x01, 0x00, 0x63, 0x08, 0x20, 0x00, 0x10, 0x00, 0x00,
    0x00, 0x00, 0x00, 0x01, 0x08, 0x10, 0x42, 0xc3, 0x18, 0x01, 0x08, 0xfe, 0x7b, 0x65, 0x29, 0x01,
    0x08, 0x1e, 0x7c, 0x65, 0x29, 0x01, 0x08, 0x1e, 0x74, 0x65, 0x29, 0x01, 0x08, 0x3e, 0x74, 0x65,
    0x29, 0x01, 0x08, 0x5f, 0x74, 0x65, 0x29, 0x01, 0x08, 0x5f, 0x6c, 0x65, 0x29, 0x01, 0x08, 0x7f,
    0x6c, 0x65, 0x29, 0x02, 0x08, 0x9f, 0x6c, 0x86, 0x31, 0x01, 0x08, 0xbf, 0x64, 0x86, 0x31, 0x01,
    0x08, 0x9e, 0x5c, 0x65, 0x29, 0x01, 0x08, 0xc5, 0x10, 0x20, 0x00, 0x17, 0x00, 0x00, 0x00, 0x00,
    0x00, 0x56, 0x16, 0x00, 0x00, 0x00, 0x00, 0x00, 0x01, 0x00, 0x21, 0x00, 0x00, 0x00, 0x01, 0x01,
    0xfa, 0x53, 0x45, 0x29, 0x01, 0x01, 0xdf, 0x64, 0x86, 0x31, 0x01, 0x01, 0xbf, 0x64, 0x86, 0x31,
    0x02, 0x01, 0x9f, 0x6c, 0x86, 0x31, 0x01, 0x01, 0x7f, 0x6c, 0x65, 0x29, 0x01, 0x01, 0x5f, 0x6c,
    0x65, 0x29, 0x01, 0x01, 0x5f, 0x74, 0x65, 0x29, 0x01, 0x01, 0x3e, 0x74, 0x65, 0x29, 0x01, 0x01,
    0x1e, 0x74, 0x65, 0x29, 0x01, 0x01, 0xfe, 0x73, 0x65, 0x29, 0x01, 0x01, 0x6b, 0x29, 0x82, 0x10,
    0x10, 0x00, 0x00, 0x00, 0x00, 0x00, 0x01, 0x00, 0x63, 0x08, 0x20, 0x00, 0x01, 0x02, 0x5a, 0x6b,
    0x24, 0x21, 0x01, 0x02, 0xbe, 0x83, 0x65, 0x29, 0x01, 0x02, 0x9e, 0x83, 0x65, 0x29, 0x01, 0x02,
    0x7e, 0x8b, 0x65, 0x29, 0x01, 0x02, 0x5d, 0x8b, 0x45, 0x29, 0x01, 0x02, 0x5b, 0x93, 0x45, 0x29,
    0x01, 0x02, 0x3a, 0x9b, 0x45, 0x29, 0x01, 0x02, 0x38, 0xa3, 0x45, 0x29, 0x01, 0x02, 0x17, 0xab,
    0x45, 0x29, 0x01, 0x02, 0xf5, 0xb2, 0x45, 0x29, 0x01, 0x02, 0xf3, 0xba, 0x45, 0x29, 0x01, 0x02,
    0xb1, 0xba, 0x45, 0x29, 0x01, 0x02, 0xe5, 0x40, 0x61, 0x08, 0x06, 0x00, 0x00, 0x00, 0x00, 0x00,
    0x01, 0x03, 0xf5, 0x4a, 0x04, 0x21, 0x01, 0x03, 0x1e, 0x74, 0x65, 0x29, 0x01, 0x03, 0xde, 0x7b,
    0x65, 0x29, 0x01, 0x03, 0x9e, 0x83, 0x65, 0x29, 0x01, 0x03, 0x5d, 0x8b, 0x45, 0x29, 0x01, 0x03,
    0x3a, 0x9b, 0x45, 0x29, 0x01, 0x03, 0x17, 0xab, 0x45, 0x29, 0x01, 0x03, 0xf4, 0xba, 0x45, 0x29,
    0x01, 0x03, 0xd1, 0xca, 0x45, 0x29, 0x01, 0x04, 0x5a, 0x54, 0x45, 0x29, 0x02, 0x04, 0x1f, 0x5d,
    0x86, 0x31, 0x01, 0x04, 0x1e, 0x74, 0x65, 0x29, 0x01, 0x04, 0xaf, 0xd2, 0x45, 0x29, 0x03, 0x04,
    0x47, 0xfa, 0x45, 0x29, 0x03, 0x05, 0x47, 0xfa, 0x45, 0x29, 0x01, 0x05, 0xaf, 0xd2, 0x45, 0x29,
    0x01, 0x05, 0x1e, 0x74, 0x65, 0x29, 0x02, 0x05, 0x1f, 0x5d, 0x86, 0x31, 0x01, 0x05, 0x5a, 0x54,
    0x45, 0x29, 0x01, 0x06, 0xd1, 0xca, 0x45, 0x29, 0x01, 0x06, 0xf4, 0xba, 0x45, 0x29, 0x01, 0x06,
    0x17, 0xab, 0x45, 0x29, 0x01, 0x06, 0x3a, 0x9b, 0x45, 0x29, 0x01, 0x06, 0x5d, 0x8b, 0x45, 0x29,
    0x01, 0x06, 0x9e, 0x83, 0x65, 0x29, 0x01, 0x06, 0xde, 0x7b, 0x65, 0x29, 0x01, 0x06, 0x1e, 0x74,
    0x65, 0x29, 0x01, 0x06, 0xf5, 0x4a, 0x04, 0x21, 0x06, 0x00, 0x00, 0x00, 0x00, 0x00, 0x01, 0x07,
    0xc4, 0x38, 0x61, 0x08, 0x01, 0x07, 0xb1, 0xba, 0x45, 0x29, 0x01, 0x07, 0xf3, 0xba, 0x45, 0x29,
    0x01, 0x07, 0xf5, 0xb2, 0x45, 0x29, 0x01, 0x07, 0x17, 0xab, 0x45, 0x29, 0x01, 0x07, 0x38, 0xa3,
    0x45, 0x29, 0x01, 0x07, 0x3a, 0x9b, 0x45, 0x29, 0x01, 0x07, 0x5b, 0x93, 0x45, 0x29, 0x01, 0x07,
    0x5d, 0x8b, 0x45, 0x29, 0x01, 0x07, 0x7e, 0x8b, 0x65, 0x29, 0x01, 0x07, 0x9e, 0x83, 0x65, 0x29,
    0x01, 0x07, 0xbe, 0x83, 0x65, 0x29, 0x01, 0x07, 0x5a, 0x6b, 0x24, 0x21, 0x01, 0x00, 0x63, 0x08,
    0x20, 0x00, 0x10, 0x00, 0x00, 0x00, 0x00, 0x00, 0x01, 0x08, 0x6b, 0x29, 0x82, 0x10, 0x01, 0x08,
    0xfe, 0x73, 0x65, 0x29, 0x01, 0x08, 0x1e, 0x74, 0x65, 0x29, 0x01, 0x08, 0x3e, 0x74, 0x65, 0x29,
    0x01, 0x08, 0x5f, 0x74, 0x65, 0x29, 0x01, 0x08, 0x5f, 0x6c, 0x65, 0x29, 0x01, 0x08, 0x7f, 0x6c,
    0x65, 0x29, 0x02, 0x08, 0x9f, 0x6c, 0x86, 0x31, 0x01, 0x08, 0xbf, 0x64, 0x86, 0x31, 0x01, 0x08,
    0xdf, 0x64, 0x86, 0x31, 0x01, 0x08, 0xf9, 0x53, 0x45, 0x29, 0x01, 0x00, 0x21, 0x00, 0x00, 0x00,
    0x16, 0x00, 0x00, 0x00, 0x00, 0x00, 0x54, 0x16, 0x00, 0x00, 0x00, 0x00, 0x00, 0x01, 0x01, 0x13,
    0x3b, 0xe3, 0x18, 0x02, 0x01, 0xdf, 0x64, 0x86, 0x31, 0x01, 0x01, 0xbf, 0x64, 0x86, 0x31, 0x02,
    0x01, 0x9f, 0x6c, 0x86, 0x31, 0x01, 0x01, 0x7f, 0x6c, 0x65, 0x29, 0x01, 0x01, 0x5f, 0x6c, 0x65,
    0x29, 0x01, 0x01, 0x5f, 0x74, 0x65, 0x29, 0x01, 0x01, 0x3e, 0x74, 0x65, 0x29, 0x01, 0x01, 0xfd,
    0x73, 0x65, 0x29, 0x01, 0x01, 0x28, 0x21, 0x61, 0x08, 0x10, 0x00, 0x00, 0x00, 0x00, 0x00, 0x01,
    0x00, 0x42, 0x08, 0x00, 0x00, 0x01, 0x02, 0x59, 0x63, 0x24, 0x21, 0x01, 0x02, 0xde, 0x7b, 0x65,
    0x29, 0x01, 0x02, 0xbe, 0x83, 0x65, 0x29, 0x01, 0x02, 0x9e, 0x83, 0x65, 0x29, 0x01, 0x02, 0x7e,
    0x8b, 0x65, 0x29, 0x01, 0x02, 0x5d, 0x8b, 0x45, 0x29, 0x01, 0x02, 0x5b, 0x93, 0x45, 0x29, 0x01,
    0x02, 0x3a, 0x9b, 0x45, 0x29, 0x01, 0x02, 0x38, 0xa3, 0x45, 0x29, 0x01, 0x02, 0x17, 0xab, 0x45,
    0x29, 0x01, 0x02, 0xf5, 0xb2, 0x45, 0x29, 0x01, 0x02, 0x70, 0xa2, 0x24, 0x21, 0x01, 0x00, 0x62,
    0x18, 0x20, 0x00, 0x06, 0x00, 0x00, 0x00, 0x00, 0x00, 0x01, 0x00, 0x83, 0x08, 0x20, 0x00, 0x01,
    0x03, 0x5e, 0x6c, 0x65, 0x29, 0x01, 0x03, 0x1e, 0x74, 0x65, 0x29, 0x01, 0x03, 0xde, 0x7b, 0x65,
    0x29, 0x01, 0x03, 0x9e, 0x83, 0x65, 0x29, 0x01, 0x03, 0x5d, 0x8b, 0x45, 0x29, 0x01, 0x03, 0x3a,
    0x9b, 0x45, 0x29, 0x01, 0x03, 0x17, 0xab, 0x45, 0x29, 0x01, 0x03, 0xf4, 0xba, 0x45, 0x29, 0x01,
    0x03, 0x2d, 0x9a, 0x04, 0x21, 0x01, 0x04, 0xbd, 0x54, 0x65, 0x29, 0x02, 0x04, 0x1f, 0x5d, 0x86,
    0x31, 0x01, 0x04, 0x1e, 0x74, 0x65, 0x29, 0x01, 0x04, 0xaf, 0xd2, 0x45, 0x29, 0x03, 0x04, 0x47,
    0xfa, 0x45, 0x29, 0x03, 0x05, 0x47, 0xfa, 0x45, 0x29, 0x01, 0x05, 0xaf, 0xd2, 0x45, 0x29, 0x01,
    0x05, 0x1e, 0x74, 0x65, 0x29, 0x02, 0x05, 0x1f, 0x5d, 0x86, 0x31, 0x01, 0x05, 0xbd, 0x54, 0x65,
    0x29, 0x01, 0x06, 0x2e, 0xa2, 0x04, 0x21, 0x01, 0x06, 0xf4, 0xba, 0x45, 0x29, 0x01, 0x06, 0x17,
    0xab, 0x45, 0x29, 0x01, 0x06, 0x3a, 0x9b, 0x45, 0x29, 0x01, 0x06, 0x5d, 0x8b, 0x45, 0x29, 0x01,
    0x06, 0x9e, 0x83, 0x65, 0x29, 0x01, 0x06, 0xde, 0x7b, 0x65, 0x29, 0x01, 0x06, 0x1e, 0x74, 0x65,
    0x29, 0x01, 0x06, 0x3e, 0x6c, 0x65, 0x29, 0x01, 0x00, 0x63, 0x08, 0x20, 0x00, 0x06, 0x00, 0x00,
    0x00, 0x00, 0x00, 0x01, 0x00, 0x62, 0x18, 0x20, 0x00, 0x01, 0x07, 0x70, 0xa2, 0x24, 0x21, 0x01,
    0x07, 0xf5, 0xb2, 0x45, 0x29, 0x01, 0x07, 0x17, 0xab, 0x45, 0x29, 0x01, 0x07, 0x38, 0xa3, 0x45,
    0x29, 0x01, 0x07, 0x3a, 0x9b, 0x45, 0x29, 0x01, 0x07, 0x5b, 0x93, 0x45, 0x29, 0x01, 0x07, 0x5d,
    0x8b, 0x45, 0x29, 0x01, 0x07, 0x7e, 0x8b, 0x65, 0x29, 0x01, 0x07, 0x9e, 0x83, 0x65, 0x29, 0x01,
    0x07, 0xbe, 0x83, 0x65, 0x29, 0x01, 0x07, 0xde, 0x7b, 0x65, 0x29, 0x01, 0x07, 0x59, 0x63, 0x24,
    0x21, 0x01, 0x00, 0x42, 0x08, 0x00, 0x00, 0x10, 0x00, 0x00, 0x00, 0x00, 0x00, 0x01, 0x08, 0x29,
    0x21, 0x61, 0x08, 0x01, 0x08, 0xfd, 0x73, 0x65, 0x29, 0x01, 0x08, 0x3e, 0x74, 0x65, 0x29, 0x01,
    0x08, 0x5f, 0x74, 0x65, 0x29, 0x01, 0x08, 0x5f, 0x6c, 0x65, 0x29, 0x01, 0x08, 0x7f, 0x6c, 0x65,
    0x29, 0x02, 0x08, 0x9f, 0x6c, 0x86, 0x31, 0x01, 0x08, 0xbf, 0x64, 0x86, 0x31, 0x02, 0x08, 0xdf,
    0x64, 0x86, 0x31, 0x01, 0x08, 0x13, 0x3b, 0xe3, 0x18, 0x16, 0x00, 0x00, 0x00, 0x00, 0x00, 0x52,
    0x15, 0x00, 0x00, 0x00, 0x00, 0x00, 0x01, 0x01, 0x69, 0x19, 0x61, 0x08, 0x01, 0x01, 0xff, 0x5c,
    0x86, 0x31, 0x02, 0x01, 0xdf, 0x64, 0x86, 0x31, 0x01, 0x01, 0xbf, 0x64, 0x86, 0x31, 0x02, 0x01,
    0x9f, 0x6c, 0x86, 0x31, 0x01, 0x01, 0x7f, 0x6c, 0x65, 0x29, 0x01, 0x01, 0x5f, 0x6c, 0x65, 0x29,
    0x01, 0x01, 0x5f, 0x74, 0x65, 0x29, 0x01, 0x01, 0x1d, 0x74, 0x65, 0x29, 0x01, 0x01, 0x07, 0x19,
    0x41, 0x08, 0x10, 0x00, 0x00, 0x00, 0x00, 0x00, 0x01, 0x00, 0x21, 0x00, 0x00, 0x00, 0x01, 0x02,
    0x37, 0x5b, 0x04, 0x21, 0x01, 0x02, 0xfe, 0x7b, 0x65, 0x29, 0x01, 0x02, 0xde, 0x7b, 0x65, 0x29,
    0x01, 0x02, 0xbe, 0x83, 0x65, 0x29, 0x01, 0x02, 0x9e, 0x83, 0x65, 0x29, 0x01, 0x02, 0x7e, 0x8b,
    0x65, 0x29, 0x01, 0x02, 0x5d, 0x8b, 0x45, 0x29, 0x01, 0x02, 0x5b, 0x93, 0x45, 0x29, 0x01, 0x02,
    0x3a, 0x9b, 0x45, 0x29, 0x01, 0x02, 0x38, 0xa3, 0x45, 0x29, 0x01, 0x02, 0x17, 0xab, 0x45, 0x29,
    0x01, 0x02, 0x51, 0x92, 0x04, 0x21, 0x01, 0x00, 0x41, 0x08, 0x00, 0x00, 0x07, 0x00, 0x00, 0x00,
    0x00, 0x00, 0x01, 0x03, 0x4f, 0x32, 0xc3, 0x18, 0x01, 0x03, 0x5f, 0x74, 0x65, 0x29, 0x01, 0x03,
    0x1e, 0x74, 0x65, 0x29, 0x01, 0x03, 0xde, 0x7b, 0x65, 0x29, 0x01, 0x03, 0x9e, 0x83, 0x65, 0x29,
    0x01, 0x03, 0x5d, 0x8b, 0x45, 0x29, 0x01, 0x03, 0x3a, 0x9b, 0x45, 0x29, 0x01, 0x03, 0x17, 0xab,
    0x45, 0x29, 0x01, 0x03, 0xf4, 0xba, 0x45, 0x29, 0x01, 0x03, 0x06, 0x49, 0x82, 0x10, 0x03, 0x04,
    0x1f, 0x5d, 0x86, 0x31, 0x01, 0x04, 0x1e, 0x74, 0x65, 0x29, 0x01, 0x04, 0xaf, 0xd2, 0x45, 0x29,
    0x03, 0x04, 0x47, 0xfa, 0x45, 0x29, 0x03, 0x05, 0x47, 0xfa, 0x45, 0x29, 0x01, 0x05, 0xaf, 0xd2,
    0x45, 0x29, 0x01, 0x05, 0x1e, 0x74, 0x65, 0x29, 0x03, 0x05, 0x1f, 0x5d, 0x86, 0x31, 0x01, 0x06,
    0x27, 0x49, 0x82, 0x10, 0x01, 0x06, 0xf4, 0xba, 0x45, 0x29, 0x01, 0x06, 0x17, 0xab, 0x45, 0x29,
    0x01, 0x06, 0x3a, 0x9b, 0x45, 0x29, 0x01, 0x06, 0x5d, 0x8b, 0x45, 0x29, 0x01, 0x06, 0x9e, 0x83,
    0x65, 0x29, 0x01, 0x06, 0xde, 0x7b, 0x65, 0x29, 0x01, 0x06, 0x1e, 0x74, 0x65, 0x29, 0x01, 0x06,
    0x5f, 0x74, 0x65, 0x29, 0x01, 0x06, 0x4f, 0x32, 0xc3, 0x18, 0x07, 0x00, 0x00, 0x00, 0x00, 0x00,
    0x01, 0x00, 0x21, 0x08, 0x00, 0x00, 0x01, 0x07, 0x50, 0x8a, 0x04, 0x21, 0x01, 0x07, 0x17, 0xab,
    0x45, 0x29, 0x01, 0x07, 0x38, 0xa3, 0x45, 0x29, 0x01, 0x07, 0x3a, 0x9b, 0x45, 0x29, 0x01, 0x07,
    0x5b, 0x93, 0x45, 0x29, 0x01, 0x07, 0x5d, 0x8b, 0x45, 0x29, 0x01, 0x07, 0x7e, 0x8b, 0x65, 0x29,
    0x01, 0x07, 0x9e, 0x83, 0x65, 0x29, 0x01, 0x07, 0xbe, 0x83, 0x65, 0x29, 0x01, 0x07, 0xde, 0x7b,
    0x65, 0x29, 0x01, 0x07, 0xfe, 0x7b, 0x65, 0x29, 0x01, 0x07, 0x38, 0x5b, 0x24, 0x21, 0x01, 0x00,
    0x21, 0x00, 0x00, 0x00, 0x10, 0x00, 0x00, 0x00, 0x00, 0x00, 0x01, 0x08, 0x07, 0x19, 0x41, 0x08,
    0x01, 0x08, 0x1d, 0x74, 0x65, 0x29, 0x01, 0x08, 0x5f, 0x74, 0x65, 0x29, 0x01, 0x08, 0x5f, 0x6c,
    0x65, 0x29, 0x01, 0x08, 0x7f, 0x6c, 0x65, 0x29, 0x02, 0x08, 0x9f, 0x6c, 0x86, 0x31, 0x01, 0x08,
    0xbf, 0x64, 0x86, 0x31, 0x02, 0x08, 0xdf, 0x64, 0x86, 0x31, 0x01, 0x08, 0xff, 0x5c, 0x86, 0x31,
    0x01, 0x08, 0x68, 0x19, 0x61, 0x08, 0x15, 0x00, 0x00, 0x00, 0x00, 0x00, 0x50, 0x14, 0x00, 0x00,
    0x00, 0x00, 0x00, 0x01, 0x00, 0x21, 0x00, 0x00, 0x00, 0x01, 0x01, 0x5b, 0x54, 0x45, 0x29, 0x01,
    0x01, 0xff, 0x5c, 0x86, 0x31, 0x02, 0x01, 0xdf, 0x64, 0x86, 0x31, 0x01, 0x01, 0xbf, 0x64, 0x86,
    0x31, 0x02, 0x01, 0x9f, 0x6c, 0x86, 0x31, 0x01, 0x01, 0x7f, 0x6c, 0x65, 0x29, 0x01, 0x01, 0x5f,
    0x6c, 0x65, 0x29, 0x01, 0x01, 0x3e, 0x74, 0x65, 0x29, 0x01, 0x01, 0x4a, 0x21, 0x61, 0x08, 0x11,
    0x00, 0x00, 0x00, 0x00, 0x00, 0x01, 0x02, 0xb3, 0x4a, 0xe3, 0x18, 0x01, 0x02, 0x1e, 0x74, 0x65,
    0x29, 0x01, 0x02, 0xfe, 0x7b, 0x65, 0x29, 0x01, 0x02, 0xde, 0x7b, 0x65, 0x29, 0x01, 0x02, 0xbe,
    0x83, 0x65, 0x29, 0x01, 0x02, 0x9e, 0x83, 0x65, 0x29, 0x01, 0x02, 0x7e, 0x8b, 0x65, 0x29, 0x01,
    0x02, 0x5d, 0x8b, 0x45, 0x29, 0x01, 0x02, 0x5b, 0x93, 0x45, 0x29, 0x01, 0x02, 0x3a, 0x9b, 0x45,
    0x29, 0x01, 0x02, 0x38, 0xa3, 0x45, 0x29, 0x01, 0x02, 0x51, 0x82, 0x04, 0x21, 0x01, 0x00, 0x21,
    0x08, 0x00, 0x00, 0x08, 0x00, 0x00, 0x00, 0x00, 0x00, 0x01, 0x03, 0x1c, 0x5c, 0x45, 0x29, 0x01,
    0x03, 0x5f, 0x74, 0x65, 0x29, 0x01, 0x03, 0x1e, 0x74, 0x65, 0x29, 0x01, 0x03, 0xde, 0x7b, 0x65,
    0x29, 0x01, 0x03, 0x9e, 0x83, 0x65, 0x29, 0x01, 0x03, 0x5d, 0x8b, 0x45, 0x29, 0x01, 0x03, 0x3a,
    0x9b, 0x45, 0x29, 0x01, 0x03, 0x17, 0xab, 0x45, 0x29, 0x01, 0x03, 0xb3, 0xaa, 0x24, 0x21, 0x01,
    0x00, 0xa4, 0x08, 0x20, 0x00, 0x03, 0x04, 0x1f, 0x5d, 0x86, 0x31, 0x01, 0x04, 0x1e, 0x74, 0x65,
    0x29, 0x01, 0x04, 0xaf, 0xd2, 0x45, 0x29, 0x03, 0x04, 0x47, 0xfa, 0x45, 0x29, 0x03, 0x05, 0x47,
    0xfa, 0x45, 0x29, 0x01, 0x05, 0xaf, 0xd2, 0x45, 0x29, 0x01, 0x05, 0x1e, 0x74, 0x65, 0x29, 0x03,
    0x05, 0x1f, 0x5d, 0x86, 0x31, 0x01, 0x00, 0xa3, 0x10, 0x20, 0x00, 0x01, 0x06, 0xb3, 0xaa, 0x45,
    0x29, 0x01, 0x06, 0x17, 0xab, 0x45, 0x29, 0x01, 0x06, 0x3a, 0x9b, 0x45, 0x29, 0x01, 0x06, 0x5d,
    0x8b, 0x45, 0x29, 0x01, 0x06, 0x9e, 0x83, 0x65, 0x29, 0x01, 0x06, 0xde, 0x7b, 0x65, 0x29, 0x01,
    0x06, 0x1e, 0x74, 0x65, 0x29, 0x01, 0x06, 0x5f, 0x74, 0x65, 0x29, 0x01, 0x06, 0x1b, 0x5c, 0x45,
    0x29, 0x08, 0x00, 0x00, 0x00, 0x00, 0x00, 0x01, 0x00, 0x21, 0x08, 0x00, 0x00, 0x01, 0x07, 0x30,
    0x7a, 0xe3, 0x18, 0x01, 0x07, 0x38, 0xa3, 0x45, 0x29, 0x01, 0x07, 0x3a, 0x9b, 0x45, 0x29, 0x01,
    0x07, 0x5b, 0x93, 0x45, 0x29, 0x01, 0x07, 0x5d, 0x8b, 0x45, 0x29, 0x01, 0x07, 0x7e, 0x8b, 0x65,
    0x29, 0x01, 0x07, 0x9e, 0x83, 0x65, 0x29, 0x01, 0x07, 0xbe, 0x83, 0x65, 0x29, 0x01, 0x07, 0xde,
    0x7b, 0x65, 0x29, 0x01, 0x07, 0xfe, 0x7b, 0x65, 0x29, 0x01, 0x07, 0x1e, 0x74, 0x65, 0x29, 0x01,
    0x07, 0xd4, 0x4a, 0xe3, 0x18, 0x11, 0x00, 0x00, 0x00, 0x00, 0x00, 0x01, 0x08, 0x49, 0x21, 0x61,
    0x08, 0x01, 0x08, 0x3e, 0x74, 0x65, 0x29, 0x01, 0x08, 0x5f, 0x6c, 0x65, 0x29, 0x01, 0x08, 0x7f,
    0x6c, 0x65, 0x29, 0x02, 0x08, 0x9f, 0x6c, 0x86, 0x31, 0x01, 0x08, 0xbf, 0x64, 0x86, 0x31, 0x02,
    0x08, 0xdf, 0x64, 0x86, 0x31, 0x01, 0x08, 0xff, 0x5c, 0x86, 0x31, 0x01, 0x08, 0x7b, 0x54, 0x45,
    0x29, 0x01, 0x00, 0x41, 0x00, 0x00, 0x00, 0x14, 0x00, 0x00, 0x00, 0x00, 0x00, 0x4e, 0x14, 0x00,
    0x00, 0x00, 0x00, 0x00, 0x01, 0x01, 0xb1, 0x2a, 0xc3, 0x18, 0x01, 0x01, 0x1f, 0x5d, 0x86, 0x31,
    0x01, 0x01, 0xff, 0x5c, 0x86, 0x31, 0x02, 0x01, 0xdf, 0x64, 0x86, 0x31, 0x01, 0x01, 0xbf, 0x64,
    0x86, 0x31, 0x02, 0x01, 0x9f, 0x6c, 0x86, 0x31, 0x01, 0x01, 0x7f, 0x6c, 0x65, 0x29, 0x01, 0x01,
    0x5f, 0x6c, 0x65, 0x29, 0x01, 0x01, 0xcd, 0x31, 0xa2, 0x10, 0x11, 0x00, 0x00, 0x00, 0x00, 0x00,
    0x01, 0x02, 0x2f, 0x32, 0xa2, 0x10, 0x01, 0x02, 0x3f, 0x74, 0x65, 0x29, 0x01, 0x02, 0x1e, 0x74,
    0x65, 0x29, 0x01, 0x02, 0xfe, 0x7b, 0x65, 0x29, 0x01, 0x02, 0xde, 0x7b, 0x65, 0x29, 0x01, 0x02,
    0xbe, 0x83, 0x65, 0x29, 0x01, 0x02, 0x9e, 0x83, 0x65, 0x29, 0x01, 0x02, 0x7e, 0x8b, 0x65, 0x29,
    0x01, 0x02, 0x5d, 0x8b, 0x45, 0x29, 0x01, 0x02, 0x5b, 0x93, 0x45, 0x29, 0x01, 0x02, 0x3a, 0x9b,
    0x45, 0x29, 0x01, 0x02, 0x10, 0x6a, 0xe3, 0x18, 0x09, 0x00, 0x00, 0x00, 0x00, 0x00, 0x01, 0x03,
    0x69, 0x19, 0x61, 0x08, 0x01, 0x03, 0x9f, 0x6c, 0x86, 0x31, 0x01, 0x03, 0x5f, 0x74, 0x65, 0x29,
    0x01, 0x03, 0x1e, 0x74, 0x65, 0x29, 0x01, 0x03, 0xde, 0x7b, 0x65, 0x29, 0x01, 0x03, 0x9e, 0x83,
    0x65, 0x29, 0x01, 0x03, 0x5d, 0x8b, 0x45, 0x29, 0x01, 0x03, 0x3a, 0x9b, 0x45, 0x29, 0x01, 0x03,
    0x17, 0xab, 0x45, 0x29, 0x01, 0x03, 0xab, 0x61, 0xa2, 0x10, 0x01, 0x04, 0x06, 0x11, 0x41, 0x08,
    0x03, 0x04, 0x1f, 0x5d, 0x86, 0x31, 0x01, 0x04, 0x1e, 0x74, 0x65, 0x29, 0x01, 0x04, 0xaf, 0xd2,
    0x45, 0x29, 0x03, 0x04, 0x47, 0xfa, 0x45, 0x29, 0x03, 0x05, 0x47, 0xfa, 0x45, 0x29, 0x01, 0x05,
    0xaf, 0xd2, 0x45, 0x29, 0x01, 0x05, 0x1e, 0x74, 0x65, 0x29, 0x03, 0x05, 0x1f, 0x5d, 0x86, 0x31,
    0x01, 0x05, 0xe6, 0x10, 0x41, 0x08, 0x01, 0x06, 0xab, 0x69, 0xc3, 0x18, 0x01, 0x06, 0x17, 0xab,
    0x45, 0x29, 0x01, 0x06, 0x3a, 0x9b, 0x45, 0x29, 0x01, 0x06, 0x5d, 0x8b, 0x45, 0x29, 0x01, 0x06,
    0x9e, 0x83, 0x65, 0x29, 0x01, 0x06, 0xde, 0x7b, 0x65, 0x29, 0x01, 0x06, 0x1e, 0x74, 0x65, 0x29,
    0x01, 0x06, 0x5f, 0x74, 0x65, 0x29, 0x01, 0x06, 0x9f, 0x6c, 0x86, 0x31, 0x01, 0x06, 0x69, 0x19,
    0x61, 0x08, 0x09, 0x00, 0x00, 0x00, 0x00, 0x00, 0x01, 0x07, 0x10, 0x6a, 0xe3, 0x18, 0x01, 0x07,
    0x3a, 0x9b, 0x45, 0x29, 0x01, 0x07, 0x5b, 0x93, 0x45, 0x29, 0x01, 0x07, 0x5d, 0x8b, 0x45, 0x29,
    0x01, 0x07, 0x7e, 0x8b, 0x65, 0x29, 0x01, 0x07, 0x9e, 0x83, 0x65, 0x29, 0x01, 0x07, 0xbe, 0x83,
    0x65, 0x29, 0x01, 0x07, 0xde, 0x7b, 0x65, 0x29, 0x01, 0x07, 0xfe, 0x7b, 0x65, 0x29, 0x01, 0x07,
    0x1e, 0x74, 0x65, 0x29, 0x01, 0x07, 0x3f, 0x74, 0x65, 0x29, 0x01, 0x07, 0x2f, 0x32, 0xa2, 0x10,
    0x11, 0x00, 0x00, 0x00, 0x00, 0x00, 0x01, 0x08, 0xcd, 0x31, 0xa2, 0x10, 0x01, 0x08, 0x5f, 0x6c,
    0x65, 0x29, 0x01, 0x08, 0x7f, 0x6c, 0x65, 0x29, 0x02, 0x08, 0x9f, 0x6c, 0x86, 0x31, 0x01, 0x08,
    0xbf, 0x64, 0x86, 0x31, 0x02, 0x08, 0xdf, 0x64, 0x86, 0x31, 0x01, 0x08, 0xff, 0x5c, 0x86, 0x31,
    0x01, 0x08, 0x1f, 0x5d, 0x86, 0x31, 0x01, 0x08, 0xb0, 0x32, 0xc3, 0x18, 0x14, 0x00, 0x00, 0x00,
    0x00, 0x00, 0x50, 0x13, 0x00, 0x00, 0x00, 0x00, 0x00, 0x01, 0x00, 0x63, 0x08, 0x20, 0x00, 0x01,
    0x01, 0xde, 0x54, 0x86, 0x31, 0x01, 0x01, 0x1f, 0x5d, 0x86, 0x31, 0x01, 0x01, 0xff, 0x5c, 0x86,
    0x31, 0x02, 0x01, 0xdf, 0x64, 0x86, 0x31, 0x01, 0x01, 0xbf, 0x64, 0x86, 0x31, 0x02, 0x01, 0x9f,
    0x6c, 0x86, 0x31, 0x01, 0x01, 0x7f, 0x6c, 0x65, 0x29, 0x01, 0x01, 0xd4, 0x4a, 0xe3, 0x18, 0x11,
    0x00, 0x00, 0x00, 0x00, 0x00, 0x01, 0x02, 0x48, 0x19, 0x61, 0x08, 0x01, 0x02, 0x5e, 0x6c, 0x65,
    0x29, 0x01, 0x02, 0x3f, 0x74, 0x65, 0x29, 0x01, 0x02, 0x1e, 0x74, 0x65, 0x29, 0x01, 0x02, 0xfe,
    0x7b, 0x65, 0x29, 0x01, 0x02, 0xde, 0x7b, 0x65, 0x29, 0x01, 0x02, 0xbe, 0x83, 0x65, 0x29, 0x01,
    0x02, 0x9e, 0x83, 0x65, 0x29, 0x01, 0x02, 0x7e, 0x8b, 0x65, 0x29, 0x01, 0x02, 0x5d, 0x8b, 0x45,
    0x29, 0x01, 0x02, 0x5b, 0x93, 0x45, 0x29, 0x01, 0x02, 0xef, 0x61, 0xc3, 0x18, 0x0a, 0x00, 0x00,
    0x00, 0x00, 0x00, 0x01, 0x03, 0x34, 0x43, 0x04, 0x21, 0x01, 0x03, 0x9f, 0x6c, 0x86, 0x31, 0x01,
    0x03, 0x5f, 0x74, 0x65, 0x29, 0x01, 0x03, 0x1e, 0x74, 0x65, 0x29, 0x01, 0x03, 0xde, 0x7b, 0x65,
    0x29, 0x01, 0x03, 0x9e, 0x83, 0x65, 0x29, 0x01, 0x03, 0x5d, 0x8b, 0x45, 0x29, 0x01, 0x03, 0x3a,
    0x9b, 0x45, 0x29, 0x01, 0x03, 0x17, 0xab, 0x45, 0x29, 0x01, 0x00, 0x63, 0x18, 0x20, 0x00, 0x01,
    0x04, 0x69, 0x19, 0x61, 0x08, 0x03, 0x04, 0x1f, 0x5d, 0x86, 0x31, 0x01, 0x04, 0x1e, 0x74, 0x65,
    0x29, 0x01, 0x04, 0xaf, 0xd2, 0x45, 0x29, 0x02, 0x04, 0x47, 0xfa, 0x45, 0x29, 0x01, 0x04, 0x27,
    0xf2, 0x45, 0x29, 0x01, 0x05, 0x27, 0xf2, 0x45, 0x29, 0x02, 0x05, 0x47, 0xfa, 0x45, 0x29, 0x01,
    0x05, 0xaf, 0xd2, 0x45, 0x29, 0x01, 0x05, 0x1e, 0x74, 0x65, 0x29, 0x03, 0x05, 0x1f, 0x5d, 0x86,
    0x31, 0x01, 0x05, 0x69, 0x19, 0x61, 0x08, 0x01, 0x00, 0x63, 0x18, 0x20, 0x00, 0x01, 0x06, 0x17,
    0xab, 0x45, 0x29, 0x01, 0x06, 0x3a, 0x9b, 0x45, 0x29, 0x01, 0x06, 0x5d, 0x8b, 0x45, 0x29, 0x01,
    0x06, 0x9e, 0x83, 0x65, 0x29, 0x01, 0x06, 0xde, 0x7b, 0x65, 0x29, 0x01, 0x06, 0x1e, 0x74, 0x65,
    0x29, 0x01, 0x06, 0x5f, 0x74, 0x65, 0x29, 0x01, 0x06, 0x9f, 0x6c, 0x86, 0x31, 0x01, 0x06, 0x14,
    0x3b, 0xe3, 0x18, 0x0a, 0x00, 0x00, 0x00, 0x00, 0x00, 0x01, 0x07, 0x10, 0x62, 0xc3, 0x18, 0x01,
    0x07, 0x5b, 0x93, 0x45, 0x29, 0x01, 0x07, 0x5d, 0x8b, 0x45, 0x29, 0x01, 0x07, 0x7e, 0x8b, 0x65,
    0x29, 0x01, 0x07, 0x9e, 0x83, 0x65, 0x29, 0x01, 0x07, 0xbe, 0x83, 0x65, 0x29, 0x01, 0x07, 0xde,
    0x7b, 0x65, 0x29, 0x01, 0x07, 0xfe, 0x7b, 0x65, 0x29, 0x01, 0x07, 0x1e, 0x74, 0x65, 0x29, 0x01,
    0x07, 0x3f, 0x74, 0x65, 0x29, 0x01, 0x07, 0x5e, 0x6c, 0x65, 0x29, 0x01, 0x07, 0x48, 0x19, 0x61,
    0x08, 0x11, 0x00, 0x00, 0x00, 0x00, 0x00, 0x01, 0x08, 0xd3, 0x42, 0xe3, 0x18, 0x01, 0x08, 0x7f,
    0x6c, 0x65, 0x29, 0x02, 0x08, 0x9f, 0x6c, 0x86, 0x31, 0x01, 0x08, 0xbf, 0x64, 0x86, 0x31, 0x02,
    0x08, 0xdf, 0x64, 0x86, 0x31, 0x01, 0x08, 0xff, 0x5c, 0x86, 0x31, 0x01, 0x08, 0x1f, 0x5d, 0x86,
    0x31, 0x01, 0x08, 0xfe, 0x54, 0x86, 0x31, 0x01, 0x00, 0x83, 0x08, 0x20, 0x00, 0x13, 0x00, 0x00,
    0x00, 0x00, 0x00, 0x50, 0x13, 0x00, 0x00, 0x00, 0x00, 0x00, 0x01, 0x01, 0xd2, 0x32, 0xc3, 0x18,
    0x02, 0x01, 0x1f, 0x5d, 0x86, 0x31, 0x01, 0x01, 0xff, 0x5c, 0x86, 0x31, 0x02, 0x01, 0xdf, 0x64,
    0x86, 0x31, 0x01, 0x01, 0xbf, 0x64, 0x86, 0x31, 0x02, 0x01, 0x9f, 0x6c, 0x86, 0x31, 0x01, 0x01,
    0xda, 0x5b, 0x45, 0x29, 0x01, 0x00, 0x21, 0x00, 0x00, 0x00, 0x10, 0x00, 0x00, 0x00, 0x00, 0x00,
    0x01, 0x00, 0x83, 0x08, 0x20, 0x00, 0x01, 0x02, 0x3c, 0x64, 0x65, 0x29, 0x01, 0x02, 0x7f, 0x6c,
    0x65, 0x29, 0x01, 0x02, 0x3f, 0x74, 0x65, 0x29, 0x01, 0x02, 0x1e, 0x74, 0x65, 0x29, 0x01, 0x02,
    0xfe, 0x7b, 0x65, 0x29, 0x01, 0x02, 0xde, 0x7b, 0x65, 0x29, 0x01, 0x02, 0xbe, 0x83, 0x65, 0x29,
    0x01, 0x02, 0x9e, 0x83, 0x65, 0x29, 0x01, 0x02, 0x7e, 0x8b, 0x65, 0x29, 0x01, 0x02, 0x5d, 0x8b,
    0x45, 0x29, 0x01, 0x02, 0x12, 0x62, 0xe3, 0x18, 0x0a, 0x00, 0x00, 0x00, 0x00, 0x00, 0x01, 0x00,
    0x41, 0x00, 0x00, 0x00, 0x01, 0x03, 0x9e, 0x5c, 0x65, 0x29, 0x01, 0x03, 0x9f, 0x6c, 0x86, 0x31,
    0x01, 0x03, 0x5f, 0x74, 0x65, 0x29, 0x01, 0x03, 0x1e, 0x74, 0x65, 0x29, 0x01, 0x03, 0xde, 0x7b,
    0x65, 0x29, 0x01, 0x03, 0x9e, 0x83, 0x65, 0x29, 0x01, 0x03, 0x5d, 0x8b, 0x45, 0x29, 0x01, 0x03,
    0x3a, 0x9b, 0x45, 0x29, 0x01, 0x03, 0x31, 0x7a, 0xe3, 0x18, 0x01, 0x00, 0x00, 0x00, 0x00, 0x00,
    0x01, 0x04, 0xcb, 0x21, 0x82, 0x10, 0x03, 0x04, 0x1f, 0x5d, 0x86, 0x31, 0x01, 0x04, 0x1e, 0x74,
    0x65, 0x29, 0x01, 0x04, 0xaf, 0xd2, 0x45, 0x29, 0x02, 0x04, 0x47, 0xfa, 0x45, 0x29, 0x01, 0x04,
    0x06, 0xe2, 0x24, 0x21, 0x01, 0x05, 0x06, 0xe2, 0x24, 0x21, 0x02, 0x05, 0x47, 0xfa, 0x45, 0x29,
    0x01, 0x05, 0xaf, 0xd2, 0x45, 0x29, 0x01, 0x05, 0x1e, 0x74, 0x65, 0x29, 0x03, 0x05, 0x1f, 0x5d,
    0x86, 0x31, 0x01, 0x05, 0xcb, 0x21, 0x82, 0x10, 0x01, 0x00, 0x00, 0x00, 0x00, 0x00, 0x01, 0x06,
    0x51, 0x82, 0x04, 0x21, 0x01, 0x06, 0x3a, 0x9b, 0x45, 0x29, 0x01, 0x06, 0x5d, 0x8b, 0x45, 0x29,
    0x01, 0x06, 0x9e, 0x83, 0x65, 0x29, 0x01, 0x06, 0xde, 0x7b, 0x65, 0x29, 0x01, 0x06, 0x1e, 0x74,
    0x65, 0x29, 0x01, 0x06, 0x5f, 0x74, 0x65, 0x29, 0x01, 0x06, 0x9f, 0x6c, 0x86, 0x31, 0x01, 0x06,
    0x9e, 0x5c, 0x65, 0x29, 0x01, 0x00, 0x41, 0x00, 0x00, 0x00, 0x0a, 0x00, 0x00, 0x00, 0x00, 0x00,
    0x01, 0x07, 0x32, 0x62, 0xe3, 0x18, 0x01, 0x07, 0x5d, 0x8b, 0x45, 0x29, 0x01, 0x07, 0x7e, 0x8b,
    0x65, 0x29, 0x01, 0x07, 0x9e, 0x83, 0x65, 0x29, 0x01, 0x07, 0xbe, 0x83, 0x65, 0x29, 0x01, 0x07,
    0xde, 0x7b, 0x65, 0x29, 0x01, 0x07, 0xfe, 0x7b, 0x65, 0x29, 0x01, 0x07, 0x1e, 0x74, 0x65, 0x29,
    0x01, 0x07, 0x3f, 0x74, 0x65, 0x29, 0x01, 0x07, 0x7f, 0x6c, 0x65, 0x29, 0x01, 0x07, 0x3c, 0x64,
    0x65, 0x29, 0x01, 0x00, 0x83, 0x08, 0x20, 0x00, 0x10, 0x00, 0x00, 0x00, 0x00, 0x00, 0x01, 0x00,
    0x21, 0x00, 0x00, 0x00, 0x01, 0x08, 0xdb, 0x5b, 0x45, 0x29, 0x02, 0x08, 0x9f, 0x6c, 0x86, 0x31,
    0x01, 0x08, 0xbf, 0x64, 0x86, 0x31, 0x02, 0x08, 0xdf, 0x64, 0x86, 0x31, 0x01, 0x08, 0xff, 0x5c,
    0x86, 0x31, 0x02, 0x08, 0x1f, 0x5d, 0x86, 0x31, 0x01, 0x08, 0xd1, 0x32, 0xc3, 0x18, 0x13, 0x00,
    0x00, 0x00, 0x00, 0x00, 0x4e, 0x12, 0x00, 0x00, 0x00, 0x00, 0x00, 0x01, 0x00, 0x62, 0x08, 0x20,
    0x00, 0x01, 0x01, 0xfe, 0x54, 0x86, 0x31, 0x02, 0x01, 0x1f, 0x5d, 0x86, 0x31, 0x01, 0x01, 0xff,
    0x5c, 0x86, 0x31, 0x02, 0x01, 0xdf, 0x64, 0x86, 0x31, 0x01, 0x01, 0xbf, 0x64, 0x86, 0x31, 0x02,
    0x01, 0x9f, 0x6c, 0x86, 0x31, 0x01, 0x01, 0x28, 0x19, 0x61, 0x08, 0x11, 0x00, 0x00, 0x00, 0x00,
    0x00, 0x01, 0x02, 0x77, 0x4b, 0x04, 0x21, 0x01, 0x02, 0x9f, 0x6c, 0x86, 0x31, 0x01, 0x02, 0x7f,
    0x6c, 0x65, 0x29, 0x01, 0x02, 0x3f, 0x74, 0x65, 0x29, 0x01, 0x02, 0x1e, 0x74, 0x65, 0x29, 0x01,
    0x02, 0xfe, 0x7b, 0x65, 0x29, 0x01, 0x02, 0xde, 0x7b, 0x65, 0x29, 0x01, 0x02, 0xbe, 0x83, 0x65,
    0x29, 0x01, 0x02, 0x9e, 0x83, 0x65, 0x29, 0x01, 0x02, 0x7e, 0x8b, 0x65, 0x29, 0x01, 0x02, 0x54,
    0x62, 0xe3, 0x18, 0x0b, 0x00, 0x00, 0x00, 0x00, 0x00, 0x01, 0x03, 0xec, 0x21, 0x82, 0x10, 0x01,
    0x03, 0xdf, 0x64, 0x86, 0x31, 0x01, 0x03, 0x9f, 0x6c, 0x86, 0x31, 0x01, 0x03, 0x5f, 0x74, 0x65,
    0x29, 0x01, 0x03, 0x1e, 0x74, 0x65, 0x29, 0x01, 0x03, 0xde, 0x7b, 0x65, 0x29, 0x01, 0x03, 0x9e,
    0x83, 0x65, 0x29, 0x01, 0x03, 0x5d, 0x8b, 0x45, 0x29, 0x01, 0x03, 0x3a, 0x9b, 0x45, 0x29, 0x01,
    0x03, 0x08, 0x39, 0x61, 0x08, 0x01, 0x00, 0x00, 0x00, 0x00, 0x00, 0x01, 0x04, 0x4e, 0x2a, 0xa2,
    0x10, 0x03, 0x04, 0x1f, 0x5d, 0x86, 0x31, 0x01, 0x04, 0x1e, 0x74, 0x65, 0x29, 0x01, 0x04, 0xaf,
    0xd2, 0x45, 0x29, 0x02, 0x04, 0x47, 0xfa, 0x45, 0x29, 0x01, 0x04, 0xc6, 0xc9, 0x04, 0x21, 0x01,
    0x05, 0xc6, 0xc9, 0x04, 0x21, 0x02, 0x05, 0x47, 0xfa, 0x45, 0x29, 0x01, 0x05, 0xaf, 0xd2, 0x45,
    0x29, 0x01, 0x05, 0x1e, 0x74, 0x65, 0x29, 0x03, 0x05, 0x1f, 0x5d, 0x86, 0x31, 0x01, 0x05, 0x2e,
    0x22, 0xa2, 0x10, 0x01, 0x00, 0x00, 0x00, 0x00, 0x00, 0x01, 0x06, 0x28, 0x39, 0x61, 0x08, 0x01,
    0x06, 0x3a, 0x9b, 0x45, 0x29, 0x01, 0x06, 0x5d, 0x8b, 0x45, 0x29, 0x01, 0x06, 0x9e, 0x83, 0x65,
    0x29, 0x01, 0x06, 0xde, 0x7b, 0x65, 0x29, 0x01, 0x06, 0x1e, 0x74, 0x65, 0x29, 0x01, 0x06, 0x5f,
    0x74, 0x65, 0x29, 0x01, 0x06, 0x9f, 0x6c, 0x86, 0x31, 0x01, 0x06, 0xdf, 0x64, 0x86, 0x31, 0x01,
    0x06, 0xcb, 0x21, 0x82, 0x10, 0x0b, 0x00, 0x00, 0x00, 0x00, 0x00, 0x01, 0x07, 0x75, 0x62, 0xe3,
    0x18, 0x01, 0x07, 0x7e, 0x8b, 0x65, 0x29, 0x01, 0x07, 0x9e, 0x83, 0x65, 0x29, 0x01, 0x07, 0xbe,
    0x83, 0x65, 0x29, 0x01, 0x07, 0xde, 0x7b, 0x65, 0x29, 0x01, 0x07, 0xfe, 0x7b, 0x65, 0x29, 0x01,
    0x07, 0x1e, 0x74, 0x65, 0x29, 0x01, 0x07, 0x3f, 0x74, 0x65, 0x29, 0x01, 0x07, 0x7f, 0x6c, 0x65,
    0x29, 0x01, 0x07, 0x9f, 0x6c, 0x86, 0x31, 0x01, 0x07, 0x56, 0x4b, 0x04, 0x21, 0x11, 0x00, 0x00,
    0x00, 0x00, 0x00, 0x01, 0x08, 0x28, 0x19, 0x61, 0x08, 0x02, 0x08, 0x9f, 0x6c, 0x86, 0x31, 0x01,
    0x08, 0xbf, 0x64, 0x86, 0x31, 0x02, 0x08, 0xdf, 0x64, 0x86, 0x31, 0x01, 0x08, 0xff, 0x5c, 0x86,
    0x31, 0x02, 0x08, 0x1f, 0x5d, 0x86, 0x31, 0x01, 0x08, 0xfe, 0x54, 0x86, 0x31, 0x01, 0x00, 0x62,
    0x08, 0x20, 0x00, 0x12, 0x00, 0x00, 0x00, 0x00, 0x00, 0x4e, 0x12, 0x00, 0x00, 0x00, 0x00, 0x00,
    0x01, 0x01, 0x6e, 0x2a, 0xa2, 0x10, 0x03, 0x01, 0x1f, 0x5d, 0x86, 0x31, 0x01, 0x01, 0xff, 0x5c,
    0x86, 0x31, 0x02, 0x01, 0xdf, 0x64, 0x86, 0x31, 0x01, 0x01, 0xbf, 0x64, 0x86, 0x31, 0x01, 0x01,
    0x9f, 0x6c, 0x86, 0x31, 0x01, 0x01, 0xf4, 0x42, 0xe3, 0x18, 0x11, 0x00, 0x00, 0x00, 0x00, 0x00,
    0x01, 0x02, 0xed, 0x29, 0xa2, 0x10, 0x01, 0x02, 0xbf, 0x64, 0x86, 0x31, 0x01, 0x02, 0x9f, 0x6c,
    0x86, 0x31, 0x01, 0x02, 0x7f, 0x6c, 0x65, 0x29, 0x01, 0x02, 0x3f, 0x74, 0x65, 0x29, 0x01, 0x02,
    0x1e, 0x74, 0x65, 0x29, 0x01, 0x02, 0xfe, 0x7b, 0x65, 0x29, 0x01, 0x02, 0xde, 0x7b, 0x65, 0x29,
    0x01, 0x02, 0xbe, 0x83, 0x65, 0x29, 0x01, 0x02, 0x9e, 0x83, 0x65, 0x29, 0x01, 0x02, 0xf9, 0x72,
    0x24, 0x21, 0x01, 0x00, 0x21, 0x08, 0x00, 0x00, 0x0b, 0x00, 0x00, 0x00, 0x00, 0x00, 0x01, 0x03,
    0xd7, 0x43, 0x24, 0x21, 0x01, 0x03, 0xdf, 0x64, 0x86, 0x31, 0x01, 0x03, 0x9f, 0x6c, 0x86, 0x31,
    0x01, 0x03, 0x5f, 0x74, 0x65, 0x29, 0x01, 0x03, 0x1e, 0x74, 0x65, 0x29, 0x01, 0x03, 0xde, 0x7b,
    0x65, 0x29, 0x01, 0x03, 0x9e, 0x83, 0x65, 0x29, 0x01, 0x03, 0x5d, 0x8b, 0x45, 0x29, 0x01, 0x03,
    0x19, 0x93, 0x45, 0x29, 0x01, 0x00, 0x20, 0x00, 0x00, 0x00, 0x01, 0x00, 0x00, 0x00, 0x00, 0x00,
    0x01, 0x04, 0xb0, 0x2a, 0xc3, 0x18, 0x03, 0x04, 0x1f, 0x5d, 0x86, 0x31, 0x01, 0x04, 0x1e, 0x74,
    0x65, 0x29, 0x01, 0x04, 0xaf, 0xd2, 0x45, 0x29, 0x02, 0x04, 0x47, 0xfa, 0x45, 0x29, 0x01, 0x04,
    0xa5, 0xb1, 0xe3, 0x18, 0x01, 0x05, 0xa5, 0xb9, 0xe3, 0x18, 0x02, 0x05, 0x47, 0xfa, 0x45, 0x29,
    0x01, 0x05, 0xaf, 0xd2, 0x45, 0x29, 0x01, 0x05, 0x1e, 0x74, 0x65, 0x29, 0x03, 0x05, 0x1f, 0x5d,
    0x86, 0x31, 0x01, 0x05, 0x90, 0x2a, 0xc3, 0x18, 0x01, 0x00, 0x00, 0x00, 0x00, 0x00, 0x01, 0x00,
    0x20, 0x00, 0x00, 0x00, 0x01, 0x06, 0x19, 0x93, 0x45, 0x29, 0x01, 0x06, 0x5d, 0x8b, 0x45, 0x29,
    0x01, 0x06, 0x9e, 0x83, 0x65, 0x29, 0x01, 0x06, 0xde, 0x7b, 0x65, 0x29, 0x01, 0x06, 0x1e, 0x74,
    0x65, 0x29, 0x01, 0x06, 0x5f, 0x74, 0x65, 0x29, 0x01, 0x06, 0x9f, 0x6c, 0x86, 0x31, 0x01, 0x06,
    0xdf, 0x64, 0x86, 0x31, 0x01, 0x06, 0xb7, 0x43, 0x24, 0x21, 0x0b, 0x00, 0x00, 0x00, 0x00, 0x00,
    0x01, 0x00, 0x21, 0x00, 0x00, 0x00, 0x01, 0x07, 0xd8, 0x6a, 0x24, 0x21, 0x01, 0x07, 0x9e, 0x83,
    0x65, 0x29, 0x01, 0x07, 0xbe, 0x83, 0x65, 0x29, 0x01, 0x07, 0xde, 0x7b, 0x65, 0x29, 0x01, 0x07,
    0xfe, 0x7b, 0x65, 0x29, 0x01, 0x07, 0x1e, 0x74, 0x65, 0x29, 0x01, 0x07, 0x3f, 0x74, 0x65, 0x29,
    0x01, 0x07, 0x7f, 0x6c, 0x65, 0x29, 0x01, 0x07, 0x9f, 0x6c, 0x86, 0x31, 0x01, 0x07, 0xbf, 0x64,
    0x86, 0x31, 0x01, 0x07, 0xec, 0x21, 0x82, 0x10, 0x11, 0x00, 0x00, 0x00, 0x00, 0x00, 0x01, 0x08,
    0xf4, 0x42, 0xe3, 0x18, 0x01, 0x08, 0x9f, 0x6c, 0x86, 0x31, 0x01, 0x08, 0xbf, 0x64, 0x86, 0x31,
    0x02, 0x08, 0xdf, 0x64, 0x86, 0x31, 0x01, 0x08, 0xff, 0x5c, 0x86, 0x31, 0x03, 0x08, 0x1f, 0x5d,
    0x86, 0x31, 0x01, 0x08, 0x4e, 0x2a, 0xa2, 0x10, 0x12, 0x00, 0x00, 0x00, 0x00, 0x00, 0x4e, 0x12,
    0x00, 0x00, 0x00, 0x00, 0x00, 0x01, 0x01, 0x5a, 0x4c, 0x45, 0x29, 0x03, 0x01, 0x1f, 0x5d, 0x86,
    0x31, 0x01, 0x01, 0xff, 0x5c, 0x86, 0x31, 0x02, 0x01, 0xdf, 0x64, 0x86, 0x31, 0x01, 0x01, 0xbf,
    0x64, 0x86, 0x31, 0x01, 0x01, 0x9f, 0x64, 0x65, 0x29, 0x01, 0x00, 0xa4, 0x08, 0x20, 0x00, 0x10,
    0x00, 0x00, 0x00, 0x00, 0x00, 0x01, 0x00, 0x83, 0x08, 0x20, 0x00, 0x01, 0x02, 0x9e, 0x5c, 0x65,
    0x29, 0x01, 0x02, 0xbf, 0x64, 0x86, 0x31, 0x01, 0x02, 0x9f, 0x6c, 0x86, 0x31, 0x01, 0x02, 0x7f,
    0x6c, 0x65, 0x29, 0x01, 0x02, 0x3f, 0x74, 0x65, 0x29, 0x01, 0x02, 0x1e, 0x74, 0x65, 0x29, 0x01,
    0x02, 0xfe, 0x7b, 0x65, 0x29, 0x01, 0x02, 0xde, 0x7b, 0x65, 0x29, 0x01, 0x02, 0xbe, 0x83, 0x65,
    0x29, 0x01, 0x02, 0x5b, 0x7b, 0x45, 0x29, 0x01, 0x00, 0x63, 0x10, 0x20, 0x00, 0x0b, 0x00, 0x00,
    0x00, 0x00, 0x00, 0x01, 0x00, 0x83, 0x08, 0x20, 0x00, 0x01, 0x03, 0xff, 0x5c, 0x86, 0x31, 0x01,
    0x03, 0xdf, 0x64, 0x86, 0x31, 0x01, 0x03, 0x9f, 0x6c, 0x86, 0x31, 0x01, 0x03, 0x5f, 0x74, 0x65,
    0x29, 0x01, 0x03, 0x1e, 0x74, 0x65, 0x29, 0x01, 0x03, 0xde, 0x7b, 0x65, 0x29, 0x01, 0x03, 0x9e,
    0x83, 0x65, 0x29, 0x01, 0x03, 0x5d, 0x8b, 0x45, 0x29, 0x01, 0x03, 0x10, 0x62, 0xc3, 0x18, 0x02,
    0x00, 0x00, 0x00, 0x00, 0x00, 0x01, 0x04, 0x13, 0x33, 0xe3, 0x18, 0x03, 0x04, 0x1f, 0x5d, 0x86,
    0x31, 0x01, 0x04, 0x1e, 0x74, 0x65, 0x29, 0x01, 0x04, 0xaf, 0xd2, 0x45, 0x29, 0x02, 0x04, 0x47,
    0xfa, 0x45, 0x29, 0x01, 0x04, 0x64, 0xa1, 0xc3, 0x18, 0x01, 0x05, 0x84, 0xa1, 0xc3, 0x18, 0x02,
    0x05, 0x47, 0xfa, 0x45, 0x29, 0x01, 0x05, 0xaf, 0xd2, 0x45, 0x29, 0x01, 0x05, 0x1e, 0x74, 0x65,
    0x29, 0x03, 0x05, 0x1f, 0x5d, 0x86, 0x31, 0x01, 0x05, 0x13, 0x33, 0xe3, 0x18, 0x02, 0x00, 0x00,
    0x00, 0x00, 0x00, 0x01, 0x06, 0x11, 0x62, 0xe3, 0x18, 0x01, 0x06, 0x5d, 0x8b, 0x45, 0x29, 0x01,
    0x06, 0x9e, 0x83, 0x65, 0x29, 0x01, 0x06, 0xde, 0x7b, 0x65, 0x29, 0x01, 0x06, 0x1e, 0x74, 0x65,
    0x29, 0x01, 0x06, 0x5f, 0x74, 0x65, 0x29, 0x01, 0x06, 0x9f, 0x6c, 0x86, 0x31, 0x01, 0x06, 0xdf,
    0x64, 0x86, 0x31, 0x01, 0x06, 0xff, 0x5c, 0x86, 0x31, 0x01, 0x00, 0x63, 0x08, 0x20, 0x00, 0x0b,
    0x00, 0x00, 0x00, 0x00, 0x00, 0x01, 0x00, 0x63, 0x10, 0x20, 0x00, 0x01, 0x07, 0x5b, 0x7b, 0x45,
    0x29, 0x01, 0x07, 0xbe, 0x83, 0x65, 0x29, 0x01, 0x07, 0xde, 0x7b, 0x65, 0x29, 0x01, 0x07, 0xfe,
    0x7b, 0x65, 0x29, 0x01, 0x07, 0x1e, 0x74, 0x65, 0x29, 0x01, 0x07, 0x3f, 0x74, 0x65, 0x29, 0x01,
    0x07, 0x7f, 0x6c, 0x65, 0x29, 0x01, 0x07, 0x9f, 0x6c, 0x86, 0x31, 0x01, 0x07, 0xbf, 0x64, 0x86,
    0x31, 0x01, 0x07, 0x9d, 0x5c, 0x65, 0x29, 0x01, 0x00, 0x83, 0x08, 0x20, 0x00, 0x10, 0x00, 0x00,
    0x00, 0x00, 0x00, 0x01, 0x00, 0xa4, 0x08, 0x20, 0x00, 0x01, 0x08, 0x7e, 0x64, 0x65, 0x29, 0x01,
    0x08, 0xbf, 0x64, 0x86, 0x31, 0x02, 0x08, 0xdf, 0x64, 0x86, 0x31, 0x01, 0x08, 0xff, 0x5c, 0x86,
    0x31, 0x03, 0x08, 0x1f, 0x5d, 0x86, 0x31, 0x01, 0x08, 0x5b, 0x4c, 0x45, 0x29, 0x12, 0x00, 0x00,
    0x00, 0x00, 0x00, 0x4a, 0x11, 0x00, 0x00, 0x00, 0x00, 0x00, 0x01, 0x01, 0x27, 0x11, 0x41, 0x08,
    0x04, 0x01, 0x1f, 0x5d, 0x86, 0x31, 0x01, 0x01, 0xff, 0x5c, 0x86, 0x31, 0x02, 0x01, 0xdf, 0x64,
    0x86, 0x31, 0x01, 0x01, 0xbf, 0x64, 0x86, 0x31, 0x01, 0x01, 0xd3, 0x42, 0xe3, 0x18, 0x11, 0x00,
    0x00, 0x00, 0x00, 0x00, 0x01, 0x02, 0x34, 0x3b, 0x04, 0x21, 0x01, 0x02, 0xdf, 0x64, 0x86, 0x31,
    0x01, 0x02, 0xbf, 0x64, 0x86, 0x31, 0x01, 0x02, 0x9f, 0x6c, 0x86, 0x31, 0x01, 0x02, 0x7f, 0x6c,
    0x65, 0x29, 0x01, 0x02, 0x3f, 0x74, 0x65, 0x29, 0x01, 0x02, 0x1e, 0x74, 0x65, 0x29, 0x01, 0x02,
    0xfe, 0x7b, 0x65, 0x29, 0x01, 0x02, 0xde, 0x7b, 0x65, 0x29, 0x01, 0x02, 0xbe, 0x7b, 0x65, 0x29,
    0x01, 0x02, 0xe8, 0x20, 0x41, 0x08, 0x0c, 0x00, 0x00, 0x00, 0x00, 0x00, 0x01, 0x03, 0x0d, 0x22,
    0xa2, 0x10, 0x01, 0x03, 0x1f, 0x5d, 0x86, 0x31, 0x01, 0x03, 0xdf, 0x64, 0x86, 0x31, 0x01, 0x03,
    0x9f, 0x6c, 0x86, 0x31, 0x01, 0x03, 0x5f, 0x74, 0x65, 0x29, 0x01, 0x03, 0x1e, 0x74, 0x65, 0x29,
    0x01, 0x03, 0xde, 0x7b, 0x65, 0x29, 0x01, 0x03, 0x9e, 0x83, 0x65, 0x29, 0x01, 0x03, 0x5d, 0x8b,
    0x45, 0x29, 0x01, 0x03, 0xc7, 0x28, 0x41, 0x08, 0x02, 0x00, 0x00, 0x00, 0x00, 0x00, 0x01, 0x04,
    0x75, 0x3b, 0x04, 0x21, 0x03, 0x04, 0x1f, 0x5d, 0x86, 0x31, 0x01, 0x04, 0x1e, 0x74, 0x65, 0x29,
    0x01, 0x04, 0xaf, 0xd2, 0x45, 0x29, 0x02, 0x04, 0x47, 0xfa, 0x45, 0x29, 0x01, 0x04, 0x44, 0x89,
    0xa2, 0x10, 0x01, 0x05, 0x44, 0x91, 0xa2, 0x10, 0x02, 0x05, 0x47, 0xfa, 0x45, 0x29, 0x01, 0x05,
    0xaf, 0xd2, 0x45, 0x29, 0x01, 0x05, 0x1e, 0x74, 0x65, 0x29, 0x03, 0x05, 0x1f, 0x5d, 0x86, 0x31,
    0x01, 0x05, 0x75, 0x3b, 0x04, 0x21, 0x02, 0x00, 0x00, 0x00, 0x00, 0x00, 0x01, 0x06, 0xe7, 0x28,
    0x61, 0x08, 0x01, 0x06, 0x5d, 0x8b, 0x45, 0x29, 0x01, 0x06, 0x9e, 0x83, 0x65, 0x29, 0x01, 0x06,
    0xde, 0x7b, 0x65, 0x29, 0x01, 0x06, 0x1e, 0x74, 0x65, 0x29, 0x01, 0x06, 0x5f, 0x74, 0x65, 0x29,
    0x01, 0x06, 0x9f, 0x6c, 0x86, 0x31, 0x01, 0x06, 0xdf, 0x64, 0x86, 0x31, 0x01, 0x06, 0x1f, 0x5d,
    0x86, 0x31, 0x01, 0x06, 0xec, 0x21, 0x82, 0x10, 0x0c, 0x00, 0x00, 0x00, 0x00, 0x00, 0x01, 0x07,
    0xe7, 0x20, 0x41, 0x08, 0x01, 0x07, 0xbe, 0x7b, 0x65, 0x29, 0x01, 0x07, 0xde, 0x7b, 0x65, 0x29,
    0x01, 0x07, 0xfe, 0x7b, 0x65, 0x29, 0x01, 0x07, 0x1e, 0x74, 0x65, 0x29, 0x01, 0x07, 0x3f, 0x74,
    0x65, 0x29, 0x01, 0x07, 0x7f, 0x6c, 0x65, 0x29, 0x01, 0x07, 0x9f, 0x6c, 0x86, 0x31, 0x01, 0x07,
    0xbf, 0x64, 0x86, 0x31, 0x01, 0x07, 0xdf, 0x64, 0x86, 0x31, 0x01, 0x07, 0x14, 0x3b, 0xe3, 0x18,
    0x11, 0x00, 0x00, 0x00, 0x00, 0x00, 0x01, 0x08, 0xd3, 0x42, 0xe3, 0x18, 0x01, 0x08, 0xbf, 0x64,
    0x86, 0x31, 0x02, 0x08, 0xdf, 0x64, 0x86, 0x31, 0x01, 0x08, 0xff, 0x5c, 0x86, 0x31, 0x04, 0x08,
    0x1f, 0x5d, 0x86, 0x31, 0x01, 0x08, 0x27, 0x11, 0x41, 0x08, 0x11, 0x00, 0x00, 0x00, 0x00, 0x00,
    0x5a, 0x11, 0x00, 0x00, 0x00, 0x00, 0x00, 0x01, 0x01, 0xb1, 0x32, 0xc3, 0x18, 0x04, 0x01, 0x1f,
    0x5d, 0x86, 0x31, 0x01, 0x01, 0xff, 0x5c, 0x86, 0x31, 0x02, 0x01, 0xdf, 0x64, 0x86, 0x31, 0x01,
    0x01, 0xbf, 0x64, 0x86, 0x31, 0x01, 0x01, 0xc5, 0x10, 0x41, 0x08, 0x02, 0x00, 0x00, 0x00, 0x00,
    0x00, 0x01, 0x00, 0x21, 0x00, 0x00, 0x00, 0x01, 0x01, 0x0f, 0x3a, 0xa2, 0x10, 0x01, 0x01, 0x9a,
    0x63, 0x45, 0x29, 0x01, 0x01, 0xdc, 0x6b, 0x45, 0x29, 0x01, 0x01, 0x9a, 0x6b, 0x45, 0x29, 0x01,
    0x01, 0xd5, 0x5a, 0x04, 0x21, 0x01, 0x01, 0xad, 0x31, 0x82, 0x10, 0x01, 0x00, 0x41, 0x08, 0x00,
    0x00, 0x06, 0x00, 0x00, 0x00, 0x00, 0x00, 0x01, 0x02, 0x27, 0x11, 0x41, 0x08, 0x01, 0x02, 0xdf,
    0x5c, 0x86, 0x31, 0x01, 0x02, 0xdf, 0x64, 0x86, 0x31, 0x01, 0x02, 0xbf, 0x64, 0x86, 0x31, 0x01,
    0x02, 0x9f, 0x6c, 0x86, 0x31, 0x01, 0x02, 0x7f, 0x6c, 0x65, 0x29, 0x01, 0x02, 0x3f, 0x74, 0x65,
    0x29, 0x01, 0x02, 0x1e, 0x74, 0x65, 0x29, 0x01, 0x02, 0xfe, 0x7b, 0x65, 0x29, 0x01, 0x02, 0xde,
    0x7b, 0x65, 0x29, 0x01, 0x02, 0xce, 0x39, 0xa2, 0x10, 0x0d, 0x00, 0x00, 0x00, 0x00, 0x00, 0x01,
    0x03, 0x96, 0x43, 0x04, 0x21, 0x01, 0x03, 0x1f, 0x5d, 0x86, 0x31, 0x01, 0x03, 0xdf, 0x64, 0x86,
    0x31, 0x01, 0x03, 0x9f, 0x6c, 0x86, 0x31, 0x01, 0x03, 0x5f, 0x74, 0x65, 0x29, 0x01, 0x03, 0x1e,
    0x74, 0x65, 0x29, 0x01, 0x03, 0xde, 0x7b, 0x65, 0x29, 0x01, 0x03, 0x9e, 0x83, 0x65, 0x29, 0x01,
    0x03, 0x1a, 0x7b, 0x24, 0x21, 0x03, 0x00, 0x00, 0x00, 0x00, 0x00, 0x01, 0x04, 0xd8, 0x43, 0x24,
    0x21, 0x03, 0x04, 0x1f, 0x5d, 0x86, 0x31, 0x01, 0x04, 0x1e, 0x74, 0x65, 0x29, 0x01, 0x04, 0xaf,
    0xd2, 0x45, 0x29, 0x02, 0x04, 0x47, 0xfa, 0x45, 0x29, 0x01, 0x04, 0x03, 0x79, 0xa2, 0x10, 0x01,
    0x05, 0x23, 0x79, 0xa2, 0x10, 0x02, 0x05, 0x47, 0xfa, 0x45, 0x29, 0x01, 0x05, 0xaf, 0xd2, 0x45,
    0x29, 0x01, 0x05, 0x1e, 0x74, 0x65, 0x29, 0x03, 0x05, 0x1f, 0x5d, 0x86, 0x31, 0x01, 0x05, 0xd8,
    0x43, 0x24, 0x21, 0x03, 0x00, 0x00, 0x00, 0x00, 0x00, 0x01, 0x06, 0x1a, 0x83, 0x24, 0x21, 0x01,
    0x06, 0x9e, 0x83, 0x65, 0x29, 0x01, 0x06, 0xde, 0x7b, 0x65, 0x29, 0x01, 0x06, 0x1e, 0x74, 0x65,
    0x29, 0x01, 0x06, 0x5f, 0x74, 0x65, 0x29, 0x01, 0x06, 0x9f, 0x6c, 0x86, 0x31, 0x01, 0x06, 0xdf,
    0x64, 0x86, 0x31, 0x01, 0x06, 0x1f, 0x5d, 0x86, 0x31, 0x01, 0x06, 0x75, 0x3b, 0x04, 0x21, 0x0d,
    0x00, 0x00, 0x00, 0x00, 0x00, 0x01, 0x07, 0xef, 0x41, 0xa2, 0x10, 0x01, 0x07, 0xde, 0x7b, 0x65,
    0x29, 0x01, 0x07, 0xfe, 0x7b, 0x65, 0x29, 0x01, 0x07, 0x1e, 0x74, 0x65, 0x29, 0x01, 0x07, 0x3f,
    0x74, 0x65, 0x29, 0x01, 0x07, 0x7f, 0x6c, 0x65, 0x29, 0x01, 0x07, 0x9f, 0x6c, 0x86, 0x31, 0x01,
    0x07, 0xbf, 0x64, 0x86, 0x31, 0x01, 0x07, 0xdf, 0x64, 0x86, 0x31, 0x01, 0x07, 0xdf, 0x5c, 0x86,
    0x31, 0x01, 0x07, 0x07, 0x11, 0x41, 0x08, 0x06, 0x00, 0x00, 0x00, 0x00, 0x00, 0x01, 0x00, 0x42,
    0x08, 0x00, 0x00, 0x01, 0x08, 0xad, 0x31, 0x82, 0x10, 0x01, 0x08, 0xd5, 0x5a, 0x04, 0x21, 0x01,
    0x08, 0x9a, 0x6b, 0x45, 0x29, 0x01, 0x08, 0xdc, 0x6b, 0x45, 0x29, 0x01, 0x08, 0x9a, 0x63, 0x45,
    0x29, 0x01, 0x08, 0x0f, 0x3a, 0xa2, 0x10, 0x01, 0x00, 0x21, 0x00, 0x00, 0x00, 0x02, 0x00, 0x00,
    0x00, 0x00, 0x00, 0x01, 0x08, 0xc5, 0x10, 0x41, 0x08, 0x01, 0x08, 0xbf, 0x64, 0x86, 0x31, 0x02,
    0x08, 0xdf, 0x64, 0x86, 0x31, 0x01, 0x08, 0xff, 0x5c, 0x86, 0x31, 0x04, 0x08, 0x1f, 0x5d, 0x86,
    0x31, 0x01, 0x08, 0xb0, 0x32, 0xc3, 0x18, 0x11, 0x00, 0x00, 0x00, 0x00, 0x00, 0x5a, 0x11, 0x00,
    0x00, 0x00, 0x00, 0x00, 0x01, 0x01, 0x19, 0x44, 0x24, 0x21, 0x04, 0x01, 0x1f, 0x5d, 0x86, 0x31,
    0x01, 0x01, 0xff, 0x5c, 0x86, 0x31, 0x02, 0x01, 0xdf, 0x64, 0x86, 0x31, 0x01, 0x01, 0xb8, 0x4b,
    0x24, 0x21, 0x03, 0x00, 0x00, 0x00, 0x00, 0x00, 0x01, 0x01, 0x37, 0x53, 0x04, 0x21, 0x01, 0x01,
    0x5f, 0x74, 0x65, 0x29, 0x01, 0x01, 0x3e, 0x74, 0x65, 0x29, 0x01, 0x01, 0x1e, 0x74, 0x65, 0x29,
    0x01, 0x01, 0x1e, 0x7c, 0x65, 0x29, 0x01, 0x01, 0xfe, 0x7b, 0x65, 0x29, 0x01, 0x01, 0xde, 0x7b,
    0x65, 0x29, 0x01, 0x01, 0x9c, 0x7b, 0x45, 0x29, 0x01, 0x01, 0xad, 0x39, 0xa2, 0x10, 0x05, 0x00,
    0x00, 0x00, 0x00, 0x00, 0x01, 0x02, 0xd8, 0x43, 0x24, 0x21, 0x01, 0x02, 0xff, 0x5c, 0x86, 0x31,
    0x01, 0x02, 0xdf, 0x64, 0x86, 0x31, 0x01, 0x02, 0xbf, 0x64, 0x86, 0x31, 0x01, 0x02, 0x9f, 0x6c,
    0x86, 0x31, 0x01, 0x02, 0x7f, 0x6c, 0x65, 0x29, 0x01, 0x02, 0x3f, 0x74, 0x65, 0x29, 0x01, 0x02,
    0x1e, 0x74, 0x65, 0x29, 0x01, 0x02, 0xfe, 0x7b, 0x65, 0x29, 0x01, 0x02, 0x18, 0x63, 0x24, 0x21,
    0x0d, 0x00, 0x00, 0x00, 0x00, 0x00, 0x01, 0x00, 0x21, 0x00, 0x00, 0x00, 0x01, 0x03, 0xde, 0x54,
    0x86, 0x31, 0x01, 0x03, 0x1f, 0x5d, 0x86, 0x31, 0x01, 0x03, 0xdf, 0x64, 0x86, 0x31, 0x01, 0x03,
    0x9f, 0x6c, 0x86, 0x31, 0x01, 0x03, 0x5f, 0x74, 0x65, 0x29, 0x01, 0x03, 0x1e, 0x74, 0x65, 0x29,
    0x01, 0x03, 0xde, 0x7b, 0x65, 0x29, 0x01, 0x03, 0x9e, 0x83, 0x65, 0x29, 0x01, 0x03, 0xf1, 0x51,
    0xc3, 0x18, 0x03, 0x00, 0x00, 0x00, 0x00, 0x00, 0x01, 0x04, 0x3a, 0x4c, 0x45, 0x29, 0x03, 0x04,
    0x1f, 0x5d, 0x86, 0x31, 0x01, 0x04, 0x1e, 0x74, 0x65, 0x29, 0x01, 0x04, 0xaf, 0xd2, 0x45, 0x29,
    0x02, 0x04, 0x47, 0xfa, 0x45, 0x29, 0x01, 0x04, 0xe3, 0x68, 0x82, 0x10, 0x01, 0x05, 0xe3, 0x68,
    0x82, 0x10, 0x02, 0x05, 0x47, 0xfa, 0x45, 0x29, 0x01, 0x05, 0xaf, 0xd2, 0x45, 0x29, 0x01, 0x05,
    0x1e, 0x74, 0x65, 0x29, 0x03, 0x05, 0x1f, 0x5d, 0x86, 0x31, 0x01, 0x05, 0x3a, 0x4c, 0x45, 0x29,
    0x03, 0x00, 0x00, 0x00, 0x00, 0x00, 0x01, 0x06, 0xf1, 0x51, 0xc3, 0x18, 0x01, 0x06, 0x9e, 0x83,
    0x65, 0x29, 0x01, 0x06, 0xde, 0x7b, 0x65, 0x29, 0x01, 0x06, 0x1e, 0x74, 0x65, 0x29, 0x01, 0x06,
    0x5f, 0x74, 0x65, 0x29, 0x01, 0x06, 0x9f, 0x6c, 0x86, 0x31, 0x01, 0x06, 0xdf, 0x64, 0x86, 0x31,
    0x01, 0x06, 0x1f, 0x5d, 0x86, 0x31, 0x01, 0x06, 0xde, 0x54, 0x65, 0x29, 0x01, 0x00, 0x20, 0x00,
    0x00, 0x00, 0x0d, 0x00, 0x00, 0x00, 0x00, 0x00, 0x01, 0x07, 0x18, 0x63, 0x04, 0x21, 0x01, 0x07,
    0xfe, 0x7b, 0x65, 0x29, 0x01, 0x07, 0x1e, 0x74, 0x65, 0x29, 0x01, 0x07, 0x3f, 0x74, 0x65, 0x29,
    0x01, 0x07, 0x7f, 0x6c, 0x65, 0x29, 0x01, 0x07, 0x9f, 0x6c, 0x86, 0x31, 0x01, 0x07, 0xbf, 0x64,
    0x86, 0x31, 0x01, 0x07, 0xdf, 0x64, 0x86, 0x31, 0x01, 0x07, 0xff, 0x5c, 0x86, 0x31, 0x01, 0x07,
    0xb7, 0x43, 0x24, 0x21, 0x05, 0x00, 0x00, 0x00, 0x00, 0x00, 0x01, 0x08, 0xae, 0x39, 0xa2, 0x10,
    0x01, 0x08, 0x9c, 0x7b, 0x45, 0x29, 0x01, 0x08, 0xde, 0x7b, 0x65, 0x29, 0x01, 0x08, 0xfe, 0x7b,
    0x65, 0x29, 0x01, 0x08, 0x1e, 0x7c, 0x65, 0x29, 0x01, 0x08, 0x1e, 0x74, 0x65, 0x29, 0x01, 0x08,
    0x3e, 0x74, 0x65, 0x29, 0x01, 0x08, 0x5f, 0x74, 0x65, 0x29, 0x01, 0x08, 0x37, 0x53, 0x04, 0x21,
    0x03, 0x00, 0x00, 0x00, 0x00, 0x00, 0x01, 0x08, 0xb8, 0x53, 0x24, 0x21, 0x02, 0x08, 0xdf, 0x64,
    0x86, 0x31, 0x01, 0x08, 0xff, 0x5c, 0x86, 0x31, 0x04, 0x08, 0x1f, 0x5d, 0x86, 0x31, 0x01, 0x08,
    0xf9, 0x43, 0x24, 0x21, 0x11, 0x00, 0x00, 0x00, 0x00, 0x00, 0x60, 0x10, 0x00, 0x00, 0x00, 0x00,
    0x00, 0x01, 0x00, 0x21, 0x00, 0x00, 0x00, 0x05, 0x01, 0x1f, 0x5d, 0x86, 0x31, 0x01, 0x01, 0xff,
    0x5c, 0x86, 0x31, 0x02, 0x01, 0xdf, 0x64, 0x86, 0x31, 0x01, 0x01, 0x0d, 0x2a, 0xa2, 0x10, 0x02,
    0x00, 0x00, 0x00, 0x00, 0x00, 0x01, 0x01, 0xac, 0x29, 0x82, 0x10, 0x01, 0x01, 0x5f, 0x6c, 0x65,
    0x29, 0x01, 0x01, 0x5f, 0x74, 0x65, 0x29, 0x01, 0x01, 0x3e, 0x74, 0x65, 0x29, 0x01, 0x01, 0x1e,
    0x74, 0x65, 0x29, 0x01, 0x01, 0x1e, 0x7c, 0x65, 0x29, 0x01, 0x01, 0xfe, 0x7b, 0x65, 0x29, 0x01,
    0x01, 0xde, 0x7b, 0x65, 0x29, 0x01, 0x01, 0xde, 0x83, 0x65, 0x29, 0x01, 0x01, 0xbe, 0x83, 0x65,
    0x29, 0x01, 0x01, 0x95, 0x5a, 0xe3, 0x18, 0x03, 0x00, 0x00, 0x00, 0x00, 0x00, 0x01, 0x02, 0x48,
    0x11, 0x61, 0x08, 0x01, 0x02, 0x1f, 0x5d, 0x86, 0x31, 0x01, 0x02, 0xff, 0x5c, 0x86, 0x31, 0x01,
    0x02, 0xdf, 0x64, 0x86, 0x31, 0x01, 0x02, 0xbf, 0x64, 0x86, 0x31, 0x01, 0x02, 0x9f, 0x6c, 0x86,
    0x31, 0x01, 0x02, 0x7f, 0x6c, 0x65, 0x29, 0x01, 0x02, 0x3f, 0x74, 0x65, 0x29, 0x01, 0x02, 0x1e,
    0x74, 0x65, 0x29, 0x01, 0x02, 0xfd, 0x73, 0x65, 0x29, 0x01, 0x02, 0x85, 0x10, 0x20, 0x00, 0x0d,
    0x00, 0x00, 0x00, 0x00, 0x00, 0x01, 0x03, 0x69, 0x19, 0x61, 0x08, 0x02, 0x03, 0x1f, 0x5d, 0x86,
    0x31, 0x01, 0x03, 0xdf, 0x64, 0x86, 0x31, 0x01, 0x03, 0x9f, 0x6c, 0x86, 0x31, 0x01, 0x03, 0x5f,
    0x74, 0x65, 0x29, 0x01, 0x03, 0x1e, 0x74, 0x65, 0x29, 0x01, 0x03, 0xde, 0x7b, 0x65, 0x29, 0x01,
    0x03, 0x9e, 0x83, 0x65, 0x29, 0x01, 0x03, 0xe8, 0x20, 0x41, 0x08, 0x03, 0x00, 0x00, 0x00, 0x00,
    0x00, 0x01, 0x04, 0xbd, 0x54, 0x65, 0x29, 0x03, 0x04, 0x1f, 0x5d, 0x86, 0x31, 0x01, 0x04, 0x1e,
    0x74, 0x65, 0x29, 0x01, 0x04, 0xaf, 0xd2, 0x45, 0x29, 0x02, 0x04, 0x47, 0xfa, 0x45, 0x29, 0x01,
    0x04, 0xc2, 0x50, 0x61, 0x08, 0x01, 0x05, 0xc2, 0x50, 0x61, 0x08, 0x02, 0x05, 0x47, 0xfa, 0x45,
    0x29, 0x01, 0x05, 0xaf, 0xd2, 0x45, 0x29, 0x01, 0x05, 0x1e, 0x74, 0x65, 0x29, 0x03, 0x05, 0x1f,
    0x5d, 0x86, 0x31, 0x01, 0x05, 0x9d, 0x54, 0x65, 0x29, 0x03, 0x00, 0x00, 0x00, 0x00, 0x00, 0x01,
    0x06, 0xe8, 0x28, 0x61, 0x08, 0x01, 0x06, 0x9e, 0x83, 0x65, 0x29, 0x01, 0x06, 0xde, 0x7b, 0x65,
    0x29, 0x01, 0x06, 0x1e, 0x74, 0x65, 0x29, 0x01, 0x06, 0x5f, 0x74, 0x65, 0x29, 0x01, 0x06, 0x9f,
    0x6c, 0x86, 0x31, 0x01, 0x06, 0xdf, 0x64, 0x86, 0x31, 0x02, 0x06, 0x1f, 0x5d, 0x86, 0x31, 0x01,
    0x06, 0x68, 0x19, 0x61, 0x08, 0x0d, 0x00, 0x00, 0x00, 0x00, 0x00, 0x01, 0x07, 0xa5, 0x10, 0x20,
    0x00, 0x01, 0x07, 0xfd, 0x73, 0x65, 0x29, 0x01, 0x07, 0x1e, 0x74, 0x65, 0x29, 0x01, 0x07, 0x3f,
    0x74, 0x65, 0x29, 0x01, 0x07, 0x7f, 0x6c, 0x65, 0x29, 0x01, 0x07, 0x9f, 0x6c, 0x86, 0x31, 0x01,
    0x07, 0xbf, 0x64, 0x86, 0x31, 0x01, 0x07, 0xdf, 0x64, 0x86, 0x31, 0x01, 0x07, 0xff, 0x5c, 0x86,
    0x31, 0x01, 0x07, 0x1f, 0x5d, 0x86, 0x31, 0x01, 0x07, 0x47, 0x11, 0x61, 0x08, 0x02, 0x00, 0x00,
    0x00, 0x00, 0x00, 0x01, 0x00, 0x21, 0x00, 0x00, 0x00, 0x01, 0x08, 0x95, 0x5a, 0xe3, 0x18, 0x01,
    0x08, 0xbe, 0x83, 0x65, 0x29, 0x01, 0x08, 0xde, 0x83, 0x65, 0x29, 0x01, 0x08, 0xde, 0x7b, 0x65,
    0x29, 0x01, 0x08, 0xfe, 0x7b, 0x65, 0x29, 0x01, 0x08, 0x1e, 0x7c, 0x65, 0x29, 0x01, 0x08, 0x1e,
    0x74, 0x65, 0x29, 0x01, 0x08, 0x3e, 0x74, 0x65, 0x29, 0x01, 0x08, 0x5f, 0x74, 0x65, 0x29, 0x01,
    0x08, 0x5f, 0x6c, 0x65, 0x29, 0x01, 0x08, 0xac, 0x29, 0x82, 0x10, 0x02, 0x00, 0x00, 0x00, 0x00,
    0x00, 0x01, 0x08, 0x0d, 0x2a, 0xa2, 0x10, 0x02, 0x08, 0xdf, 0x64, 0x86, 0x31, 0x01, 0x08, 0xff,
    0x5c, 0x86, 0x31, 0x04, 0x08, 0x1f, 0x5d, 0x86, 0x31, 0x01, 0x08, 0xff, 0x5c, 0x86, 0x31, 0x01,
    0x00, 0x21, 0x00, 0x00, 0x00, 0x10, 0x00, 0x00, 0x00, 0x00, 0x00, 0x5c, 0x10, 0x00, 0x00, 0x00,
    0x00, 0x00, 0x01, 0x01, 0xe5, 0x10, 0x41, 0x08, 0x05, 0x01, 0x1f, 0x5d, 0x86, 0x31, 0x01, 0x01,
    0xff, 0x5c, 0x86, 0x31, 0x02, 0x01, 0xdf, 0x64, 0x86, 0x31, 0x01, 0x01, 0xc5, 0x10, 0x41, 0x08,
    0x02, 0x00, 0x00, 0x00, 0x00, 0x00, 0x01, 0x01, 0x15, 0x4b, 0x04, 0x21, 0x01, 0x01, 0x5f, 0x6c,
    0x65, 0x29, 0x01, 0x01, 0x5f, 0x74, 0x65, 0x29, 0x01, 0x01, 0x3e, 0x74, 0x65, 0x29, 0x01, 0x01,
    0x1e, 0x74, 0x65, 0x29, 0x01, 0x01, 0x1e, 0x7c, 0x65, 0x29, 0x01, 0x01, 0xfe, 0x7b, 0x65, 0x29,
    0x01, 0x01, 0xde, 0x7b, 0x65, 0x29, 0x01, 0x01, 0xde, 0x83, 0x65, 0x29, 0x01, 0x01, 0xbe, 0x83,
    0x65, 0x29, 0x01, 0x01, 0x9e, 0x83, 0x65, 0x29, 0x01, 0x01, 0x53, 0x5a, 0xe3, 0x18, 0x02, 0x00,
    0x00, 0x00, 0x00, 0x00, 0x01, 0x02, 0xb7, 0x43, 0x24, 0x21, 0x01, 0x02, 0x1f, 0x5d, 0x86, 0x31,
    0x01, 0x02, 0xff, 0x5c, 0x86, 0x31, 0x01, 0x02, 0xdf, 0x64, 0x86, 0x31, 0x01, 0x02, 0xbf, 0x64,
    0x86, 0x31, 0x01, 0x02, 0x9f, 0x6c, 0x86, 0x31, 0x01, 0x02, 0x7f, 0x6c, 0x65, 0x29, 0x01, 0x02,
    0x3f, 0x74, 0x65, 0x29, 0x01, 0x02, 0x1e, 0x74, 0x65, 0x29, 0x01, 0x02, 0x30, 0x42, 0xc3, 0x18,
    0x0e, 0x00, 0x00, 0x00, 0x00, 0x00, 0x01, 0x03, 0xf2, 0x32, 0xe3, 0x18, 0x02, 0x03, 0x1f, 0x5d,
    0x86, 0x31, 0x01, 0x03, 0xdf, 0x64, 0x86, 0x31, 0x01, 0x03, 0x9f, 0x6c, 0x86, 0x31, 0x01, 0x03,
    0x5f, 0x74, 0x65, 0x29, 0x01, 0x03, 0x1e, 0x74, 0x65, 0x29, 0x01, 0x03, 0xde, 0x7b, 0x65, 0x29,
    0x01, 0x03, 0x7c, 0x7b, 0x45, 0x29, 0x04, 0x00, 0x00, 0x00, 0x00, 0x00, 0x04, 0x04, 0x1f, 0x5d,
    0x86, 0x31, 0x01, 0x04, 0x1e, 0x74, 0x65, 0x29, 0x01, 0x04, 0xaf, 0xd2, 0x45, 0x29, 0x02, 0x04,
    0x47, 0xfa, 0x45, 0x29, 0x01, 0x04, 0x81, 0x40, 0x41, 0x08, 0x01, 0x05, 0x82, 0x40, 0x41, 0x08,
    0x02, 0x05, 0x47, 0xfa, 0x45, 0x29, 0x01, 0x05, 0xaf, 0xd2, 0x45, 0x29, 0x01, 0x05, 0x1e, 0x74,
    0x65, 0x29, 0x03, 0x05, 0x1f, 0x5d, 0x86, 0x31, 0x01, 0x05, 0xff, 0x5c, 0x86, 0x31, 0x03, 0x00,
    0x00, 0x00, 0x00, 0x00, 0x01, 0x00, 0x01, 0x00, 0x00, 0x00, 0x01, 0x06, 0x7d, 0x7b, 0x45, 0x29,
    0x01, 0x06, 0xde, 0x7b, 0x65, 0x29, 0x01, 0x06, 0x1e, 0x74, 0x65, 0x29, 0x01, 0x06, 0x5f, 0x74,
    0x65, 0x29, 0x01, 0x06, 0x9f, 0x6c, 0x86, 0x31, 0x01, 0x06, 0xdf, 0x64, 0x86, 0x31, 0x02, 0x06,
    0x1f, 0x5d, 0x86, 0x31, 0x01, 0x06, 0xf2, 0x32, 0xe3, 0x18, 0x0e, 0x00, 0x00, 0x00, 0x00, 0x00,
    0x01, 0x07, 0x30, 0x42, 0xc3, 0x18, 0x01, 0x07, 0x1e, 0x74, 0x65, 0x29, 0x01, 0x07, 0x3f, 0x74,
    0x65, 0x29, 0x01, 0x07, 0x7f, 0x6c, 0x65, 0x29, 0x01, 0x07, 0x9f, 0x6c, 0x86, 0x31, 0x01, 0x07,
    0xbf, 0x64, 0x86, 0x31, 0x01, 0x07, 0xdf, 0x64, 0x86, 0x31, 0x01, 0x07, 0xff, 0x5c, 0x86, 0x31,
    0x01, 0x07, 0x1f, 0x5d, 0x86, 0x31, 0x01, 0x07, 0xb7, 0x43, 0x24, 0x21, 0x02, 0x00, 0x00, 0x00,
    0x00, 0x00, 0x01, 0x08, 0x54, 0x5a, 0xe3, 0x18, 0x01, 0x08, 0x9e, 0x83, 0x65, 0x29, 0x01, 0x08,
    0xbe, 0x83, 0x65, 0x29, 0x01, 0x08, 0xde, 0x83, 0x65, 0x29, 0x01, 0x08, 0xde, 0x7b, 0x65, 0x29,
    0x01, 0x08, 0xfe, 0x7b, 0x65, 0x29, 0x01, 0x08, 0x1e, 0x7c, 0x65, 0x29, 0x01, 0x08, 0x1e, 0x74,
    0x65, 0x29, 0x01, 0x08, 0x3e, 0x74, 0x65, 0x29, 0x01, 0x08, 0x5f, 0x74, 0x65, 0x29, 0x01, 0x08,
    0x5f, 0x6c, 0x65, 0x29, 0x01, 0x08, 0x15, 0x4b, 0x04, 0x21, 0x02, 0x00, 0x00, 0x00, 0x00, 0x00,
    0x01, 0x08, 0xc5, 0x10, 0x41, 0x08, 0x02, 0x08, 0xdf, 0x64, 0x86, 0x31, 0x01, 0x08, 0xff, 0x5c,
    0x86, 0x31, 0x05, 0x08, 0x1f, 0x5d, 0x86, 0x31, 0x01, 0x08, 0xc5, 0x08, 0x41, 0x08, 0x10, 0x00,
    0x00, 0x00, 0x00, 0x00, 0x5c, 0x10, 0x00, 0x00, 0x00, 0x00, 0x00, 0x01, 0x01, 0x8a, 0x19, 0x61,
    0x08, 0x05, 0x01, 0x1f, 0x5d, 0x86, 0x31, 0x01, 0x01, 0xff, 0x5c, 0x86, 0x31, 0x01, 0x01, 0xdf,
    0x64, 0x86, 0x31, 0x01, 0x01, 0x9e, 0x64, 0x65, 0x29, 0x03, 0x00, 0x00, 0x00, 0x00, 0x00, 0x01,
    0x01, 0x36, 0x53, 0x04, 0x21, 0x01, 0x01, 0x5f, 0x6c, 0x65, 0x29, 0x01, 0x01, 0x5f, 0x74, 0x65,
    0x29, 0x01, 0x01, 0x3e, 0x74, 0x65, 0x29, 0x01, 0x01, 0x1e, 0x74, 0x65, 0x29, 0x01, 0x01, 0x1e,
    0x7c, 0x65, 0x29, 0x01, 0x01, 0xfe, 0x7b, 0x65, 0x29, 0x01, 0x01, 0xde, 0x7b, 0x65, 0x29, 0x01,
    0x01, 0xde, 0x83, 0x65, 0x29, 0x01, 0x01, 0xbe, 0x83, 0x65, 0x29, 0x01, 0x01, 0x9e, 0x83, 0x65,
    0x29, 0x01, 0x01, 0x9e, 0x8b, 0x65, 0x29, 0x01, 0x01, 0x2a, 0x31, 0x61, 0x08, 0x01, 0x02, 0xc5,
    0x08, 0x41, 0x08, 0x02, 0x02, 0x1f, 0x5d, 0x86, 0x31, 0x01, 0x02, 0xff, 0x5c, 0x86, 0x31, 0x01,
    0x02, 0xdf, 0x64, 0x86, 0x31, 0x01, 0x02, 0xbf, 0x64, 0x86, 0x31, 0x01, 0x02, 0x9f, 0x6c, 0x86,
    0x31, 0x01, 0x02, 0x7f, 0x6c, 0x65, 0x29, 0x01, 0x02, 0x3f, 0x74, 0x65, 0x29, 0x01, 0x02, 0xbb,
    0x6b, 0x45, 0x29, 0x01, 0x00, 0x21, 0x00, 0x00, 0x00, 0x0e, 0x00, 0x00, 0x00, 0x00, 0x00, 0x01,
    0x03, 0x5b, 0x4c, 0x45, 0x29, 0x02, 0x03, 0x1f, 0x5d, 0x86, 0x31, 0x01, 0x03, 0xdf, 0x64, 0x86,
    0x31, 0x01, 0x03, 0x9f, 0x6c, 0x86, 0x31, 0x01, 0x03, 0x5f, 0x74, 0x65, 0x29, 0x01, 0x03, 0x1e,
    0x74, 0x65, 0x29, 0x01, 0x03, 0xde, 0x7b, 0x65, 0x29, 0x01, 0x03, 0x74, 0x5a, 0xe3, 0x18, 0x03,
    0x00, 0x00, 0x00, 0x00, 0x00, 0x01, 0x00, 0x21, 0x00, 0x00, 0x00, 0x04, 0x04, 0x1f, 0x5d, 0x86,
    0x31, 0x01, 0x04, 0x1e, 0x74, 0x65, 0x29, 0x01, 0x04, 0xaf, 0xd2, 0x45, 0x29, 0x02, 0x04, 0x47,
    0xfa, 0x45, 0x29, 0x01, 0x04, 0x61, 0x30, 0x41, 0x08, 0x01, 0x05, 0x61, 0x30, 0x41, 0x08, 0x02,
    0x05, 0x47, 0xfa, 0x45, 0x29, 0x01, 0x05, 0xaf, 0xd2, 0x45, 0x29, 0x01, 0x05, 0x1e, 0x74, 0x65,
    0x29, 0x04, 0x05, 0x1f, 0x5d, 0x86, 0x31, 0x01, 0x00, 0x20, 0x00, 0x00, 0x00, 0x03, 0x00, 0x00,
    0x00, 0x00, 0x00, 0x01, 0x06, 0x95, 0x5a, 0xe3, 0x18, 0x01, 0x06, 0xde, 0x7b, 0x65, 0x29, 0x01,
    0x06, 0x1e, 0x74, 0x65, 0x29, 0x01, 0x06, 0x5f, 0x74, 0x65, 0x29, 0x01, 0x06, 0x9f, 0x6c, 0x86,
    0x31, 0x01, 0x06, 0xdf, 0x64, 0x86, 0x31, 0x02, 0x06, 0x1f, 0x5d, 0x86, 0x31, 0x01, 0x06, 0x5a,
    0x4c, 0x45, 0x29, 0x0e, 0x00, 0x00, 0x00, 0x00, 0x00, 0x01, 0x00, 0x21, 0x00, 0x00, 0x00, 0x01,
    0x07, 0xbb, 0x6b, 0x45, 0x29, 0x01, 0x07, 0x3f, 0x74, 0x65, 0x29, 0x01, 0x07, 0x7f, 0x6c, 0x65,
    0x29, 0x01, 0x07, 0x9f, 0x6c, 0x86, 0x31, 0x01, 0x07, 0xbf, 0x64, 0x86, 0x31, 0x01, 0x07, 0xdf,
    0x64, 0x86, 0x31, 0x01, 0x07, 0xff, 0x5c, 0x86, 0x31, 0x02, 0x07, 0x1f, 0x5d, 0x86, 0x31, 0x01,
    0x07, 0xc5, 0x08, 0x20, 0x00, 0x01, 0x08, 0x4b, 0x31, 0x82, 0x10, 0x01, 0x08, 0x9e, 0x8b, 0x65,
    0x29, 0x01, 0x08, 0x9e, 0x83, 0x65, 0x29, 0x01, 0x08, 0xbe, 0x83, 0x65, 0x29, 0x01, 0x08, 0xde,
    0x83, 0x65, 0x29, 0x01, 0x08, 0xde, 0x7b, 0x65, 0x29, 0x01, 0x08, 0xfe, 0x7b, 0x65, 0x29, 0x01,
    0x08, 0x1e, 0x7c, 0x65, 0x29, 0x01, 0x08, 0x1e, 0x74, 0x65, 0x29, 0x01, 0x08, 0x3e, 0x74, 0x65,
    0x29, 0x01, 0x08, 0x5f, 0x74, 0x65, 0x29, 0x01, 0x08, 0x5f, 0x6c, 0x65, 0x29, 0x01, 0x08, 0x36,
    0x53, 0x04, 0x21, 0x03, 0x00, 0x00, 0x00, 0x00, 0x00, 0x01, 0x08, 0x9e, 0x64, 0x65, 0x29, 0x01,
    0x08, 0xdf, 0x64, 0x86, 0x31, 0x01, 0x08, 0xff, 0x5c, 0x86, 0x31, 0x05, 0x08, 0x1f, 0x5d, 0x86,
    0x31, 0x01, 0x08, 0x89, 0x19, 0x61, 0x08, 0x10, 0x00, 0x00, 0x00, 0x00, 0x00, 0x5a, 0x10, 0x00,
    0x00, 0x00, 0x00, 0x00, 0x01, 0x01, 0xec, 0x21, 0x82, 0x10, 0x05, 0x01, 0x1f, 0x5d, 0x86, 0x31,
    0x01, 0x01, 0xff, 0x5c, 0x86, 0x31, 0x01, 0x01, 0xdf, 0x64, 0x86, 0x31, 0x01, 0x01, 0x1a, 0x54,
    0x45, 0x29, 0x03, 0x00, 0x00, 0x00, 0x00, 0x00, 0x01, 0x01, 0x2f, 0x3a, 0xc3, 0x18, 0x01, 0x01,
    0x5f, 0x6c, 0x65, 0x29, 0x01, 0x01, 0x5f, 0x74, 0x65, 0x29, 0x01, 0x01, 0x3e, 0x74, 0x65, 0x29,
    0x01, 0x01, 0x1e, 0x74, 0x65, 0x29, 0x01, 0x01, 0x1e, 0x7c, 0x65, 0x29, 0x01, 0x01, 0xfe, 0x7b,
    0x65, 0x29, 0x01, 0x01, 0xde, 0x7b, 0x65, 0x29, 0x01, 0x01, 0xde, 0x83, 0x65, 0x29, 0x01, 0x01,
    0xbe, 0x83, 0x65, 0x29, 0x01, 0x01, 0x9e, 0x83, 0x65, 0x29, 0x01, 0x01, 0x9e, 0x8b, 0x65, 0x29,
    0x01, 0x01, 0xd8, 0x6a, 0x04, 0x21, 0x01, 0x02, 0xf2, 0x32, 0xe3, 0x18, 0x02, 0x02, 0x1f, 0x5d,
    0x86, 0x31, 0x01, 0x02, 0xff, 0x5c, 0x86, 0x31, 0x01, 0x02, 0xdf, 0x64, 0x86, 0x31, 0x01, 0x02,
    0xbf, 0x64, 0x86, 0x31, 0x01, 0x02, 0x9f, 0x6c, 0x86, 0x31, 0x01, 0x02, 0x7f, 0x6c, 0x65, 0x29,
    0x01, 0x02, 0x3f, 0x74, 0x65, 0x29, 0x01, 0x02, 0xad, 0x31, 0x82, 0x10, 0x0e, 0x00, 0x00, 0x00,
    0x00, 0x00, 0x01, 0x00, 0x42, 0x00, 0x00, 0x00, 0x03, 0x03, 0x1f, 0x5d, 0x86, 0x31, 0x01, 0x03,
    0xdf, 0x64, 0x86, 0x31, 0x01, 0x03, 0x9f, 0x6c, 0x86, 0x31, 0x01, 0x03, 0x5f, 0x74, 0x65, 0x29,
    0x01, 0x03, 0x1e, 0x74, 0x65, 0x29, 0x01, 0x03, 0xde, 0x7b, 0x65, 0x29, 0x01, 0x03, 0x6b, 0x31,
    0x82, 0x10, 0x03, 0x00, 0x00, 0x00, 0x00, 0x00, 0x01, 0x00, 0x42, 0x00, 0x00, 0x00, 0x04, 0x04,
    0x1f, 0x5d, 0x86, 0x31, 0x01, 0x04, 0x1e, 0x74, 0x65, 0x29, 0x01, 0x04, 0xaf, 0xd2, 0x45, 0x29,
    0x02, 0x04, 0x47, 0xfa, 0x45, 0x29, 0x01, 0x00, 0x61, 0x28, 0x20, 0x00, 0x01, 0x05, 0x41, 0x28,
    0x20, 0x00, 0x02, 0x05, 0x47, 0xfa, 0x45, 0x29, 0x01, 0x05, 0xaf, 0xd2, 0x45, 0x29, 0x01, 0x05,
    0x1e, 0x74, 0x65, 0x29, 0x04, 0x05, 0x1f, 0x5d, 0x86, 0x31, 0x01, 0x00, 0x41, 0x00, 0x00, 0x00,
    0x03, 0x00, 0x00, 0x00, 0x00, 0x00, 0x01, 0x06, 0x6c, 0x31, 0x82, 0x10, 0x01, 0x06, 0xde, 0x7b,
    0x65, 0x29, 0x01, 0x06, 0x1e, 0x74, 0x65, 0x29, 0x01, 0x06, 0x5f, 0x74, 0x65, 0x29, 0x01, 0x06,
    0x9f, 0x6c, 0x86, 0x31, 0x01, 0x06, 0xdf, 0x64, 0x86, 0x31, 0x03, 0x06, 0x1f, 0x5d, 0x86, 0x31,
    0x01, 0x00, 0x42, 0x00, 0x00, 0x00, 0x0e, 0x00, 0x00, 0x00, 0x00, 0x00, 0x01, 0x07, 0xcd, 0x31,
    0xa2, 0x10, 0x01, 0x07, 0x3f, 0x74, 0x65, 0x29, 0x01, 0x07, 0x7f, 0x6c, 0x65, 0x29, 0x01, 0x07,
    0x9f, 0x6c, 0x86, 0x31, 0x01, 0x07, 0xbf, 0x64, 0x86, 0x31, 0x01, 0x07, 0xdf, 0x64, 0x86, 0x31,
    0x01, 0x07, 0xff, 0x5c, 0x86, 0x31, 0x02, 0x07, 0x1f, 0x5d, 0x86, 0x31, 0x01, 0x07, 0xd1, 0x32,
    0xc3, 0x18, 0x01, 0x08, 0xd8, 0x72, 0x04, 0x21, 0x01, 0x08, 0x9e, 0x8b, 0x65, 0x29, 0x01, 0x08,
    0x9e, 0x83, 0x65, 0x29, 0x01, 0x08, 0xbe, 0x83, 0x65, 0x29, 0x01, 0x08, 0xde, 0x83, 0x65, 0x29,
    0x01, 0x08, 0xde, 0x7b, 0x65, 0x29, 0x01, 0x08, 0xfe, 0x7b, 0x65, 0x29, 0x01, 0x08, 0x1e, 0x7c,
    0x65, 0x29, 0x01, 0x08, 0x1e, 0x74, 0x65, 0x29, 0x01, 0x08, 0x3e, 0x74, 0x65, 0x29, 0x01, 0x08,
    0x5f, 0x74, 0x65, 0x29, 0x01, 0x08, 0x5f, 0x6c, 0x65, 0x29, 0x01, 0x08, 0x2f, 0x3a, 0xc3, 0x18,
    0x03, 0x00, 0x00, 0x00, 0x00, 0x00, 0x01, 0x08, 0x1a, 0x54, 0x45, 0x29, 0x01, 0x08, 0xdf, 0x64,
    0x86, 0x31, 0x01, 0x08, 0xff, 0x5c, 0x86, 0x31, 0x05, 0x08, 0x1f, 0x5d, 0x86, 0x31, 0x01, 0x08,
    0xcb, 0x21, 0x82, 0x10, 0x10, 0x00, 0x00, 0x00, 0x00, 0x00, 0x5a, 0x10, 0x00, 0x00, 0x00, 0x00,
    0x00, 0x01, 0x01, 0x0c, 0x22, 0xa2, 0x10, 0x05, 0x01, 0x1f, 0x5d, 0x86, 0x31, 0x01, 0x01, 0xff,
    0x5c, 0x86, 0x31, 0x01, 0x01, 0xdf, 0x64, 0x86, 0x31, 0x01, 0x01, 0xd9, 0x4b, 0x24, 0x21, 0x03,
    0x00, 0x00, 0x00, 0x00, 0x00, 0x01, 0x00, 0x62, 0x08, 0x00, 0x00, 0x01, 0x01, 0xfc, 0x63, 0x45,
    0x29, 0x01, 0x01, 0x5f, 0x74, 0x65, 0x29, 0x01, 0x01, 0x3e, 0x74, 0x65, 0x29, 0x01, 0x01, 0x1e,
    0x74, 0x65, 0x29, 0x01, 0x01, 0x1e, 0x7c, 0x65, 0x29, 0x01, 0x01, 0xfe, 0x7b, 0x65, 0x29, 0x01,
    0x01, 0xde, 0x7b, 0x65, 0x29, 0x01, 0x01, 0xde, 0x83, 0x65, 0x29, 0x01, 0x01, 0xbe, 0x83, 0x65,
    0x29, 0x01, 0x01, 0x9e, 0x83, 0x65, 0x29, 0x01, 0x01, 0x9e, 0x8b, 0x65, 0x29, 0x01, 0x01, 0x7e,
    0x8b, 0x65, 0x29, 0x01, 0x02, 0xde, 0x54, 0x65, 0x29, 0x02, 0x02, 0x1f, 0x5d, 0x86, 0x31, 0x01,
    0x02, 0xff, 0x5c, 0x86, 0x31, 0x01, 0x02, 0xdf, 0x64, 0x86, 0x31, 0x01, 0x02, 0xbf, 0x64, 0x86,
    0x31, 0x01, 0x02, 0x9f, 0x6c, 0x86, 0x31, 0x01, 0x02, 0x7f, 0x6c, 0x65, 0x29, 0x01, 0x02, 0xdb,
    0x63, 0x45, 0x29, 0x01, 0x00, 0x21, 0x00, 0x00, 0x00, 0x0e, 0x00, 0x00, 0x00, 0x00, 0x00, 0x01,
    0x03, 0x69, 0x19, 0x61, 0x08, 0x03, 0x03, 0x1f, 0x5d, 0x86, 0x31, 0x01, 0x03, 0xdf, 0x64, 0x86,
    0x31, 0x01, 0x03, 0x9f, 0x6c, 0x86, 0x31, 0x01, 0x03, 0x5f, 0x74, 0x65, 0x29, 0x01, 0x03, 0x1e,
    0x74, 0x65, 0x29, 0x01, 0x03, 0xde, 0x7b, 0x65, 0x29, 0x01, 0x00, 0x63, 0x10, 0x20, 0x00, 0x03,
    0x00, 0x00, 0x00, 0x00, 0x00, 0x01, 0x00, 0x63, 0x08, 0x20, 0x00, 0x04, 0x04, 0x1f, 0x5d, 0x86,
    0x31, 0x01, 0x04, 0x1e, 0x74, 0x65, 0x29, 0x01, 0x04, 0xaf, 0xd2, 0x45, 0x29, 0x02, 0x04, 0x47,
    0xfa, 0x45, 0x29, 0x01, 0x00, 0x40, 0x18, 0x20, 0x00, 0x01, 0x00, 0x40, 0x20, 0x20, 0x00, 0x02,
    0x05, 0x47, 0xfa, 0x45, 0x29, 0x01, 0x05, 0xaf, 0xd2, 0x45, 0x29, 0x01, 0x05, 0x1e, 0x74, 0x65,
    0x29, 0x04, 0x05, 0x1f, 0x5d, 0x86, 0x31, 0x01, 0x00, 0x62, 0x00, 0x20, 0x00, 0x03, 0x00, 0x00,
    0x00, 0x00, 0x00, 0x01, 0x00, 0x63, 0x10, 0x20, 0x00, 0x01, 0x06, 0xde, 0x7b, 0x65, 0x29, 0x01,
    0x06, 0x1e, 0x74, 0x65, 0x29, 0x01, 0x06, 0x5f, 0x74, 0x65, 0x29, 0x01, 0x06, 0x9f, 0x6c, 0x86,
    0x31, 0x01, 0x06, 0xdf, 0x64, 0x86, 0x31, 0x03, 0x06, 0x1f, 0x5d, 0x86, 0x31, 0x01, 0x06, 0x48,
    0x19, 0x61, 0x08, 0x0e, 0x00, 0x00, 0x00, 0x00, 0x00, 0x01, 0x00, 0x21, 0x00, 0x00, 0x00, 0x01,
    0x07, 0xdc, 0x63, 0x45, 0x29, 0x01, 0x07, 0x7f, 0x6c, 0x65, 0x29, 0x01, 0x07, 0x9f, 0x6c, 0x86,
    0x31, 0x01, 0x07, 0xbf, 0x64, 0x86, 0x31, 0x01, 0x07, 0xdf, 0x64, 0x86, 0x31, 0x01, 0x07, 0xff,
    0x5c, 0x86, 0x31, 0x02, 0x07, 0x1f, 0x5d, 0x86, 0x31, 0x01, 0x07, 0xbd, 0x54, 0x65, 0x29, 0x01,
    0x08, 0x7e, 0x8b, 0x65, 0x29, 0x01, 0x08, 0x9e, 0x8b, 0x65, 0x29, 0x01, 0x08, 0x9e, 0x83, 0x65,
    0x29, 0x01, 0x08, 0xbe, 0x83, 0x65, 0x29, 0x01, 0x08, 0xde, 0x83, 0x65, 0x29, 0x01, 0x08, 0xde,
    0x7b, 0x65, 0x29, 0x01, 0x08, 0xfe, 0x7b, 0x65, 0x29, 0x01, 0x08, 0x1e, 0x7c, 0x65, 0x29, 0x01,
    0x08, 0x1e, 0x74, 0x65, 0x29, 0x01, 0x08, 0x3e, 0x74, 0x65, 0x29, 0x01, 0x08, 0x5f, 0x74, 0x65,
    0x29, 0x01, 0x08, 0xfc, 0x63, 0x45, 0x29, 0x01, 0x00, 0x62, 0x08, 0x00, 0x00, 0x03, 0x00, 0x00,
    0x00, 0x00, 0x00, 0x01, 0x08, 0xf9, 0x53, 0x45, 0x29, 0x01, 0x08, 0xdf, 0x64, 0x86, 0x31, 0x01,
    0x08, 0xff, 0x5c, 0x86, 0x31, 0x05, 0x08, 0x1f, 0x5d, 0x86, 0x31, 0x01, 0x08, 0xec, 0x21, 0x82,
    0x10, 0x10, 0x00, 0x00, 0x00, 0x00, 0x00, 0x52, 0x10, 0x00, 0x00, 0x00, 0x00, 0x00, 0x01, 0x01,
    0x0c, 0x22, 0xa2, 0x10, 0x05, 0x01, 0x1f, 0x5d, 0x86, 0x31, 0x01, 0x01, 0xff, 0x5c, 0x86, 0x31,
    0x01, 0x01, 0xdf, 0x64, 0x86, 0x31, 0x01, 0x01, 0x1a, 0x54, 0x45, 0x29, 0x04, 0x00, 0x00, 0x00,
    0x00, 0x00, 0x01, 0x00, 0xa4, 0x10, 0x20, 0x00, 0x01, 0x01, 0x58, 0x5b, 0x24, 0x21, 0x01, 0x01,
    0x3e, 0x74, 0x65, 0x29, 0x01, 0x01, 0x1e, 0x74, 0x65, 0x29, 0x01, 0x01, 0x1e, 0x7c, 0x65, 0x29,
    0x01, 0x01, 0xfe, 0x7b, 0x65, 0x29, 0x01, 0x01, 0xde, 0x7b, 0x65, 0x29, 0x01, 0x01, 0xde, 0x83,
    0x65, 0x29, 0x01, 0x01, 0xbe, 0x83, 0x65, 0x29, 0x01, 0x01, 0x9e, 0x83, 0x65, 0x29, 0x01, 0x01,
    0x9e, 0x8b, 0x65, 0x29, 0x01, 0x01, 0xfe, 0x7b, 0x65, 0x29, 0x03, 0x02, 0x1f, 0x5d, 0x86, 0x31,
    0x01, 0x02, 0xff, 0x5c, 0x86, 0x31, 0x01, 0x02, 0xdf, 0x64, 0x86, 0x31, 0x01, 0x02, 0xbf, 0x64,
    0x86, 0x31, 0x01, 0x02, 0x9f, 0x6c, 0x86, 0x31, 0x01, 0x02, 0x7f, 0x6c, 0x65, 0x29, 0x01, 0x02,
    0x0f, 0x32, 0xa2, 0x10, 0x0f, 0x00, 0x00, 0x00, 0x00, 0x00, 0x01, 0x03, 0x90, 0x2a, 0xc3, 0x18,
    0x03, 0x03, 0x1f, 0x5d, 0x86, 0x31, 0x01, 0x03, 0xdf, 0x64, 0x86, 0x31, 0x01, 0x03, 0x9f, 0x6c,
    0x86, 0x31, 0x01, 0x03, 0x5f, 0x74, 0x65, 0x29, 0x01, 0x03, 0x1e, 0x74, 0x65, 0x29, 0x01, 0x03,
    0x7b, 0x73, 0x45, 0x29, 0x04, 0x00, 0x00, 0x00, 0x00, 0x00, 0x01, 0x00, 0xa4, 0x08, 0x20, 0x00,
    0x04, 0x04, 0x1f, 0x5d, 0x86, 0x31, 0x01, 0x04, 0x1e, 0x74, 0x65, 0x29, 0x01, 0x04, 0xaf, 0xd2,
    0x45, 0x29, 0x02, 0x04, 0x47, 0xfa, 0x45, 0x29, 0x01, 0x00, 0x20, 0x10, 0x00, 0x00, 0x01, 0x00,
    0x40, 0x18, 0x20, 0x00, 0x02, 0x05, 0x47, 0xfa, 0x45, 0x29, 0x01, 0x05, 0xaf, 0xd2, 0x45, 0x29,
    0x01, 0x05, 0x1e, 0x74, 0x65, 0x29, 0x04, 0x05, 0x1f, 0x5d, 0x86, 0x31, 0x01, 0x00, 0x83, 0x08,
    0x20, 0x00, 0x04, 0x00, 0x00, 0x00, 0x00, 0x00, 0x01, 0x06, 0x7b, 0x73, 0x45, 0x29, 0x01, 0x06,
    0x1e, 0x74, 0x65, 0x29, 0x01, 0x06, 0x5f, 0x74, 0x65, 0x29, 0x01, 0x06, 0x9f, 0x6c, 0x86, 0x31,
    0x01, 0x06, 0xdf, 0x64, 0x86, 0x31, 0x03, 0x06, 0x1f, 0x5d, 0x86, 0x31, 0x01, 0x06, 0x6f, 0x2a,
    0xc3, 0x18, 0x0f, 0x00, 0x00, 0x00, 0x00, 0x00, 0x01, 0x07, 0x0f, 0x32, 0xa2, 0x10, 0x01, 0x07,
    0x7f, 0x6c, 0x65, 0x29, 0x01, 0x07, 0x9f, 0x6c, 0x86, 0x31, 0x01, 0x07, 0xbf, 0x64, 0x86, 0x31,
    0x01, 0x07, 0xdf, 0x64, 0x86, 0x31, 0x01, 0x07, 0xff, 0x5c, 0x86, 0x31, 0x03, 0x07, 0x1f, 0x5d,
    0x86, 0x31, 0x01, 0x08, 0xde, 0x7b, 0x65, 0x29, 0x01, 0x08, 0x9e, 0x8b, 0x65, 0x29, 0x01, 0x08,
    0x9e, 0x83, 0x65, 0x29, 0x01, 0x08, 0xbe, 0x83, 0x65, 0x29, 0x01, 0x08, 0xde, 0x83, 0x65, 0x29,
    0x01, 0x08, 0xde, 0x7b, 0x65, 0x29, 0x01, 0x08, 0xfe, 0x7b, 0x65, 0x29, 0x01, 0x08, 0x1e, 0x7c,
    0x65, 0x29, 0x01, 0x08, 0x1e, 0x74, 0x65, 0x29, 0x01, 0x08, 0x3e, 0x74, 0x65, 0x29, 0x01, 0x08,
    0x58, 0x5b, 0x24, 0x21, 0x01, 0x00, 0xa4, 0x10, 0x20, 0x00, 0x04, 0x00, 0x00, 0x00, 0x00, 0x00,
    0x01, 0x08, 0x1b, 0x54, 0x45, 0x29, 0x01, 0x08, 0xdf, 0x64, 0x86, 0x31, 0x01, 0x08, 0xff, 0x5c,
    0x86, 0x31, 0x05, 0x08, 0x1f, 0x5d, 0x86, 0x31, 0x01, 0x08, 0xec, 0x21, 0x82, 0x10, 0x10, 0x00,
    0x00, 0x00, 0x00, 0x00, 0x4f, 0x10, 0x00, 0x00, 0x00, 0x00, 0x00, 0x01, 0x01, 0x69, 0x19, 0x61,
    0x08, 0x05, 0x01, 0x1f, 0x5d, 0x86, 0x31, 0x01, 0x01, 0xff, 0x5c, 0x86, 0x31, 0x01, 0x01, 0xdf,
    0x64, 0x86, 0x31, 0x01, 0x01, 0x9e, 0x5c, 0x65, 0x29, 0x01, 0x00, 0x20, 0x00, 0x00, 0x00, 0x05,
    0x00, 0x00, 0x00, 0x00, 0x00, 0x01, 0x00, 0x84, 0x10, 0x20, 0x00, 0x01, 0x01, 0x28, 0x21, 0x61,
    0x08, 0x01, 0x01, 0x59, 0x63, 0x24, 0x21, 0x01, 0x01, 0xfe, 0x7b, 0x65, 0x29, 0x01, 0x01, 0xde,
    0x7b, 0x65, 0x29, 0x01, 0x01, 0xde, 0x83, 0x65, 0x29, 0x01, 0x01, 0xbe, 0x83, 0x65, 0x29, 0x01,
    0x01, 0x9e, 0x83, 0x65, 0x29, 0x01, 0x01, 0x9e, 0x8b, 0x65, 0x29, 0x01, 0x01, 0x7f, 0x6c, 0x65,
    0x29, 0x03, 0x02, 0x1f, 0x5d, 0x86, 0x31, 0x01, 0x02, 0xff, 0x5c, 0x86, 0x31, 0x01, 0x02, 0xdf,
    0x64, 0x86, 0x31, 0x01, 0x02, 0xbf, 0x64, 0x86, 0x31, 0x01, 0x02, 0x9f, 0x6c, 0x86, 0x31, 0x01,
    0x02, 0x5e, 0x6c, 0x65, 0x29, 0x01, 0x00, 0x63, 0x08, 0x20, 0x00, 0x0f, 0x00, 0x00, 0x00, 0x00,
    0x00, 0x01, 0x03, 0xb7, 0x43, 0x24, 0x21, 0x03, 0x03, 0x1f, 0x5d, 0x86, 0x31, 0x01, 0x03, 0xdf,
    0x64, 0x86, 0x31, 0x01, 0x03, 0x9f, 0x6c, 0x86, 0x31, 0x01, 0x03, 0x5f, 0x74, 0x65, 0x29, 0x01,
    0x03, 0x1e, 0x74, 0x65, 0x29, 0x01, 0x03, 0x94, 0x52, 0xe3, 0x18, 0x04, 0x00, 0x00, 0x00, 0x00,
    0x00, 0x01, 0x00, 0xa4, 0x08, 0x20, 0x00, 0x04, 0x04, 0x1f, 0x5d, 0x86, 0x31, 0x01, 0x04, 0x1e,
    0x74, 0x65, 0x29, 0x01, 0x04, 0xaf, 0xd2, 0x45, 0x29, 0x02, 0x04, 0x47, 0xfa, 0x45, 0x29, 0x02,
    0x00, 0x20, 0x10, 0x00, 0x00, 0x02, 0x05, 0x47, 0xfa, 0x45, 0x29, 0x01, 0x05, 0xaf, 0xd2, 0x45,
    0x29, 0x01, 0x05, 0x1e, 0x74, 0x65, 0x29, 0x04, 0x05, 0x1f, 0x5d, 0x86, 0x31, 0x01, 0x00, 0xa4,
    0x08, 0x20, 0x00, 0x04, 0x00, 0x00, 0x00, 0x00, 0x00, 0x01, 0x06, 0xb5, 0x52, 0xe3, 0x18, 0x01,
    0x06, 0x1e, 0x74, 0x65, 0x29, 0x01, 0x06, 0x5f, 0x74, 0x65, 0x29, 0x01, 0x06, 0x9f, 0x6c, 0x86,
    0x31, 0x01, 0x06, 0xdf, 0x64, 0x86, 0x31, 0x03, 0x06, 0x1f, 0x5d, 0x86, 0x31, 0x01, 0x06, 0x96,
    0x43, 0x04, 0x21, 0x0f, 0x00, 0x00, 0x00, 0x00, 0x00, 0x01, 0x00, 0x63, 0x08, 0x20, 0x00, 0x01,
    0x07, 0x5e, 0x6c, 0x65, 0x29, 0x01, 0x07, 0x9f, 0x6c, 0x86, 0x31, 0x01, 0x07, 0xbf, 0x64, 0x86,
    0x31, 0x01, 0x07, 0xdf, 0x64, 0x86, 0x31, 0x01, 0x07, 0xff, 0x5c, 0x86, 0x31, 0x03, 0x07, 0x1f,
    0x5d, 0x86, 0x31, 0x01, 0x08, 0x7f, 0x6c, 0x65, 0x29, 0x01, 0x08, 0x9e, 0x8b, 0x65, 0x29, 0x01,
    0x08, 0x9e, 0x83, 0x65, 0x29, 0x01, 0x08, 0xbe, 0x83, 0x65, 0x29, 0x01, 0x08, 0xde, 0x83, 0x65,
    0x29, 0x01, 0x08, 0xde, 0x7b, 0x65, 0x29, 0x01, 0x08, 0xfe, 0x7b, 0x65, 0x29, 0x01, 0x08, 0x59,
    0x63, 0x24, 0x21, 0x01, 0x08, 0xe7, 0x18, 0x41, 0x08, 0x01, 0x00, 0x84, 0x10, 0x20, 0x00, 0x05,
    0x00, 0x00, 0x00, 0x00, 0x00, 0x01, 0x00, 0x21, 0x00, 0x00, 0x00, 0x01, 0x08, 0x9e, 0x64, 0x65,
    0x29, 0x01, 0x08, 0xdf, 0x64, 0x86, 0x31, 0x01, 0x08, 0xff, 0x5c, 0x86, 0x31, 0x05, 0x08, 0x1f,
    0x5d, 0x86, 0x31, 0x01, 0x08, 0x68, 0x19, 0x61, 0x08, 0x10, 0x00, 0x00, 0x00, 0x00, 0x00, 0x48,
    0x10, 0x00, 0x00, 0x00, 0x00, 0x00, 0x01, 0x01, 0xe5, 0x10, 0x41, 0x08, 0x05, 0x01, 0x1f, 0x5d,
    0x86, 0x31, 0x01, 0x01, 0xff, 0x5c, 0x86, 0x31, 0x02, 0x01, 0xdf, 0x64, 0x86, 0x31, 0x01, 0x01,
    0x28, 0x19, 0x61, 0x08, 0x07, 0x00, 0x00, 0x00, 0x00, 0x00, 0x01, 0x01, 0xee, 0x39, 0xa2, 0x10,
    0x01, 0x01, 0xfe, 0x7b, 0x65, 0x29, 0x01, 0x01, 0xde, 0x7b, 0x65, 0x29, 0x01, 0x01, 0xde, 0x83,
    0x65, 0x29, 0x01, 0x01, 0xbe, 0x83, 0x65, 0x29, 0x01, 0x01, 0x9e, 0x83, 0x65, 0x29, 0x01, 0x01,
    0x9e, 0x8b, 0x65, 0x29, 0x01, 0x01, 0xff, 0x5c, 0x86, 0x31, 0x03, 0x02, 0x1f, 0x5d, 0x86, 0x31,
    0x01, 0x02, 0xff, 0x5c, 0x86, 0x31, 0x01, 0x02, 0xdf, 0x64, 0x86, 0x31, 0x01, 0x02, 0xbf, 0x64,
    0x86, 0x31, 0x01, 0x02, 0x9f, 0x6c, 0x86, 0x31, 0x01, 0x02, 0x15, 0x4b, 0x04, 0x21, 0x10, 0x00,
    0x00, 0x00, 0x00, 0x00, 0x01, 0x03, 0xbd, 0x54, 0x65, 0x29, 0x03, 0x03, 0x1f, 0x5d, 0x86, 0x31,
    0x01, 0x03, 0xdf, 0x64, 0x86, 0x31, 0x01, 0x03, 0x9f, 0x6c, 0x86, 0x31, 0x01, 0x03, 0x5f, 0x74,
    0x65, 0x29, 0x01, 0x03, 0x1e, 0x74, 0x65, 0x29, 0x01, 0x03, 0xce, 0x39, 0xa2, 0x10, 0x04, 0x00,
    0x00, 0x00, 0x00, 0x00, 0x01, 0x00, 0xa4, 0x08, 0x20, 0x00, 0x04, 0x04, 0x1f, 0x5d, 0x86, 0x31,
    0x01, 0x04, 0x1e, 0x74, 0x65, 0x29, 0x01, 0x04, 0xaf, 0xd2, 0x45, 0x29, 0x02, 0x04, 0x47, 0xfa,
    0x45, 0x29, 0x01, 0x00, 0x20, 0x10, 0x00, 0x00, 0x01, 0x00, 0x40, 0x18, 0x20, 0x00, 0x02, 0x05,
    0x47, 0xfa, 0x45, 0x29, 0x01, 0x05, 0xaf, 0xd2, 0x45, 0x29, 0x01, 0x05, 0x1e, 0x74, 0x65, 0x29,
    0x04, 0x05, 0x1f, 0x5d, 0x86, 0x31, 0x01, 0x00, 0x83, 0x08, 0x20, 0x00, 0x04, 0x00, 0x00, 0x00,
    0x00, 0x00, 0x01, 0x06, 0xce, 0x39, 0xa2, 0x10, 0x01, 0x06, 0x1e, 0x74, 0x65, 0x29, 0x01, 0x06,
    0x5f, 0x74, 0x65, 0x29, 0x01, 0x06, 0x9f, 0x6c, 0x86, 0x31, 0x01, 0x06, 0xdf, 0x64, 0x86, 0x31,
    0x03, 0x06, 0x1f, 0x5d, 0x86, 0x31, 0x01, 0x06, 0xbd, 0x54, 0x65, 0x29, 0x10, 0x00, 0x00, 0x00,
    0x00, 0x00, 0x01, 0x07, 0x16, 0x4b, 0x04, 0x21, 0x01, 0x07, 0x9f, 0x6c, 0x86, 0x31, 0x01, 0x07,
    0xbf, 0x64, 0x86, 0x31, 0x01, 0x07, 0xdf, 0x64, 0x86, 0x31, 0x01, 0x07, 0xff, 0x5c, 0x86, 0x31,
    0x03, 0x07, 0x1f, 0x5d, 0x86, 0x31, 0x01, 0x08, 0xff, 0x64, 0x86, 0x31, 0x01, 0x08, 0x9e, 0x8b,
    0x65, 0x29, 0x01, 0x08, 0x9e, 0x83, 0x65, 0x29, 0x01, 0x08, 0xbe, 0x83, 0x65, 0x29, 0x01, 0x08,
    0xde, 0x83, 0x65, 0x29, 0x01, 0x08, 0xde, 0x7b, 0x65, 0x29, 0x01, 0x08, 0xfe, 0x7b, 0x65, 0x29,
    0x01, 0x08, 0xee, 0x39, 0xa2, 0x10, 0x07, 0x00, 0x00, 0x00, 0x00, 0x00, 0x01, 0x08, 0x48, 0x19,
    0x61, 0x08, 0x02, 0x08, 0xdf, 0x64, 0x86, 0x31, 0x01, 0x08, 0xff, 0x5c, 0x86, 0x31, 0x05, 0x08,
    0x1f, 0x5d, 0x86, 0x31, 0x01, 0x08, 0xc5, 0x08, 0x41, 0x08, 0x10, 0x00, 0x00, 0x00, 0x00, 0x00,
    0x48, 0x11, 0x00, 0x00, 0x00, 0x00, 0x00, 0x01, 0x01, 0xde, 0x54, 0x65, 0x29, 0x04, 0x01, 0x1f,
    0x5d, 0x86, 0x31, 0x01, 0x01, 0xff, 0x5c, 0x86, 0x31, 0x02, 0x01, 0xdf, 0x64, 0x86, 0x31, 0x01,
    0x01, 0x35, 0x43, 0x04, 0x21, 0x07, 0x00, 0x00, 0x00, 0x00, 0x00, 0x01, 0x01, 0xb4, 0x52, 0xe3,
    0x18, 0x01, 0x01, 0xfe, 0x7b, 0x65, 0x29, 0x01, 0x01, 0xde, 0x7b, 0x65, 0x29, 0x01, 0x01, 0xde,
    0x83, 0x65, 0x29, 0x01, 0x01, 0xbe, 0x83, 0x65, 0x29, 0x01, 0x01, 0x9e, 0x83, 0x65, 0x29, 0x01,
    0x01, 0xbe, 0x83, 0x65, 0x29, 0x01, 0x01, 0x1f, 0x5d, 0x86, 0x31, 0x03, 0x02, 0x1f, 0x5d, 0x86,
    0x31, 0x01, 0x02, 0xff, 0x5c, 0x86, 0x31, 0x01, 0x02, 0xdf, 0x64, 0x86, 0x31, 0x01, 0x02, 0xbf,
    0x64, 0x86, 0x31, 0x01, 0x02, 0x9f, 0x6c, 0x86, 0x31, 0x01, 0x02, 0xab, 0x29, 0x82, 0x10, 0x0f,
    0x00, 0x00, 0x00, 0x00, 0x00, 0x01, 0x00, 0x62, 0x00, 0x00, 0x00, 0x04, 0x03, 0x1f, 0x5d, 0x86,
    0x31, 0x01, 0x03, 0xdf, 0x64, 0x86, 0x31, 0x01, 0x03, 0x9f, 0x6c, 0x86, 0x31, 0x01, 0x03, 0x5f,
    0x74, 0x65, 0x29, 0x01, 0x03, 0x1e, 0x74, 0x65, 0x29, 0x01, 0x03, 0xe7, 0x18, 0x41, 0x08, 0x04,
    0x00, 0x00, 0x00, 0x00, 0x00, 0x01, 0x00, 0x83, 0x08, 0x20, 0x00, 0x04, 0x04, 0x1f, 0x5d, 0x86,
    0x31, 0x01, 0x04, 0x1e, 0x74, 0x65, 0x29, 0x01, 0x04, 0xaf, 0xd2, 0x45, 0x29, 0x02, 0x04, 0x47,
    0xfa, 0x45, 0x29, 0x01, 0x00, 0x20, 0x18, 0x20, 0x00, 0x01, 0x00, 0x41, 0x20, 0x20, 0x00, 0x02,
    0x05, 0x47, 0xfa, 0x45, 0x29, 0x01, 0x05, 0xaf, 0xd2, 0x45, 0x29, 0x01, 0x05, 0x1e, 0x74, 0x65,
    0x29, 0x04, 0x05, 0x1f, 0x5d, 0x86, 0x31, 0x01, 0x00, 0x62, 0x08, 0x20, 0x00, 0x04, 0x00, 0x00,
    0x00, 0x00, 0x00, 0x01, 0x06, 0x08, 0x21, 0x41, 0x08, 0x01, 0x06, 0x1e, 0x74, 0x65, 0x29, 0x01,
    0x06, 0x5f, 0x74, 0x65, 0x29, 0x01, 0x06, 0x9f, 0x6c, 0x86, 0x31, 0x01, 0x06, 0xdf, 0x64, 0x86,
    0x31, 0x04, 0x06, 0x1f, 0x5d, 0x86, 0x31, 0x01, 0x00, 0x41, 0x00, 0x00, 0x00, 0x0f, 0x00, 0x00,
    0x00, 0x00, 0x00, 0x01, 0x07, 0xac, 0x29, 0x82, 0x10, 0x01, 0x07, 0x9f, 0x6c, 0x86, 0x31, 0x01,
    0x07, 0xbf, 0x64, 0x86, 0x31, 0x01, 0x07, 0xdf, 0x64, 0x86, 0x31, 0x01, 0x07, 0xff, 0x5c, 0x86,
    0x31, 0x03, 0x07, 0x1f, 0x5d, 0x86, 0x31, 0x01, 0x08, 0x1f, 0x5d, 0x86, 0x31, 0x01, 0x08, 0xbe,
    0x83, 0x65, 0x29, 0x01, 0x08, 0x9e, 0x83, 0x65, 0x29, 0x01, 0x08, 0xbe, 0x83, 0x65, 0x29, 0x01,
    0x08, 0xde, 0x83, 0x65, 0x29, 0x01, 0x08, 0xde, 0x7b, 0x65, 0x29, 0x01, 0x08, 0xfe, 0x7b, 0x65,
    0x29, 0x01, 0x08, 0x93, 0x4a, 0xe3, 0x18, 0x07, 0x00, 0x00, 0x00, 0x00, 0x00, 0x01, 0x08, 0x56,
    0x4b, 0x04, 0x21, 0x02, 0x08, 0xdf, 0x64, 0x86, 0x31, 0x01, 0x08, 0xff, 0x5c, 0x86, 0x31, 0x04,
    0x08, 0x1f, 0x5d, 0x86, 0x31, 0x01, 0x08, 0xde, 0x54, 0x65, 0x29, 0x11, 0x00, 0x00, 0x00, 0x00,
    0x00, 0x4a, 0x11, 0x00, 0x00, 0x00, 0x00, 0x00, 0x01, 0x01, 0xb7, 0x43, 0x04, 0x21, 0x04, 0x01,
    0x1f, 0x5d, 0x86, 0x31, 0x01, 0x01, 0xff, 0x5c, 0x86, 0x31, 0x02, 0x01, 0xdf, 0x64, 0x86, 0x31,
    0x01, 0x01, 0xbf, 0x64, 0x86, 0x31, 0x01, 0x01, 0xab, 0x21, 0x82, 0x10, 0x05, 0x00, 0x00, 0x00,
    0x00, 0x00, 0x01, 0x01, 0x6b, 0x29, 0x82, 0x10, 0x02, 0x01, 0xfe, 0x7b, 0x65, 0x29, 0x01, 0x01,
    0xde, 0x7b, 0x65, 0x29, 0x01, 0x01, 0xde, 0x83, 0x65, 0x29, 0x01, 0x01, 0xbe, 0x83, 0x65, 0x29,
    0x01, 0x01, 0x9e, 0x83, 0x65, 0x29, 0x01, 0x01, 0x1e, 0x7c, 0x65, 0x29, 0x01, 0x01, 0x1f, 0x5d,
    0x86, 0x31, 0x03, 0x02, 0x1f, 0x5d, 0x86, 0x31, 0x01, 0x02, 0xff, 0x5c, 0x86, 0x31, 0x01, 0x02,
    0xdf, 0x64, 0x86, 0x31, 0x01, 0x02, 0xbf, 0x64, 0x86, 0x31, 0x01, 0x02, 0x7f, 0x6c, 0x65, 0x29,
    0x01, 0x00, 0x42, 0x08, 0x00, 0x00, 0x0f, 0x00, 0x00, 0x00, 0x00, 0x00, 0x01, 0x03, 0xe6, 0x10,
    0x41, 0x08, 0x04, 0x03, 0x1f, 0x5d, 0x86, 0x31, 0x01, 0x03, 0xdf, 0x64, 0x86, 0x31, 0x01, 0x03,
    0x9f, 0x6c, 0x86, 0x31, 0x01, 0x03, 0x5f, 0x74, 0x65, 0x29, 0x01, 0x03, 0x1e, 0x74, 0x65, 0x29,
    0x01, 0x00, 0x42, 0x08, 0x00, 0x00, 0x04, 0x00, 0x00, 0x00, 0x00, 0x00, 0x01, 0x00, 0x62, 0x08,
    0x20, 0x00, 0x04, 0x04, 0x1f, 0x5d, 0x86, 0x31, 0x01, 0x04, 0x1e, 0x74, 0x65, 0x29, 0x01, 0x04,
    0xaf, 0xd2, 0x45, 0x29, 0x02, 0x04, 0x47, 0xfa, 0x45, 0x29, 0x01, 0x00, 0x40, 0x20, 0x20, 0x00,
    0x01, 0x00, 0x41, 0x20, 0x20, 0x00, 0x02, 0x05, 0x47, 0xfa, 0x45, 0x29, 0x01, 0x05, 0xaf, 0xd2,
    0x45, 0x29, 0x01, 0x05, 0x1e, 0x74, 0x65, 0x29, 0x04, 0x05, 0x1f, 0x5d, 0x86, 0x31, 0x01, 0x00,
    0x42, 0x00, 0x00, 0x00, 0x04, 0x00, 0x00, 0x00, 0x00, 0x00, 0x01, 0x00, 0x42, 0x08, 0x00, 0x00,
    0x01, 0x06, 0x1e, 0x74, 0x65, 0x29, 0x01, 0x06, 0x5f, 0x74, 0x65, 0x29, 0x01, 0x06, 0x9f, 0x6c,
    0x86, 0x31, 0x01, 0x06, 0xdf, 0x64, 0x86, 0x31, 0x04, 0x06, 0x1f, 0x5d, 0x86, 0x31, 0x01, 0x06,
    0xe5, 0x10, 0x41, 0x08, 0x0f, 0x00, 0x00, 0x00, 0x00, 0x00, 0x01, 0x00, 0x62, 0x08, 0x20, 0x00,
    0x01, 0x07, 0x7f, 0x6c, 0x65, 0x29, 0x01, 0x07, 0xbf, 0x64, 0x86, 0x31, 0x01, 0x07, 0xdf, 0x64,
    0x86, 0x31, 0x01, 0x07, 0xff, 0x5c, 0x86, 0x31, 0x03, 0x07, 0x1f, 0x5d, 0x86, 0x31, 0x01, 0x08,
    0x1f, 0x5d, 0x86, 0x31, 0x01, 0x08, 0x1e, 0x7c, 0x65, 0x29, 0x01, 0x08, 0x9e, 0x83, 0x65, 0x29,
    0x01, 0x08, 0xbe, 0x83, 0x65, 0x29, 0x01, 0x08, 0xde, 0x83, 0x65, 0x29, 0x01, 0x08, 0xde, 0x7b,
    0x65, 0x29, 0x02, 0x08, 0xfe, 0x7b, 0x65, 0x29, 0x01, 0x08, 0x6a, 0x29, 0x61, 0x08, 0x05, 0x00,
    0x00, 0x00, 0x00, 0x00, 0x01, 0x08, 0xab, 0x21, 0x82, 0x10, 0x01, 0x08, 0xbf, 0x64, 0x86, 0x31,
    0x02, 0x08, 0xdf, 0x64, 0x86, 0x31, 0x01, 0x08, 0xff, 0x5c, 0x86, 0x31, 0x04, 0x08, 0x1f, 0x5d,
    0x86, 0x31, 0x01, 0x08, 0x96, 0x43, 0x04, 0x21, 0x11, 0x00, 0x00, 0x00, 0x00, 0x00, 0x5c, 0x11,
    0x00, 0x00, 0x00, 0x00, 0x00, 0x01, 0x01, 0xec, 0x21, 0x82, 0x10, 0x04, 0x01, 0x1f, 0x5d, 0x86,
    0x31, 0x01, 0x01, 0xff, 0x5c, 0x86, 0x31, 0x02, 0x01, 0xdf, 0x64, 0x86, 0x31, 0x01, 0x01, 0xbf,
    0x64, 0x86, 0x31, 0x01, 0x01, 0x9f, 0x64, 0x65, 0x29, 0x01, 0x01, 0x50, 0x32, 0xc3, 0x18, 0x01,
    0x00, 0x63, 0x08, 0x20, 0x00, 0x01, 0x00, 0x00, 0x00, 0x00, 0x00, 0x01, 0x01, 0xe6, 0x18, 0x41,
    0x08, 0x01, 0x01, 0xb3, 0x4a, 0xe3, 0x18, 0x01, 0x01, 0x1e, 0x74, 0x65, 0x29, 0x01, 0x01, 0x1e,
    0x7c, 0x65, 0x29, 0x01, 0x01, 0xfe, 0x7b, 0x65, 0x29, 0x01, 0x01, 0xde, 0x7b, 0x65, 0x29, 0x01,
    0x01, 0xde, 0x83, 0x65, 0x29, 0x01, 0x01, 0xbe, 0x83, 0x65, 0x29, 0x01, 0x01, 0x9e, 0x83, 0x65,
    0x29, 0x01, 0x01, 0x7f, 0x6c, 0x65, 0x29, 0x01, 0x01, 0x1f, 0x5d, 0x86, 0x31, 0x03, 0x02, 0x1f,
    0x5d, 0x86, 0x31, 0x01, 0x02, 0xff, 0x5c, 0x86, 0x31, 0x01, 0x02, 0xdf, 0x64, 0x86, 0x31, 0x01,
    0x02, 0xbf, 0x64, 0x86, 0x31, 0x01, 0x02, 0xda, 0x5b, 0x45, 0x29, 0x04, 0x00, 0x00, 0x00, 0x00,
    0x00, 0x01, 0x00, 0x42, 0x08, 0x00, 0x00, 0x01, 0x02, 0x08, 0x21, 0x61, 0x08, 0x01, 0x02, 0x2a,
    0x29, 0x61, 0x08, 0x01, 0x02, 0xe8, 0x28, 0x61, 0x08, 0x01, 0x00, 0x64, 0x10, 0x20, 0x00, 0x07,
    0x00, 0x00, 0x00, 0x00, 0x00, 0x01, 0x03, 0x8a, 0x19, 0x61, 0x08, 0x04, 0x03, 0x1f, 0x5d, 0x86,
    0x31, 0x01, 0x03, 0xdf, 0x64, 0x86, 0x31, 0x01, 0x03, 0x9f, 0x6c, 0x86, 0x31, 0x01, 0x03, 0x5f,
    0x74, 0x65, 0x29, 0x01, 0x03, 0xdd, 0x73, 0x65, 0x29, 0x05, 0x00, 0x00, 0x00, 0x00, 0x00, 0x01,
    0x00, 0x41, 0x00, 0x00, 0x00, 0x04, 0x04, 0x1f, 0x5d, 0x86, 0x31, 0x01, 0x04, 0x1e, 0x74, 0x65,
    0x29, 0x01, 0x04, 0xaf, 0xd2, 0x45, 0x29, 0x02, 0x04, 0x47, 0xfa, 0x45, 0x29, 0x01, 0x04, 0x61,
    0x28, 0x20, 0x00, 0x01, 0x05, 0x61, 0x28, 0x20, 0x00, 0x02, 0x05, 0x47, 0xfa, 0x45, 0x29, 0x01,
    0x05, 0xaf, 0xd2, 0x45, 0x29, 0x01, 0x05, 0x1e, 0x74, 0x65, 0x29, 0x04, 0x05, 0x1f, 0x5d, 0x86,
    0x31, 0x01, 0x00, 0x41, 0x00, 0x00, 0x00, 0x05, 0x00, 0x00, 0x00, 0x00, 0x00, 0x01, 0x06, 0xfd,
    0x73, 0x65, 0x29, 0x01, 0x06, 0x5f, 0x74, 0x65, 0x29, 0x01, 0x06, 0x9f, 0x6c, 0x86, 0x31, 0x01,
    0x06, 0xdf, 0x64, 0x86, 0x31, 0x04, 0x06, 0x1f, 0x5d, 0x86, 0x31, 0x01, 0x06, 0x69, 0x19, 0x61,
    0x08, 0x07, 0x00, 0x00, 0x00, 0x00, 0x00, 0x01, 0x00, 0x64, 0x10, 0x20, 0x00, 0x01, 0x07, 0xe8,
    0x28, 0x61, 0x08, 0x01, 0x07, 0x2a, 0x29, 0x61, 0x08, 0x01, 0x07, 0x08, 0x21, 0x61, 0x08, 0x01,
    0x00, 0x42, 0x08, 0x00, 0x00, 0x04, 0x00, 0x00, 0x00, 0x00, 0x00, 0x01, 0x07, 0xda, 0x5b, 0x45,
    0x29, 0x01, 0x07, 0xbf, 0x64, 0x86, 0x31, 0x01, 0x07, 0xdf, 0x64, 0x86, 0x31, 0x01, 0x07, 0xff,
    0x5c, 0x86, 0x31, 0x03, 0x07, 0x1f, 0x5d, 0x86, 0x31, 0x01, 0x08, 0x1f, 0x5d, 0x86, 0x31, 0x01,
    0x08, 0x7f, 0x6c, 0x65, 0x29, 0x01, 0x08, 0x9e, 0x83, 0x65, 0x29, 0x01, 0x08, 0xbe, 0x83, 0x65,
    0x29, 0x01, 0x08, 0xde, 0x83, 0x65, 0x29, 0x01, 0x08, 0xde, 0x7b, 0x65, 0x29, 0x01, 0x08, 0xfe,
    0x7b, 0x65, 0x29, 0x01, 0x08, 0x1e, 0x7c, 0x65, 0x29, 0x01, 0x08, 0x1e, 0x74, 0x65, 0x29, 0x01,
    0x08, 0xb3, 0x4a, 0xe3, 0x18, 0x01, 0x08, 0xe6, 0x10, 0x41, 0x08, 0x01, 0x00, 0x00, 0x00, 0x00,
    0x00, 0x01, 0x00, 0x83, 0x08, 0x20, 0x00, 0x01, 0x08, 0x70, 0x3a, 0xc3, 0x18, 0x01, 0x08, 0x9f,
    0x64, 0x65, 0x29, 0x01, 0x08, 0xbf, 0x64, 0x86, 0x31, 0x02, 0x08, 0xdf, 0x64, 0x86, 0x31, 0x01,
    0x08, 0xff, 0x5c, 0x86, 0x31, 0x04, 0x08, 0x1f, 0x5d, 0x86, 0x31, 0x01, 0x08, 0xcb, 0x21, 0x82,
    0x10, 0x11, 0x00, 0x00, 0x00, 0x00, 0x00, 0x62, 0x11, 0x00, 0x00, 0x00, 0x00, 0x00, 0x01, 0x00,
    0x21, 0x00, 0x00, 0x00, 0x01, 0x01, 0xbd, 0x54, 0x65, 0x29, 0x03, 0x01, 0x1f, 0x5d, 0x86, 0x31,
    0x01, 0x01, 0xff, 0x5c, 0x86, 0x31, 0x02, 0x01, 0xdf, 0x64, 0x86, 0x31, 0x01, 0x01, 0xbf, 0x64,
    0x86, 0x31, 0x02, 0x01, 0x9f, 0x6c, 0x86, 0x31, 0x01, 0x01, 0x7f, 0x6c, 0x65, 0x29, 0x01, 0x01,
    0x5f, 0x6c, 0x65, 0x29, 0x01, 0x01, 0x5f, 0x74, 0x65, 0x29, 0x01, 0x01, 0x3e, 0x74, 0x65, 0x29,
    0x01, 0x01, 0x1e, 0x74, 0x65, 0x29, 0x01, 0x01, 0x1e, 0x7c, 0x65, 0x29, 0x01, 0x01, 0xfe, 0x7b,
    0x65, 0x29, 0x01, 0x01, 0xde, 0x7b, 0x65, 0x29, 0x01, 0x01, 0xde, 0x83, 0x65, 0x29, 0x01, 0x01,
    0xbe, 0x83, 0x65, 0x29, 0x01, 0x01, 0x9e, 0x83, 0x65, 0x29, 0x01, 0x01, 0xbf, 0x64, 0x86, 0x31,
    0x04, 0x02, 0x1f, 0x5d, 0x86, 0x31, 0x01, 0x02, 0xff, 0x5c, 0x86, 0x31, 0x01, 0x02, 0xdf, 0x64,
    0x86, 0x31, 0x01, 0x02, 0xbf, 0x64, 0x86, 0x31, 0x01, 0x02, 0xd3, 0x42, 0xe3, 0x18, 0x03, 0x00,
    0x00, 0x00, 0x00, 0x00, 0x01, 0x02, 0x30, 0x42, 0xc3, 0x18, 0x01, 0x02, 0xdd, 0x7b, 0x65, 0x29,
    0x01, 0x02, 0xbe, 0x83, 0x65, 0x29, 0x01, 0x02, 0x9e, 0x83, 0x65, 0x29, 0x01, 0x02, 0x7e, 0x8b,
    0x65, 0x29, 0x01, 0x02, 0x5d, 0x8b, 0x45, 0x29, 0x01, 0x02, 0xd8, 0x82, 0x24, 0x21, 0x01, 0x02,
    0x8d, 0x49, 0xa2, 0x10, 0x01, 0x00, 0x21, 0x08, 0x00, 0x00, 0x04, 0x00, 0x00, 0x00, 0x00, 0x00,
    0x01, 0x03, 0x2e, 0x22, 0xa2, 0x10, 0x04, 0x03, 0x1f, 0x5d, 0x86, 0x31, 0x01, 0x03, 0xdf, 0x64,
    0x86, 0x31, 0x01, 0x03, 0x9f, 0x6c, 0x86, 0x31, 0x01, 0x03, 0x5f, 0x74, 0x65, 0x29, 0x01, 0x03,
    0x79, 0x63, 0x24, 0x21, 0x06, 0x00, 0x00, 0x00, 0x00, 0x00, 0x01, 0x04, 0xff, 0x5c, 0x86, 0x31,
    0x03, 0x04, 0x1f, 0x5d, 0x86, 0x31, 0x01, 0x04, 0x1e, 0x74, 0x65, 0x29, 0x01, 0x04, 0xaf, 0xd2,
    0x45, 0x29, 0x02, 0x04, 0x47, 0xfa, 0x45, 0x29, 0x01, 0x04, 0xa2, 0x40, 0x41, 0x08, 0x01, 0x05,
    0xa2, 0x40, 0x41, 0x08, 0x02, 0x05, 0x47, 0xfa, 0x45, 0x29, 0x01, 0x05, 0xaf, 0xd2, 0x45, 0x29,
    0x01, 0x05, 0x1e, 0x74, 0x65, 0x29, 0x03, 0x05, 0x1f, 0x5d, 0x86, 0x31, 0x01, 0x05, 0xff, 0x54,
    0x86, 0x31, 0x06, 0x00, 0x00, 0x00, 0x00, 0x00, 0x01, 0x06, 0x7a, 0x63, 0x24, 0x21, 0x01, 0x06,
    0x5f, 0x74, 0x65, 0x29, 0x01, 0x06, 0x9f, 0x6c, 0x86, 0x31, 0x01, 0x06, 0xdf, 0x64, 0x86, 0x31,
    0x04, 0x06, 0x1f, 0x5d, 0x86, 0x31, 0x01, 0x06, 0x0d, 0x22, 0xa2, 0x10, 0x04, 0x00, 0x00, 0x00,
    0x00, 0x00, 0x01, 0x00, 0x21, 0x08, 0x00, 0x00, 0x01, 0x07, 0x8d, 0x49, 0xa2, 0x10, 0x01, 0x07,
    0xf8, 0x82, 0x24, 0x21, 0x01, 0x07, 0x5d, 0x8b, 0x45, 0x29, 0x01, 0x07, 0x7e, 0x8b, 0x65, 0x29,
    0x01, 0x07, 0x9e, 0x83, 0x65, 0x29, 0x01, 0x07, 0xbe, 0x83, 0x65, 0x29, 0x01, 0x07, 0xdd, 0x7b,
    0x65, 0x29, 0x01, 0x07, 0x30, 0x42, 0xc3, 0x18, 0x03, 0x00, 0x00, 0x00, 0x00, 0x00, 0x01, 0x07,
    0xd3, 0x42, 0xe3, 0x18, 0x01, 0x07, 0xbf, 0x64, 0x86, 0x31, 0x01, 0x07, 0xdf, 0x64, 0x86, 0x31,
    0x01, 0x07, 0xff, 0x5c, 0x86, 0x31, 0x04, 0x07, 0x1f, 0x5d, 0x86, 0x31, 0x01, 0x08, 0x9f, 0x6c,
    0x86, 0x31, 0x01, 0x08, 0x9e, 0x83, 0x65, 0x29, 0x01, 0x08, 0xbe, 0x83, 0x65, 0x29, 0x01, 0x08,
    0xde, 0x83, 0x65, 0x29, 0x01, 0x08, 0xde, 0x7b, 0x65, 0x29, 0x01, 0x08, 0xfe, 0x7b, 0x65, 0x29,
    0x01, 0x08, 0x1e, 0x7c, 0x65, 0x29, 0x01, 0x08, 0x1e, 0x74, 0x65, 0x29, 0x01, 0x08, 0x3e, 0x74,
    0x65, 0x29, 0x01, 0x08, 0x5f, 0x74, 0x65, 0x29, 0x01, 0x08, 0x5f, 0x6c, 0x65, 0x29, 0x01, 0x08,
    0x7f, 0x6c, 0x65, 0x29, 0x02, 0x08, 0x9f, 0x6c, 0x86, 0x31, 0x01, 0x08, 0xbf, 0x64, 0x86, 0x31,
    0x02, 0x08, 0xdf, 0x64, 0x86, 0x31, 0x01, 0x08, 0xff, 0x5c, 0x86, 0x31, 0x03, 0x08, 0x1f, 0x5d,
    0x86, 0x31, 0x01, 0x08, 0xbd, 0x54, 0x65, 0x29, 0x01, 0x00, 0x21, 0x00, 0x00, 0x00, 0x11, 0x00,
    0x00, 0x00, 0x00, 0x00, 0x64, 0x12, 0x00, 0x00, 0x00, 0x00, 0x00, 0x01, 0x01, 0x6f, 0x2a, 0xc3,
    0x18, 0x03, 0x01, 0x1f, 0x5d, 0x86, 0x31, 0x01, 0x01, 0xff, 0x5c, 0x86, 0x31, 0x02, 0x01, 0xdf,
    0x64, 0x86, 0x31, 0x01, 0x01, 0xbf, 0x64, 0x86, 0x31, 0x02, 0x01, 0x9f, 0x6c, 0x86, 0x31, 0x01,
    0x01, 0x7f, 0x6c, 0x65, 0x29, 0x01, 0x01, 0x5f, 0x6c, 0x65, 0x29, 0x01, 0x01, 0x5f, 0x74, 0x65,
    0x29, 0x01, 0x01, 0x3e, 0x74, 0x65, 0x29, 0x01, 0x01, 0x1e, 0x74, 0x65, 0x29, 0x01, 0x01, 0x1e,
    0x7c, 0x65, 0x29, 0x01, 0x01, 0xfe, 0x7b, 0x65, 0x29, 0x01, 0x01, 0xde, 0x7b, 0x65, 0x29, 0x01,
    0x01, 0xde, 0x83, 0x65, 0x29, 0x01, 0x01, 0xbe, 0x83, 0x65, 0x29, 0x01, 0x01, 0x9e, 0x83, 0x65,
    0x29, 0x01, 0x01, 0xdf, 0x64, 0x86, 0x31, 0x04, 0x02, 0x1f, 0x5d, 0x86, 0x31, 0x01, 0x02, 0xff,
    0x5c, 0x86, 0x31, 0x01, 0x02, 0xdf, 0x64, 0x86, 0x31, 0x01, 0x02, 0xbf, 0x64, 0x86, 0x31, 0x01,
    0x02, 0xed, 0x29, 0xa2, 0x10, 0x02, 0x00, 0x00, 0x00, 0x00, 0x00, 0x01, 0x02, 0x30, 0x3a, 0xc3,
    0x18, 0x01, 0x02, 0xfe, 0x7b, 0x65, 0x29, 0x01, 0x02, 0xde, 0x7b, 0x65, 0x29, 0x01, 0x02, 0xbe,
    0x83, 0x65, 0x29, 0x01, 0x02, 0x9e, 0x83, 0x65, 0x29, 0x01, 0x02, 0x7e, 0x8b, 0x65, 0x29, 0x01,
    0x02, 0x5d, 0x8b, 0x45, 0x29, 0x01, 0x02, 0x5b, 0x93, 0x45, 0x29, 0x01, 0x02, 0x3a, 0x9b, 0x45,
    0x29, 0x01, 0x02, 0xd6, 0x92, 0x24, 0x21, 0x01, 0x02, 0xa5, 0x28, 0x41, 0x08, 0x03, 0x00, 0x00,
    0x00, 0x00, 0x00, 0x01, 0x03, 0xd1, 0x32, 0xc3, 0x18, 0x04, 0x03, 0x1f, 0x5d, 0x86, 0x31, 0x01,
    0x03, 0xdf, 0x64, 0x86, 0x31, 0x01, 0x03, 0x9f, 0x6c, 0x86, 0x31, 0x01, 0x03, 0x5f, 0x74, 0x65,
    0x29, 0x01, 0x03, 0xf6, 0x52, 0x04, 0x21, 0x06, 0x00, 0x00, 0x00, 0x00, 0x00, 0x01, 0x04, 0x9c,
    0x4c, 0x65, 0x29, 0x03, 0x04, 0x1f, 0x5d, 0x86, 0x31, 0x01, 0x04, 0x1e, 0x74, 0x65, 0x29, 0x01,
    0x04, 0xaf, 0xd2, 0x45, 0x29, 0x02, 0x04, 0x47, 0xfa, 0x45, 0x29, 0x01, 0x04, 0xc2, 0x58, 0x61,
    0x08, 0x01, 0x05, 0xc2, 0x60, 0x61, 0x08, 0x02, 0x05, 0x47, 0xfa, 0x45, 0x29, 0x01, 0x05, 0xaf,
    0xd2, 0x45, 0x29, 0x01, 0x05, 0x1e, 0x74, 0x65, 0x29, 0x03, 0x05, 0x1f, 0x5d, 0x86, 0x31, 0x01,
    0x05, 0x7c, 0x4c, 0x65, 0x29, 0x06, 0x00, 0x00, 0x00, 0x00, 0x00, 0x01, 0x06, 0xf6, 0x52, 0x04,
    0x21, 0x01, 0x06, 0x5f, 0x74, 0x65, 0x29, 0x01, 0x06, 0x9f, 0x6c, 0x86, 0x31, 0x01, 0x06, 0xdf,
    0x64, 0x86, 0x31, 0x04, 0x06, 0x1f, 0x5d, 0x86, 0x31, 0x01, 0x06, 0xd1, 0x32, 0xc3, 0x18, 0x03,
    0x00, 0x00, 0x00, 0x00, 0x00, 0x01, 0x07, 0xc5, 0x28, 0x41, 0x08, 0x01, 0x07, 0xd6, 0x92, 0x24,
    0x21, 0x01, 0x07, 0x3a, 0x9b, 0x45, 0x29, 0x01, 0x07, 0x5b, 0x93, 0x45, 0x29, 0x01, 0x07, 0x5d,
    0x8b, 0x45, 0x29, 0x01, 0x07, 0x7e, 0x8b, 0x65, 0x29, 0x01, 0x07, 0x9e, 0x83, 0x65, 0x29, 0x01,
    0x07, 0xbe, 0x83, 0x65, 0x29, 0x01, 0x07, 0xde, 0x7b, 0x65, 0x29, 0x01, 0x07, 0xfe, 0x7b, 0x65,
    0x29, 0x01, 0x07, 0x30, 0x3a, 0xc3, 0x18, 0x02, 0x00, 0x00, 0x00, 0x00, 0x00, 0x01, 0x07, 0x0e,
    0x2a, 0xa2, 0x10, 0x01, 0x07, 0xbf, 0x64, 0x86, 0x31, 0x01, 0x07, 0xdf, 0x64, 0x86, 0x31, 0x01,
    0x07, 0xff, 0x5c, 0x86, 0x31, 0x04, 0x07, 0x1f, 0x5d, 0x86, 0x31, 0x01, 0x08, 0xdf, 0x64, 0x86,
    0x31, 0x01, 0x08, 0x9e, 0x83, 0x65, 0x29, 0x01, 0x08, 0xbe, 0x83, 0x65, 0x29, 0x01, 0x08, 0xde,
    0x83, 0x65, 0x29, 0x01, 0x08, 0xde, 0x7b, 0x65, 0x29, 0x01, 0x08, 0xfe, 0x7b, 0x65, 0x29, 0x01,
    0x08, 0x1e, 0x7c, 0x65, 0x29, 0x01, 0x08, 0x1e, 0x74, 0x65, 0x29, 0x01, 0x08, 0x3e, 0x74, 0x65,
    0x29, 0x01, 0x08, 0x5f, 0x74, 0x65, 0x29, 0x01, 0x08, 0x5f, 0x6c, 0x65, 0x29, 0x01, 0x08, 0x7f,
    0x6c, 0x65, 0x29, 0x02, 0x08, 0x9f, 0x6c, 0x86, 0x31, 0x01, 0x08, 0xbf, 0x64, 0x86, 0x31, 0x02,
    0x08, 0xdf, 0x64, 0x86, 0x31, 0x01, 0x08, 0xff, 0x5c, 0x86, 0x31, 0x03, 0x08, 0x1f, 0x5d, 0x86,
    0x31, 0x01, 0x08, 0x6e, 0x2a, 0xa2, 0x10, 0x12, 0x00, 0x00, 0x00, 0x00, 0x00, 0x68, 0x12, 0x00,
    0x00, 0x00, 0x00, 0x00, 0x01, 0x00, 0x20, 0x00, 0x00, 0x00, 0x01, 0x01, 0x5b, 0x4c, 0x45, 0x29,
    0x02, 0x01, 0x1f, 0x5d, 0x86, 0x31, 0x01, 0x01, 0xff, 0x5c, 0x86, 0x31, 0x02, 0x01, 0xdf, 0x64,
    0x86, 0x31, 0x01, 0x01, 0xbf, 0x64, 0x86, 0x31, 0x02, 0x01, 0x9f, 0x6c, 0x86, 0x31, 0x01, 0x01,
    0x7f, 0x6c, 0x65, 0x29, 0x01, 0x01, 0x5f, 0x6c, 0x65, 0x29, 0x01, 0x01, 0x5f, 0x74, 0x65, 0x29,
    0x01, 0x01, 0x3e, 0x74, 0x65, 0x29, 0x01, 0x01, 0x1e, 0x74, 0x65, 0x29, 0x01, 0x01, 0x1e, 0x7c,
    0x65, 0x29, 0x01, 0x01, 0xfe, 0x7b, 0x65, 0x29, 0x01, 0x01, 0xde, 0x7b, 0x65, 0x29, 0x01, 0x01,
    0xde, 0x83, 0x65, 0x29, 0x01, 0x01, 0xbe, 0x83, 0x65, 0x29, 0x01, 0x01, 0x9e, 0x83, 0x65, 0x29,
    0x05, 0x02, 0x1f, 0x5d, 0x86, 0x31, 0x01, 0x02, 0xff, 0x5c, 0x86, 0x31, 0x01, 0x02, 0xdf, 0x64,
    0x86, 0x31, 0x01, 0x02, 0xbf, 0x64, 0x86, 0x31, 0x01, 0x02, 0x69, 0x21, 0x61, 0x08, 0x01, 0x00,
    0x00, 0x00, 0x00, 0x00, 0x01, 0x00, 0x41, 0x00, 0x00, 0x00, 0x01, 0x02, 0xfd, 0x73, 0x65, 0x29,
    0x01, 0x02, 0xfe, 0x7b, 0x65, 0x29, 0x01, 0x02, 0xde, 0x7b, 0x65, 0x29, 0x01, 0x02, 0xbe, 0x83,
    0x65, 0x29, 0x01, 0x02, 0x9e, 0x83, 0x65, 0x29, 0x01, 0x02, 0x7e, 0x8b, 0x65, 0x29, 0x01, 0x02,
    0x5d, 0x8b, 0x45, 0x29, 0x01, 0x02, 0x5b, 0x93, 0x45, 0x29, 0x01, 0x02, 0x3a, 0x9b, 0x45, 0x29,
    0x01, 0x02, 0x38, 0xa3, 0x45, 0x29, 0x01, 0x02, 0x16, 0xab, 0x45, 0x29, 0x01, 0x02, 0xc6, 0x30,
    0x61, 0x08, 0x02, 0x00, 0x00, 0x00, 0x00, 0x00, 0x01, 0x03, 0x54, 0x3b, 0x04, 0x21, 0x04, 0x03,
    0x1f, 0x5d, 0x86, 0x31, 0x01, 0x03, 0xdf, 0x64, 0x86, 0x31, 0x01, 0x03, 0x9f, 0x6c, 0x86, 0x31,
    0x01, 0x03, 0x5f, 0x74, 0x65, 0x29, 0x01, 0x03, 0x72, 0x42, 0xc3, 0x18, 0x06, 0x00, 0x00, 0x00,
    0x00, 0x00, 0x01, 0x04, 0x19, 0x44, 0x24, 0x21, 0x03, 0x04, 0x1f, 0x5d, 0x86, 0x31, 0x01, 0x04,
    0x1e, 0x74, 0x65, 0x29, 0x01, 0x04, 0xaf, 0xd2, 0x45, 0x29, 0x02, 0x04, 0x47, 0xfa, 0x45, 0x29,
    0x01, 0x04, 0x03, 0x71, 0x82, 0x10, 0x01, 0x05, 0x03, 0x79, 0x82, 0x10, 0x02, 0x05, 0x47, 0xfa,
    0x45, 0x29, 0x01, 0x05, 0xaf, 0xd2, 0x45, 0x29, 0x01, 0x05, 0x1e, 0x74, 0x65, 0x29, 0x03, 0x05,
    0x1f, 0x5d, 0x86, 0x31, 0x01, 0x05, 0xf9, 0x43, 0x24, 0x21, 0x06, 0x00, 0x00, 0x00, 0x00, 0x00,
    0x01, 0x06, 0x72, 0x42, 0xe3, 0x18, 0x01, 0x06, 0x5f, 0x74, 0x65, 0x29, 0x01, 0x06, 0x9f, 0x6c,
    0x86, 0x31, 0x01, 0x06, 0xdf, 0x64, 0x86, 0x31, 0x04, 0x06, 0x1f, 0x5d, 0x86, 0x31, 0x01, 0x06,
    0x54, 0x3b, 0x04, 0x21, 0x02, 0x00, 0x00, 0x00, 0x00, 0x00, 0x01, 0x07, 0xe6, 0x30, 0x61, 0x08,
    0x01, 0x07, 0x16, 0xab, 0x45, 0x29, 0x01, 0x07, 0x38, 0xa3, 0x45, 0x29, 0x01, 0x07, 0x3a, 0x9b,
    0x45, 0x29, 0x01, 0x07, 0x5b, 0x93, 0x45, 0x29, 0x01, 0x07, 0x5d, 0x8b, 0x45, 0x29, 0x01, 0x07,
    0x7e, 0x8b, 0x65, 0x29, 0x01, 0x07, 0x9e, 0x83, 0x65, 0x29, 0x01, 0x07, 0xbe, 0x83, 0x65, 0x29,
    0x01, 0x07, 0xde, 0x7b, 0x65, 0x29, 0x01, 0x07, 0xfe, 0x7b, 0x65, 0x29, 0x01, 0x07, 0xfd, 0x73,
    0x65, 0x29, 0x01, 0x00, 0x41, 0x00, 0x00, 0x00, 0x01, 0x00, 0x00, 0x00, 0x00, 0x00, 0x01, 0x07,
    0x6a, 0x21, 0x61, 0x08, 0x01, 0x07, 0xbf, 0x64, 0x86, 0x31, 0x01, 0x07, 0xdf, 0x64, 0x86, 0x31,
    0x01, 0x07, 0xff, 0x5c, 0x86, 0x31, 0x05, 0x07, 0x1f, 0x5d, 0x86, 0x31, 0x01, 0x08, 0x9e, 0x83,
    0x65, 0x29, 0x01, 0x08, 0xbe, 0x83, 0x65, 0x29, 0x01, 0x08, 0xde, 0x83, 0x65, 0x29, 0x01, 0x08,
    0xde, 0x7b, 0x65, 0x29, 0x01, 0x08, 0xfe, 0x7b, 0x65, 0x29, 0x01, 0x08, 0x1e, 0x7c, 0x65, 0x29,
    0x01, 0x08, 0x1e, 0x74, 0x65, 0x29, 0x01, 0x08, 0x3e, 0x74, 0x65, 0x29, 0x01, 0x08, 0x5f, 0x74,
    0x65, 0x29, 0x01, 0x08, 0x5f, 0x6c, 0x65, 0x29, 0x01, 0x08, 0x7f, 0x6c, 0x65, 0x29, 0x02, 0x08,
    0x9f, 0x6c, 0x86, 0x31, 0x01, 0x08, 0xbf, 0x64, 0x86, 0x31, 0x02, 0x08, 0xdf, 0x64, 0x86, 0x31,
    0x01, 0x08, 0xff, 0x5c, 0x86, 0x31, 0x02, 0x08, 0x1f, 0x5d, 0x86, 0x31, 0x01, 0x08, 0x5b, 0x4c,
    0x45, 0x29, 0x01, 0x00, 0x20, 0x00, 0x00, 0x00, 0x12, 0x00, 0x00, 0x00, 0x00, 0x00, 0x6a, 0x13,
    0x00, 0x00, 0x00, 0x00, 0x00, 0x01, 0x01, 0xe6, 0x10, 0x41, 0x08, 0x01, 0x01, 0xde, 0x54, 0x86,
    0x31, 0x01, 0x01, 0x1f, 0x5d, 0x86, 0x31, 0x01, 0x01, 0xff, 0x5c, 0x86, 0x31, 0x02, 0x01, 0xdf,
    0x64, 0x86, 0x31, 0x01, 0x01, 0xbf, 0x64, 0x86, 0x31, 0x02, 0x01, 0x9f, 0x6c, 0x86, 0x31, 0x01,
    0x01, 0x7f, 0x6c, 0x65, 0x29, 0x01, 0x01, 0x5f, 0x6c, 0x65, 0x29, 0x01, 0x01, 0x5f, 0x74, 0x65,
    0x29, 0x01, 0x01, 0x3e, 0x74, 0x65, 0x29, 0x01, 0x01, 0x1e, 0x74, 0x65, 0x29, 0x01, 0x01, 0x1e,
    0x7c, 0x65, 0x29, 0x01, 0x01, 0xfe, 0x7b, 0x65, 0x29, 0x01, 0x01, 0xde, 0x7b, 0x65, 0x29, 0x01,
    0x01, 0xde, 0x83, 0x65, 0x29, 0x01, 0x01, 0xbe, 0x83, 0x65, 0x29, 0x01, 0x01, 0x7d, 0x83, 0x45,
    0x29, 0x05, 0x02, 0x1f, 0x5d, 0x86, 0x31, 0x01, 0x02, 0xff, 0x5c, 0x86, 0x31, 0x01, 0x02, 0xdf,
    0x64, 0x86, 0x31, 0x01, 0x02, 0xbf, 0x64, 0x86, 0x31, 0x01, 0x02, 0xe6, 0x10, 0x41, 0x08, 0x01,
    0x00, 0x00, 0x00, 0x00, 0x00, 0x01, 0x02, 0xe7, 0x18, 0x41, 0x08, 0x01, 0x02, 0x1e, 0x74, 0x65,
    0x29, 0x01, 0x02, 0xfe, 0x7b, 0x65, 0x29, 0x01, 0x02, 0xde, 0x7b, 0x65, 0x29, 0x01, 0x02, 0xbe,
    0x83, 0x65, 0x29, 0x01, 0x02, 0x9e, 0x83, 0x65, 0x29, 0x01, 0x02, 0x7e, 0x8b, 0x65, 0x29, 0x01,
    0x02, 0x5d, 0x8b, 0x45, 0x29, 0x01, 0x02, 0x5b, 0x93, 0x45, 0x29, 0x01, 0x02, 0x3a, 0x9b, 0x45,
    0x29, 0x01, 0x02, 0x38, 0xa3, 0x45, 0x29, 0x01, 0x02, 0x17, 0xab, 0x45, 0x29, 0x01, 0x02, 0xd4,
    0xaa, 0x45, 0x29, 0x01, 0x00, 0x42, 0x10, 0x20, 0x00, 0x01, 0x00, 0x00, 0x00, 0x00, 0x00, 0x01,
    0x03, 0x76, 0x3b, 0x04, 0x21, 0x04, 0x03, 0x1f, 0x5d, 0x86, 0x31, 0x01, 0x03, 0xdf, 0x64, 0x86,
    0x31, 0x01, 0x03, 0x9f, 0x6c, 0x86, 0x31, 0x01, 0x03, 0x5f, 0x74, 0x65, 0x29, 0x01, 0x03, 0x30,
    0x3a, 0xc3, 0x18, 0x06, 0x00, 0x00, 0x00, 0x00, 0x00, 0x01, 0x04, 0x96, 0x3b, 0x04, 0x21, 0x03,
    0x04, 0x1f, 0x5d, 0x86, 0x31, 0x01, 0x04, 0x1e, 0x74, 0x65, 0x29, 0x01, 0x04, 0xaf, 0xd2, 0x45,
    0x29, 0x02, 0x04, 0x47, 0xfa, 0x45, 0x29, 0x01, 0x04, 0x44, 0x91, 0xc3, 0x18, 0x01, 0x05, 0x44,
    0x99, 0xc3, 0x18, 0x02, 0x05, 0x47, 0xfa, 0x45, 0x29, 0x01, 0x05, 0xaf, 0xd2, 0x45, 0x29, 0x01,
    0x05, 0x1e, 0x74, 0x65, 0x29, 0x03, 0x05, 0x1f, 0x5d, 0x86, 0x31, 0x01, 0x05, 0x76, 0x3b, 0x04,
    0x21, 0x06, 0x00, 0x00, 0x00, 0x00, 0x00, 0x01, 0x06, 0x30, 0x3a, 0xc3, 0x18, 0x01, 0x06, 0x5f,
    0x74, 0x65, 0x29, 0x01, 0x06, 0x9f, 0x6c, 0x86, 0x31, 0x01, 0x06, 0xdf, 0x64, 0x86, 0x31, 0x04,
    0x06, 0x1f, 0x5d, 0x86, 0x31, 0x01, 0x06, 0x75, 0x3b, 0x04, 0x21, 0x01, 0x00, 0x00, 0x00, 0x00,
    0x00, 0x01, 0x00, 0x42, 0x10, 0x20, 0x00, 0x01, 0x07, 0xd4, 0xaa, 0x45, 0x29, 0x01, 0x07, 0x17,
    0xab, 0x45, 0x29, 0x01, 0x07, 0x38, 0xa3, 0x45, 0x29, 0x01, 0x07, 0x3a, 0x9b, 0x45, 0x29, 0x01,
    0x07, 0x5b, 0x93, 0x45, 0x29, 0x01, 0x07, 0x5d, 0x8b, 0x45, 0x29, 0x01, 0x07, 0x7e, 0x8b, 0x65,
    0x29, 0x01, 0x07, 0x9e, 0x83, 0x65, 0x29, 0x01, 0x07, 0xbe, 0x83, 0x65, 0x29, 0x01, 0x07, 0xde,
    0x7b, 0x65, 0x29, 0x01, 0x07, 0xfe, 0x7b, 0x65, 0x29, 0x01, 0x07, 0x1e, 0x74, 0x65, 0x29, 0x01,
    0x07, 0xe7, 0x18, 0x41, 0x08, 0x01, 0x00, 0x00, 0x00, 0x00, 0x00, 0x01, 0x07, 0xe6, 0x10, 0x41,
    0x08, 0x01, 0x07, 0xbf, 0x64, 0x86, 0x31, 0x01, 0x07, 0xdf, 0x64, 0x86, 0x31, 0x01, 0x07, 0xff,
    0x5c, 0x86, 0x31, 0x05, 0x07, 0x1f, 0x5d, 0x86, 0x31, 0x01, 0x08, 0x9d, 0x83, 0x45, 0x29, 0x01,
    0x08, 0xbe, 0x83, 0x65, 0x29, 0x01, 0x08, 0xde, 0x83, 0x65, 0x29, 0x01, 0x08, 0xde, 0x7b, 0x65,
    0x29, 0x01, 0x08, 0xfe, 0x7b, 0x65, 0x29, 0x01, 0x08, 0x1e, 0x7c, 0x65, 0x29, 0x01, 0x08, 0x1e,
    0x74, 0x65, 0x29, 0x01, 0x08, 0x3e, 0x74, 0x65, 0x29, 0x01, 0x08, 0x5f, 0x74, 0x65, 0x29, 0x01,
    0x08, 0x5f, 0x6c, 0x65, 0x29, 0x01, 0x08, 0x7f, 0x6c, 0x65, 0x29, 0x02, 0x08, 0x9f, 0x6c, 0x86,
    0x31, 0x01, 0x08, 0xbf, 0x64, 0x86, 0x31, 0x02, 0x08, 0xdf, 0x64, 0x86, 0x31, 0x01, 0x08, 0xff,
    0x5c, 0x86, 0x31, 0x01, 0x08, 0x1f, 0x5d, 0x86, 0x31, 0x01, 0x08, 0xde, 0x54, 0x65, 0x29, 0x01,
    0x08, 0xe5, 0x10, 0x41, 0x08, 0x13, 0x00, 0x00, 0x00, 0x00, 0x00, 0x67, 0x14, 0x00, 0x00, 0x00,
    0x00, 0x00, 0x01, 0x01, 0x8a, 0x19, 0x61, 0x08, 0x02, 0x01, 0xff, 0x5c, 0x86, 0x31, 0x02, 0x01,
    0xdf, 0x64, 0x86, 0x31, 0x01, 0x01, 0xbf, 0x64, 0x86, 0x31, 0x02, 0x01, 0x9f, 0x6c, 0x86, 0x31,
    0x01, 0x01, 0x7f, 0x6c, 0x65, 0x29, 0x01, 0x01, 0x5f, 0x6c, 0x65, 0x29, 0x01, 0x01, 0x5f, 0x74,
    0x65, 0x29, 0x01, 0x01, 0x3e, 0x74, 0x65, 0x29, 0x01, 0x01, 0x1e, 0x74, 0x65, 0x29, 0x01, 0x01,
    0x1e, 0x7c, 0x65, 0x29, 0x01, 0x01, 0xfe, 0x7b, 0x65, 0x29, 0x01, 0x01, 0xde, 0x7b, 0x65, 0x29,
    0x01, 0x01, 0xde, 0x83, 0x65, 0x29, 0x01, 0x01, 0x9d, 0x7b, 0x45, 0x29, 0x01, 0x01, 0x29, 0x29,
    0x61, 0x08, 0x05, 0x02, 0x1f, 0x5d, 0x86, 0x31, 0x01, 0x02, 0xff, 0x5c, 0x86, 0x31, 0x01, 0x02,
    0xdf, 0x64, 0x86, 0x31, 0x01, 0x02, 0xbf, 0x64, 0x86, 0x31, 0x01, 0x02, 0xc5, 0x10, 0x41, 0x08,
    0x01, 0x00, 0x00, 0x00, 0x00, 0x00, 0x01, 0x02, 0xc5, 0x10, 0x41, 0x08, 0x01, 0x02, 0x1e, 0x74,
    0x65, 0x29, 0x01, 0x02, 0xfe, 0x7b, 0x65, 0x29, 0x01, 0x02, 0xde, 0x7b, 0x65, 0x29, 0x01, 0x02,
    0xbe, 0x83, 0x65, 0x29, 0x01, 0x02, 0x9e, 0x83, 0x65, 0x29, 0x01, 0x02, 0x7e, 0x8b, 0x65, 0x29,
    0x01, 0x02, 0x5d, 0x8b, 0x45, 0x29, 0x01, 0x02, 0x5b, 0x93, 0x45, 0x29, 0x01, 0x02, 0x3a, 0x9b,
    0x45, 0x29, 0x01, 0x02, 0x38, 0xa3, 0x45, 0x29, 0x01, 0x02, 0x17, 0xab, 0x45, 0x29, 0x01, 0x02,
    0xf5, 0xb2, 0x45, 0x29, 0x01, 0x02, 0xab, 0x71, 0xc3, 0x18, 0x01, 0x00, 0x00, 0x00, 0x00, 0x00,
    0x01, 0x03, 0xb7, 0x43, 0x24, 0x21, 0x04, 0x03, 0x1f, 0x5d, 0x86, 0x31, 0x01, 0x03, 0xdf, 0x64,
    0x86, 0x31, 0x01, 0x03, 0x9f, 0x6c, 0x86, 0x31, 0x01, 0x03, 0x5f, 0x74, 0x65, 0x29, 0x01, 0x03,
    0x0f, 0x3a, 0xa2, 0x10, 0x06, 0x00, 0x00, 0x00, 0x00, 0x00, 0x01, 0x04, 0xf2, 0x32, 0xe3, 0x18,
    0x03, 0x04, 0x1f, 0x5d, 0x86, 0x31, 0x01, 0x04, 0x1e, 0x74, 0x65, 0x29, 0x01, 0x04, 0xaf, 0xd2,
    0x45, 0x29, 0x02, 0x04, 0x47, 0xfa, 0x45, 0x29, 0x01, 0x04, 0xc6, 0xc9, 0x04, 0x21, 0x01, 0x05,
    0xc6, 0xc9, 0x04, 0x21, 0x02, 0x05, 0x47, 0xfa, 0x45, 0x29, 0x01, 0x05, 0xaf, 0xd2, 0x45, 0x29,
    0x01, 0x05, 0x1e, 0x74, 0x65, 0x29, 0x03, 0x05, 0x1f, 0x5d, 0x86, 0x31, 0x01, 0x05, 0xd2, 0x32,
    0xc3, 0x18, 0x06, 0x00, 0x00, 0x00, 0x00, 0x00, 0x01, 0x06, 0x0f, 0x3a, 0xa2, 0x10, 0x01, 0x06,
    0x5f, 0x74, 0x65, 0x29, 0x01, 0x06, 0x9f, 0x6c, 0x86, 0x31, 0x01, 0x06, 0xdf, 0x64, 0x86, 0x31,
    0x04, 0x06, 0x1f, 0x5d, 0x86, 0x31, 0x01, 0x06, 0xb6, 0x43, 0x24, 0x21, 0x01, 0x00, 0x00, 0x00,
    0x00, 0x00, 0x01, 0x07, 0xcc, 0x71, 0xc3, 0x18, 0x01, 0x07, 0xf5, 0xb2, 0x45, 0x29, 0x01, 0x07,
    0x17, 0xab, 0x45, 0x29, 0x01, 0x07, 0x38, 0xa3, 0x45, 0x29, 0x01, 0x07, 0x3a, 0x9b, 0x45, 0x29,
    0x01, 0x07, 0x5b, 0x93, 0x45, 0x29, 0x01, 0x07, 0x5d, 0x8b, 0x45, 0x29, 0x01, 0x07, 0x7e, 0x8b,
    0x65, 0x29, 0x01, 0x07, 0x9e, 0x83, 0x65, 0x29, 0x01, 0x07, 0xbe, 0x83, 0x65, 0x29, 0x01, 0x07,
    0xde, 0x7b, 0x65, 0x29, 0x01, 0x07, 0xfe, 0x7b, 0x65, 0x29, 0x01, 0x07, 0x1e, 0x74, 0x65, 0x29,
    0x01, 0x07, 0xc5, 0x10, 0x41, 0x08, 0x01, 0x00, 0x00, 0x00, 0x00, 0x00, 0x01, 0x07, 0xe6, 0x10,
    0x41, 0x08, 0x01, 0x07, 0xbf, 0x64, 0x86, 0x31, 0x01, 0x07, 0xdf, 0x64, 0x86, 0x31, 0x01, 0x07,
    0xff, 0x5c, 0x86, 0x31, 0x05, 0x07, 0x1f, 0x5d, 0x86, 0x31, 0x01, 0x08, 0x29, 0x29, 0x61, 0x08,
    0x01, 0x08, 0x9d, 0x7b, 0x45, 0x29, 0x01, 0x08, 0xde, 0x83, 0x65, 0x29, 0x01, 0x08, 0xde, 0x7b,
    0x65, 0x29, 0x01, 0x08, 0xfe, 0x7b, 0x65, 0x29, 0x01, 0x08, 0x1e, 0x7c, 0x65, 0x29, 0x01, 0x08,
    0x1e, 0x74, 0x65, 0x29, 0x01, 0x08, 0x3e, 0x74, 0x65, 0x29, 0x01, 0x08, 0x5f, 0x74, 0x65, 0x29,
    0x01, 0x08, 0x5f, 0x6c, 0x65, 0x29, 0x01, 0x08, 0x7f, 0x6c, 0x65, 0x29, 0x02, 0x08, 0x9f, 0x6c,
    0x86, 0x31, 0x01, 0x08, 0xbf, 0x64, 0x86, 0x31, 0x02, 0x08, 0xdf, 0x64, 0x86, 0x31, 0x01, 0x08,
    0xff, 0x5c, 0x86, 0x31, 0x01, 0x08, 0xde, 0x5c, 0x86, 0x31, 0x01, 0x08, 0x89, 0x19, 0x61, 0x08,
    0x14, 0x00, 0x00, 0x00, 0x00, 0x00, 0x64, 0x15, 0x00, 0x00, 0x00, 0x00, 0x00, 0x01, 0x01, 0x28,
    0x11, 0x61, 0x08, 0x01, 0x01, 0x9d, 0x54, 0x65, 0x29, 0x02, 0x01, 0xdf, 0x64, 0x86, 0x31, 0x01,
    0x01, 0xbf, 0x64, 0x86, 0x31, 0x02, 0x01, 0x9f, 0x6c, 0x86, 0x31, 0x01, 0x01, 0x7f, 0x6c, 0x65,
    0x29, 0x01, 0x01, 0x5f, 0x6c, 0x65, 0x29, 0x01, 0x01, 0x5f, 0x74, 0x65, 0x29, 0x01, 0x01, 0x3e,
    0x74, 0x65, 0x29, 0x01, 0x01, 0x1e, 0x74, 0x65, 0x29, 0x01, 0x01, 0x1e, 0x7c, 0x65, 0x29, 0x01,
    0x01, 0xfe, 0x7b, 0x65, 0x29, 0x01, 0x01, 0xde, 0x7b, 0x65, 0x29, 0x01, 0x01, 0x5a, 0x73, 0x24,
    0x21, 0x01, 0x01, 0xc6, 0x18, 0x41, 0x08, 0x01, 0x00, 0x00, 0x00, 0x00, 0x00, 0x05, 0x02, 0x1f,
    0x5d, 0x86, 0x31, 0x01, 0x02, 0xff, 0x5c, 0x86, 0x31, 0x01, 0x02, 0xdf, 0x64, 0x86, 0x31, 0x01,
    0x02, 0xbf, 0x64, 0x86, 0x31, 0x01, 0x02, 0x07, 0x19, 0x41, 0x08, 0x02, 0x00, 0x00, 0x00, 0x00,
    0x00, 0x01, 0x02, 0x9a, 0x63, 0x45, 0x29, 0x01, 0x02, 0xfe, 0x7b, 0x65, 0x29, 0x01, 0x02, 0xde,
    0x7b, 0x65, 0x29, 0x01, 0x02, 0xbe, 0x83, 0x65, 0x29, 0x01, 0x02, 0x9e, 0x83, 0x65, 0x29, 0x01,
    0x02, 0x7e, 0x8b, 0x65, 0x29, 0x01, 0x02, 0x5d, 0x8b, 0x45, 0x29, 0x01, 0x02, 0x5b, 0x93, 0x45,
    0x29, 0x01, 0x02, 0x3a, 0x9b, 0x45, 0x29, 0x01, 0x02, 0x38, 0xa3, 0x45, 0x29, 0x01, 0x02, 0x17,
    0xab, 0x45, 0x29, 0x01, 0x02, 0xf5, 0xb2, 0x45, 0x29, 0x01, 0x02, 0xd3, 0xba, 0x45, 0x29, 0x01,
    0x00, 0x62, 0x18, 0x20, 0x00, 0x01, 0x03, 0xd7, 0x43, 0x24, 0x21, 0x04, 0x03, 0x1f, 0x5d, 0x86,
    0x31, 0x01, 0x03, 0xdf, 0x64, 0x86, 0x31, 0x01, 0x03, 0x9f, 0x6c, 0x86, 0x31, 0x01, 0x03, 0x5f,
    0x74, 0x65, 0x29, 0x01, 0x03, 0xee, 0x31, 0xa2, 0x10, 0x06, 0x00, 0x00, 0x00, 0x00, 0x00, 0x01,
    0x04, 0xec, 0x21, 0x82, 0x10, 0x03, 0x04, 0x1f, 0x5d, 0x86, 0x31, 0x01, 0x04, 0x1e, 0x74, 0x65,
    0x29, 0x01, 0x04, 0xaf, 0xd2, 0x45, 0x29, 0x02, 0x04, 0x47, 0xfa, 0x45, 0x29, 0x01, 0x04, 0x27,
    0xf2, 0x45, 0x29, 0x01, 0x05, 0x27, 0xf2, 0x45, 0x29, 0x02, 0x05, 0x47, 0xfa, 0x45, 0x29, 0x01,
    0x05, 0xaf, 0xd2, 0x45, 0x29, 0x01, 0x05, 0x1e, 0x74, 0x65, 0x29, 0x03, 0x05, 0x1f, 0x5d, 0x86,
    0x31, 0x01, 0x05, 0xcb, 0x21, 0x82, 0x10, 0x06, 0x00, 0x00, 0x00, 0x00, 0x00, 0x01, 0x06, 0x0f,
    0x3a, 0xa2, 0x10, 0x01, 0x06, 0x5f, 0x74, 0x65, 0x29, 0x01, 0x06, 0x9f, 0x6c, 0x86, 0x31, 0x01,
    0x06, 0xdf, 0x64, 0x86, 0x31, 0x04, 0x06, 0x1f, 0x5d, 0x86, 0x31, 0x01, 0x06, 0xb7, 0x43, 0x24,
    0x21, 0x01, 0x00, 0x62, 0x18, 0x20, 0x00, 0x01, 0x07, 0xd3, 0xba, 0x45, 0x29, 0x01, 0x07, 0xf5,
    0xb2, 0x45, 0x29, 0x01, 0x07, 0x17, 0xab, 0x45, 0x29, 0x01, 0x07, 0x38, 0xa3, 0x45, 0x29, 0x01,
    0x07, 0x3a, 0x9b, 0x45, 0x29, 0x01, 0x07, 0x5b, 0x93, 0x45, 0x29, 0x01, 0x07, 0x5d, 0x8b, 0x45,
    0x29, 0x01, 0x07, 0x7e, 0x8b, 0x65, 0x29, 0x01, 0x07, 0x9e, 0x83, 0x65, 0x29, 0x01, 0x07, 0xbe,
    0x83, 0x65, 0x29, 0x01, 0x07, 0xde, 0x7b, 0x65, 0x29, 0x01, 0x07, 0xfe, 0x7b, 0x65, 0x29, 0x01,
    0x07, 0x9a, 0x63, 0x45, 0x29, 0x02, 0x00, 0x00, 0x00, 0x00, 0x00, 0x01, 0x07, 0x07, 0x19, 0x41,
    0x08, 0x01, 0x07, 0xbf, 0x64, 0x86, 0x31, 0x01, 0x07, 0xdf, 0x64, 0x86, 0x31, 0x01, 0x07, 0xff,
    0x5c, 0x86, 0x31, 0x05, 0x07, 0x1f, 0x5d, 0x86, 0x31, 0x01, 0x00, 0x00, 0x00, 0x00, 0x00, 0x01,
    0x08, 0xc6, 0x18, 0x41, 0x08, 0x01, 0x08, 0x5a, 0x73, 0x45, 0x29, 0x01, 0x08, 0xde, 0x7b, 0x65,
    0x29, 0x01, 0x08, 0xfe, 0x7b, 0x65, 0x29, 0x01, 0x08, 0x1e, 0x7c, 0x65, 0x29, 0x01, 0x08, 0x1e,
    0x74, 0x65, 0x29, 0x01, 0x08, 0x3e, 0x74, 0x65, 0x29, 0x01, 0x08, 0x5f, 0x74, 0x65, 0x29, 0x01,
    0x08, 0x5f, 0x6c, 0x65, 0x29, 0x01, 0x08, 0x7f, 0x6c, 0x65, 0x29, 0x02, 0x08, 0x9f, 0x6c, 0x86,
    0x31, 0x01, 0x08, 0xbf, 0x64, 0x86, 0x31, 0x02, 0x08, 0xdf, 0x64, 0x86, 0x31, 0x01, 0x08, 0x9d,
    0x54, 0x65, 0x29, 0x01, 0x08, 0x27, 0x11, 0x41, 0x08, 0x15, 0x00, 0x00, 0x00, 0x00, 0x00, 0x61,
    0x16, 0x00, 0x00, 0x00, 0x00, 0x00, 0x01, 0x00, 0x63, 0x08, 0x20, 0x00, 0x01, 0x01, 0x14, 0x3b,
    0xe3, 0x18, 0x02, 0x01, 0xbf, 0x64, 0x86, 0x31, 0x02, 0x01, 0x9f, 0x6c, 0x86, 0x31, 0x01, 0x01,
    0x7f, 0x6c, 0x65, 0x29, 0x01, 0x01, 0x5f, 0x6c, 0x65, 0x29, 0x01, 0x01, 0x5f, 0x74, 0x65, 0x29,
    0x01, 0x01, 0x3e, 0x74, 0x65, 0x29, 0x01, 0x01, 0x1e, 0x74, 0x65, 0x29, 0x01, 0x01, 0x1e, 0x7c,
    0x65, 0x29, 0x01, 0x01, 0xdd, 0x73, 0x65, 0x29, 0x01, 0x01, 0x10, 0x42, 0xc3, 0x18, 0x01, 0x00,
    0x21, 0x00, 0x00, 0x00, 0x02, 0x00, 0x00, 0x00, 0x00, 0x00, 0x01, 0x02, 0xbd, 0x54, 0x65, 0x29,
    0x04, 0x02, 0x1f, 0x5d, 0x86, 0x31, 0x01, 0x02, 0xff, 0x5c, 0x86, 0x31, 0x01, 0x02, 0xdf, 0x64,
    0x86, 0x31, 0x01, 0x02, 0xbf, 0x64, 0x86, 0x31, 0x01, 0x02, 0x8a, 0x21, 0x82, 0x10, 0x02, 0x00,
    0x00, 0x00, 0x00, 0x00, 0x01, 0x02, 0x07, 0x19, 0x41, 0x08, 0x01, 0x02, 0xdd, 0x73, 0x65, 0x29,
    0x01, 0x02, 0xde, 0x7b, 0x65, 0x29, 0x01, 0x02, 0xbe, 0x83, 0x65, 0x29, 0x01, 0x02, 0x9e, 0x83,
    0x65, 0x29, 0x01, 0x02, 0x7e, 0x8b, 0x65, 0x29, 0x01, 0x02, 0x5d, 0x8b, 0x45, 0x29, 0x01, 0x02,
    0x5b, 0x93, 0x45, 0x29, 0x01, 0x02, 0x3a, 0x9b, 0x45, 0x29, 0x01, 0x02, 0x38, 0xa3, 0x45, 0x29,
    0x01, 0x02, 0x17, 0xab, 0x45, 0x29, 0x01, 0x02, 0xf5, 0xb2, 0x45, 0x29, 0x01, 0x02, 0xf3, 0xba,
    0x45, 0x29, 0x01, 0x02, 0x28, 0x59, 0x82, 0x10, 0x01, 0x03, 0xb7, 0x43, 0x04, 0x21, 0x04, 0x03,
    0x1f, 0x5d, 0x86, 0x31, 0x01, 0x03, 0xdf, 0x64, 0x86, 0x31, 0x01, 0x03, 0x9f, 0x6c, 0x86, 0x31,
    0x01, 0x03, 0x5f, 0x74, 0x65, 0x29, 0x01, 0x03, 0x0f, 0x3a, 0xa2, 0x10, 0x06, 0x00, 0x00, 0x00,
    0x00, 0x00, 0x01, 0x04, 0xe6, 0x10, 0x41, 0x08, 0x03, 0x04, 0x1f, 0x5d, 0x86, 0x31, 0x01, 0x04,
    0x1e, 0x74, 0x65, 0x29, 0x01, 0x04, 0xaf, 0xd2, 0x45, 0x29, 0x03, 0x04, 0x47, 0xfa, 0x45, 0x29,
    0x03, 0x05, 0x47, 0xfa, 0x45, 0x29, 0x01, 0x05, 0xaf, 0xd2, 0x45, 0x29, 0x01, 0x05, 0x1e, 0x74,
    0x65, 0x29, 0x03, 0x05, 0x1f, 0x5d, 0x86, 0x31, 0x01, 0x05, 0xe5, 0x10, 0x41, 0x08, 0x06, 0x00,
    0x00, 0x00, 0x00, 0x00, 0x01, 0x06, 0x0f, 0x3a, 0xa2, 0x10, 0x01, 0x06, 0x5f, 0x74, 0x65, 0x29,
    0x01, 0x06, 0x9f, 0x6c, 0x86, 0x31, 0x01, 0x06, 0xdf, 0x64, 0x86, 0x31, 0x04, 0x06, 0x1f, 0x5d,
    0x86, 0x31, 0x01, 0x06, 0x96, 0x43, 0x04, 0x21, 0x01, 0x07, 0x48, 0x59, 0x82, 0x10, 0x01, 0x07,
    0xf3, 0xba, 0x45, 0x29, 0x01, 0x07, 0xf5, 0xb2, 0x45, 0x29, 0x01, 0x07, 0x17, 0xab, 0x45, 0x29,
    0x01, 0x07, 0x38, 0xa3, 0x45, 0x29, 0x01, 0x07, 0x3a, 0x9b, 0x45, 0x29, 0x01, 0x07, 0x5b, 0x93,
    0x45, 0x29, 0x01, 0x07, 0x5d, 0x8b, 0x45, 0x29, 0x01, 0x07, 0x7e, 0x8b, 0x65, 0x29, 0x01, 0x07,
    0x9e, 0x83, 0x65, 0x29, 0x01, 0x07, 0xbe, 0x83, 0x65, 0x29, 0x01, 0x07, 0xde, 0x7b, 0x65, 0x29,
    0x01, 0x07, 0xdd, 0x73, 0x65, 0x29, 0x01, 0x07, 0x07, 0x19, 0x41, 0x08, 0x02, 0x00, 0x00, 0x00,
    0x00, 0x00, 0x01, 0x07, 0x8b, 0x21, 0x82, 0x10, 0x01, 0x07, 0xbf, 0x64, 0x86, 0x31, 0x01, 0x07,
    0xdf, 0x64, 0x86, 0x31, 0x01, 0x07, 0xff, 0x5c, 0x86, 0x31, 0x04, 0x07, 0x1f, 0x5d, 0x86, 0x31,
    0x01, 0x07, 0x9d, 0x54, 0x65, 0x29, 0x02, 0x00, 0x00, 0x00, 0x00, 0x00, 0x01, 0x00, 0x21, 0x00,
    0x00, 0x00, 0x01, 0x08, 0xce, 0x39, 0xa2, 0x10, 0x01, 0x08, 0xbd, 0x73, 0x45, 0x29, 0x01, 0x08,
    0x1e, 0x7c, 0x65, 0x29, 0x01, 0x08, 0x1e, 0x74, 0x65, 0x29, 0x01, 0x08, 0x3e, 0x74, 0x65, 0x29,
    0x01, 0x08, 0x5f, 0x74, 0x65, 0x29, 0x01, 0x08, 0x5f, 0x6c, 0x65, 0x29, 0x01, 0x08, 0x7f, 0x6c,
    0x65, 0x29, 0x02, 0x08, 0x9f, 0x6c, 0x86, 0x31, 0x01, 0x08, 0xbf, 0x64, 0x86, 0x31, 0x01, 0x08,
    0xdf, 0x64, 0x86, 0x31, 0x01, 0x08, 0x35, 0x43, 0x04, 0x21, 0x01, 0x00, 0x62, 0x08, 0x20, 0x00,
    0x16, 0x00, 0x00, 0x00, 0x00, 0x00, 0x59, 0x18, 0x00, 0x00, 0x00, 0x00, 0x00, 0x01, 0x01, 0xc5,
    0x08, 0x20, 0x00, 0x01, 0x01, 0x91, 0x32, 0xc3, 0x18, 0x01, 0x01, 0xfa, 0x5b, 0x45, 0x29, 0x02,
    0x01, 0x7f, 0x6c, 0x65, 0x29, 0x01, 0x01, 0x5f, 0x6c, 0x65, 0x29, 0x01, 0x01, 0x5f, 0x74, 0x65,
    0x29, 0x01, 0x01, 0x1d, 0x6c, 0x65, 0x29, 0x01, 0x01, 0x17, 0x5b, 0x04, 0x21, 0x01, 0x01, 0xad,
    0x31, 0x82, 0x10, 0x01, 0x00, 0x42, 0x08, 0x00, 0x00, 0x04, 0x00, 0x00, 0x00, 0x00, 0x00, 0x01,
    0x02, 0x39, 0x4c, 0x45, 0x29, 0x04, 0x02, 0x1f, 0x5d, 0x86, 0x31, 0x01, 0x02, 0xff, 0x5c, 0x86,
    0x31, 0x01, 0x02, 0xdf, 0x64, 0x86, 0x31, 0x01, 0x02, 0xbf, 0x64, 0x86, 0x31, 0x01, 0x02, 0x91,
    0x3a, 0xc3, 0x18, 0x03, 0x00, 0x00, 0x00, 0x00, 0x00, 0x01, 0x02, 0xa5, 0x10, 0x20, 0x00, 0x01,
    0x02, 0x93, 0x52, 0xe3, 0x18, 0x01, 0x02, 0x39, 0x6b, 0x24, 0x21, 0x01, 0x02, 0x3a, 0x73, 0x24,
    0x21, 0x01, 0x02, 0x7d, 0x83, 0x45, 0x29, 0x01, 0x02, 0x5d, 0x8b, 0x45, 0x29, 0x01, 0x02, 0x5b,
    0x93, 0x45, 0x29, 0x01, 0x02, 0x3a, 0x9b, 0x45, 0x29, 0x01, 0x02, 0x38, 0xa3, 0x45, 0x29, 0x01,
    0x02, 0x17, 0xab, 0x45, 0x29, 0x01, 0x02, 0xf5, 0xb2, 0x45, 0x29, 0x01, 0x02, 0xf3, 0xba, 0x45,
    0x29, 0x01, 0x02, 0xab, 0x71, 0xc3, 0x18, 0x01, 0x03, 0x96, 0x3b, 0x04, 0x21, 0x04, 0x03, 0x1f,
    0x5d, 0x86, 0x31, 0x01, 0x03, 0xdf, 0x64, 0x86, 0x31, 0x01, 0x03, 0x9f, 0x6c, 0x86, 0x31, 0x01,
    0x03, 0x5f, 0x74, 0x65, 0x29, 0x01, 0x03, 0x30, 0x3a, 0xc3, 0x18, 0x06, 0x00, 0x00, 0x00, 0x00,
    0x00, 0x01, 0x00, 0x20, 0x00, 0x00, 0x00, 0x01, 0x04, 0xff, 0x54, 0x86, 0x31, 0x02, 0x04, 0x1f,
    0x5d, 0x86, 0x31, 0x01, 0x04, 0x1e, 0x74, 0x65, 0x29, 0x01, 0x04, 0xaf, 0xd2, 0x45, 0x29, 0x03,
    0x04, 0x47, 0xfa, 0x45, 0x29, 0x03, 0x05, 0x47, 0xfa, 0x45, 0x29, 0x01, 0x05, 0xaf, 0xd2, 0x45,
    0x29, 0x01, 0x05, 0x1e, 0x74, 0x65, 0x29, 0x02, 0x05, 0x1f, 0x5d, 0x86, 0x31, 0x01, 0x05, 0xff,
    0x54, 0x86, 0x31, 0x07, 0x00, 0x00, 0x00, 0x00, 0x00, 0x01, 0x06, 0x30, 0x42, 0xc3, 0x18, 0x01,
    0x06, 0x5f, 0x74, 0x65, 0x29, 0x01, 0x06, 0x9f, 0x6c, 0x86, 0x31, 0x01, 0x06, 0xdf, 0x64, 0x86,
    0x31, 0x04, 0x06, 0x1f, 0x5d, 0x86, 0x31, 0x01, 0x06, 0x75, 0x3b, 0x04, 0x21, 0x01, 0x07, 0xab,
    0x79, 0xc3, 0x18, 0x01, 0x07, 0xf3, 0xba, 0x45, 0x29, 0x01, 0x07, 0xf5, 0xb2, 0x45, 0x29, 0x01,
    0x07, 0x17, 0xab, 0x45, 0x29, 0x01, 0x07, 0x38, 0xa3, 0x45, 0x29, 0x01, 0x07, 0x3a, 0x9b, 0x45,
    0x29, 0x01, 0x07, 0x5b, 0x93, 0x45, 0x29, 0x01, 0x07, 0x5d, 0x8b, 0x45, 0x29, 0x01, 0x07, 0x7d,
    0x83, 0x45, 0x29, 0x01, 0x07, 0x3a, 0x73, 0x24, 0x21, 0x01, 0x07, 0x39, 0x6b, 0x24, 0x21, 0x01,
    0x07, 0x93, 0x52, 0xe3, 0x18, 0x01, 0x07, 0xa5, 0x10, 0x20, 0x00, 0x03, 0x00, 0x00, 0x00, 0x00,
    0x00, 0x01, 0x07, 0x91, 0x3a, 0xc3, 0x18, 0x01, 0x07, 0xbf, 0x64, 0x86, 0x31, 0x01, 0x07, 0xdf,
    0x64, 0x86, 0x31, 0x01, 0x07, 0xff, 0x5c, 0x86, 0x31, 0x04, 0x07, 0x1f, 0x5d, 0x86, 0x31, 0x01,
    0x07, 0x19, 0x4c, 0x45, 0x29, 0x04, 0x00, 0x00, 0x00, 0x00, 0x00, 0x01, 0x00, 0x42, 0x08, 0x00,
    0x00, 0x01, 0x08, 0xad, 0x31, 0x82, 0x10, 0x01, 0x08, 0x17, 0x5b, 0x04, 0x21, 0x01, 0x08, 0x1d,
    0x6c, 0x65, 0x29, 0x01, 0x08, 0x5f, 0x74, 0x65, 0x29, 0x01, 0x08, 0x5f, 0x6c, 0x65, 0x29, 0x02,
    0x08, 0x7f, 0x6c, 0x65, 0x29, 0x01, 0x08, 0xda, 0x5b, 0x45, 0x29, 0x01, 0x08, 0x91, 0x3a, 0xc3,
    0x18, 0x01, 0x08, 0xa5, 0x10, 0x20, 0x00, 0x18, 0x00, 0x00, 0x00, 0x00, 0x00, 0x44, 0x1b, 0x00,
    0x00, 0x00, 0x00, 0x00, 0x01, 0x00, 0x21, 0x00, 0x00, 0x00, 0x01, 0x01, 0xa5, 0x10, 0x20, 0x00,
    0x01, 0x01, 0xe6, 0x10, 0x41, 0x08, 0x01, 0x00, 0x84, 0x08, 0x20, 0x00, 0x08, 0x00, 0x00, 0x00,
    0x00, 0x00, 0x01, 0x02, 0x33, 0x3b, 0xe3, 0x18, 0x04, 0x02, 0x1f, 0x5d, 0x86, 0x31, 0x01, 0x02,
    0xff, 0x5c, 0x86, 0x31, 0x01, 0x02, 0xdf, 0x64, 0x86, 0x31, 0x01, 0x02, 0xbf, 0x64, 0x86, 0x31,
    0x01, 0x02, 0xfb, 0x5b, 0x45, 0x29, 0x07, 0x00, 0x00, 0x00, 0x00, 0x00, 0x01, 0x02, 0xcf, 0x41,
    0xa2, 0x10, 0x01, 0x02, 0x5d, 0x8b, 0x45, 0x29, 0x01, 0x02, 0x5b, 0x93, 0x45, 0x29, 0x01, 0x02,
    0x3a, 0x9b, 0x45, 0x29, 0x01, 0x02, 0x38, 0xa3, 0x45, 0x29, 0x01, 0x02, 0x17, 0xab, 0x45, 0x29,
    0x01, 0x02, 0xf5, 0xb2, 0x45, 0x29, 0x01, 0x02, 0xf3, 0xba, 0x45, 0x29, 0x01, 0x02, 0x0d, 0x92,
    0x04, 0x21, 0x01, 0x03, 0x34, 0x3b, 0xe3, 0x18, 0x04, 0x03, 0x1f, 0x5d, 0x86, 0x31, 0x01, 0x03,
    0xdf, 0x64, 0x86, 0x31, 0x01, 0x03, 0x9f, 0x6c, 0x86, 0x31, 0x01, 0x03, 0x5f, 0x74, 0x65, 0x29,
    0x01, 0x03, 0x92, 0x4a, 0xe3, 0x18, 0x07, 0x00, 0x00, 0x00, 0x00, 0x00, 0x01, 0x04, 0xf9, 0x43,
    0x24, 0x21, 0x02, 0x04, 0x1f, 0x5d, 0x86, 0x31, 0x01, 0x04, 0x1e, 0x74, 0x65, 0x29, 0x01, 0x04,
    0xaf, 0xd2, 0x45, 0x29, 0x03, 0x04, 0x47, 0xfa, 0x45, 0x29, 0x03, 0x05, 0x47, 0xfa, 0x45, 0x29,
    0x01, 0x05, 0xaf, 0xd2, 0x45, 0x29, 0x01, 0x05, 0x1e, 0x74, 0x65, 0x29, 0x02, 0x05, 0x1f, 0x5d,
    0x86, 0x31, 0x01, 0x05, 0xf9, 0x43, 0x24, 0x21, 0x07, 0x00, 0x00, 0x00, 0x00, 0x00, 0x01, 0x06,
    0x93, 0x4a, 0xe3, 0x18, 0x01, 0x06, 0x5f, 0x74, 0x65, 0x29, 0x01, 0x06, 0x9f, 0x6c, 0x86, 0x31,
    0x01, 0x06, 0xdf, 0x64, 0x86, 0x31, 0x04, 0x06, 0x1f, 0x5d, 0x86, 0x31, 0x01, 0x06, 0x13, 0x33,
    0xe3, 0x18, 0x01, 0x07, 0x2e, 0x9a, 0x04, 0x21, 0x01, 0x07, 0xf3, 0xba, 0x45, 0x29, 0x01, 0x07,
    0xf5, 0xb2, 0x45, 0x29, 0x01, 0x07, 0x17, 0xab, 0x45, 0x29, 0x01, 0x07, 0x38, 0xa3, 0x45, 0x29,
    0x01, 0x07, 0x3a, 0x9b, 0x45, 0x29, 0x01, 0x07, 0x5b, 0x93, 0x45, 0x29, 0x01, 0x07, 0x5d, 0x8b,
    0x45, 0x29, 0x01, 0x07, 0xcf, 0x41, 0xa2, 0x10, 0x07, 0x00, 0x00, 0x00, 0x00, 0x00, 0x01, 0x07,
    0xfb, 0x5b, 0x45, 0x29, 0x01, 0x07, 0xbf, 0x64, 0x86, 0x31, 0x01, 0x07, 0xdf, 0x64, 0x86, 0x31,
    0x01, 0x07, 0xff, 0x5c, 0x86, 0x31, 0x04, 0x07, 0x1f, 0x5d, 0x86, 0x31, 0x01, 0x07, 0x13, 0x33,
    0xe3, 0x18, 0x08, 0x00, 0x00, 0x00, 0x00, 0x00, 0x01, 0x00, 0x84, 0x08, 0x20, 0x00, 0x01, 0x08,
    0xe6, 0x10, 0x41, 0x08, 0x01, 0x08, 0xa5, 0x10, 0x20, 0x00, 0x01, 0x00, 0x21, 0x00, 0x00, 0x00,
    0x1b, 0x00, 0x00, 0x00, 0x00, 0x00, 0x3e, 0x27, 0x00, 0x00, 0x00, 0x00, 0x00, 0x01, 0x02, 0x0d,
    0x22, 0xa2, 0x10, 0x04, 0x02, 0x1f, 0x5d, 0x86, 0x31, 0x01, 0x02, 0xff, 0x5c, 0x86, 0x31, 0x01,
    0x02, 0xdf, 0x64, 0x86, 0x31, 0x01, 0x02, 0xbf, 0x64, 0x86, 0x31, 0x01, 0x02, 0x9f, 0x6c, 0x86,
    0x31, 0x01, 0x02, 0x6a, 0x21, 0x61, 0x08, 0x06, 0x00, 0x00, 0x00, 0x00, 0x00, 0x01, 0x02, 0x8e,
    0x39, 0xa2, 0x10, 0x01, 0x02, 0x5d, 0x8b, 0x45, 0x29, 0x01, 0x02, 0x5b, 0x93, 0x45, 0x29, 0x01,
    0x02, 0x3a, 0x9b, 0x45, 0x29, 0x01, 0x02, 0x38, 0xa3, 0x45, 0x29, 0x01, 0x02, 0x17, 0xab, 0x45,
    0x29, 0x01, 0x02, 0xf5, 0xb2, 0x45, 0x29, 0x01, 0x02, 0xf3, 0xba, 0x45, 0x29, 0x01, 0x02, 0x2d,
    0x9a, 0x04, 0x21, 0x01, 0x03, 0xd1, 0x32, 0xc3, 0x18, 0x04, 0x03, 0x1f, 0x5d, 0x86, 0x31, 0x01,
    0x03, 0xdf, 0x64, 0x86, 0x31, 0x01, 0x03, 0x9f, 0x6c, 0x86, 0x31, 0x01, 0x03, 0x5f, 0x74, 0x65,
    0x29, 0x01, 0x03, 0xd5, 0x52, 0x04, 0x21, 0x07, 0x00, 0x00, 0x00, 0x00, 0x00, 0x01, 0x04, 0x0c,
    0x22, 0xa2, 0x10, 0x02, 0x04, 0x1f, 0x5d, 0x86, 0x31, 0x01, 0x04, 0x1e, 0x74, 0x65, 0x29, 0x01,
    0x04, 0xaf, 0xd2, 0x45, 0x29, 0x02, 0x04, 0x47, 0xfa, 0x45, 0x29, 0x01, 0x04, 0xc6, 0xc9, 0x04,
    0x21, 0x01, 0x05, 0xc6, 0xc9, 0x04, 0x21, 0x02, 0x05, 0x47, 0xfa, 0x45, 0x29, 0x01, 0x05, 0xaf,
    0xd2, 0x45, 0x29, 0x01, 0x05, 0x1e, 0x74, 0x65, 0x29, 0x02, 0x05, 0x1f, 0x5d, 0x86, 0x31, 0x01,
    0x05, 0x0c, 0x22, 0xa2, 0x10, 0x07, 0x00, 0x00, 0x00, 0x00, 0x00, 0x01, 0x06, 0xf6, 0x52, 0x04,
    0x21, 0x01, 0x06, 0x5f, 0x74, 0x65, 0x29, 0x01, 0x06, 0x9f, 0x6c, 0x86, 0x31, 0x01, 0x06, 0xdf,
    0x64, 0x86, 0x31, 0x04, 0x06, 0x1f, 0x5d, 0x86, 0x31, 0x01, 0x06, 0xb1, 0x2a, 0xc3, 0x18, 0x01,
    0x07, 0x2e, 0x9a, 0x04, 0x21, 0x01, 0x07, 0xf3, 0xba, 0x45, 0x29, 0x01, 0x07, 0xf5, 0xb2, 0x45,
    0x29, 0x01, 0x07, 0x17, 0xab, 0x45, 0x29, 0x01, 0x07, 0x38, 0xa3, 0x45, 0x29, 0x01, 0x07, 0x3a,
    0x9b, 0x45, 0x29, 0x01, 0x07, 0x5b, 0x93, 0x45, 0x29, 0x01, 0x07, 0x5d, 0x8b, 0x45, 0x29, 0x01,
    0x07, 0x8d, 0x39, 0x82, 0x10, 0x06, 0x00, 0x00, 0x00, 0x00, 0x00, 0x01, 0x07, 0x6a, 0x21, 0x82,
    0x10, 0x01, 0x07, 0x9f, 0x6c, 0x86, 0x31, 0x01, 0x07, 0xbf, 0x64, 0x86, 0x31, 0x01, 0x07, 0xdf,
    0x64, 0x86, 0x31, 0x01, 0x07, 0xff, 0x5c, 0x86, 0x31, 0x04, 0x07, 0x1f, 0x5d, 0x86, 0x31, 0x01,
    0x07, 0x0c, 0x22, 0xa2, 0x10, 0x27, 0x00, 0x00, 0x00, 0x00, 0x00, 0x43, 0x27, 0x00, 0x00, 0x00,
    0x00, 0x00, 0x01, 0x00, 0x83, 0x08, 0x20, 0x00, 0x04, 0x02, 0x1f, 0x5d, 0x86, 0x31, 0x01, 0x02,
    0xff, 0x5c, 0x86, 0x31, 0x01, 0x02, 0xdf, 0x64, 0x86, 0x31, 0x01, 0x02, 0xbf, 0x64, 0x86, 0x31,
    0x01, 0x02, 0x9f, 0x6c, 0x86, 0x31, 0x01, 0x02, 0xfb, 0x63, 0x45, 0x29, 0x01, 0x00, 0x42, 0x08,
    0x00, 0x00, 0x04, 0x00, 0x00, 0x00, 0x00, 0x00, 0x01, 0x00, 0x21, 0x00, 0x00, 0x00, 0x01, 0x02,
    0xf9, 0x72, 0x24, 0x21, 0x01, 0x02, 0x5d, 0x8b, 0x45, 0x29, 0x01, 0x02, 0x5b, 0x93, 0x45, 0x29,
    0x01, 0x02, 0x3a, 0x9b, 0x45, 0x29, 0x01, 0x02, 0x38, 0xa3, 0x45, 0x29, 0x01, 0x02, 0x17, 0xab,
    0x45, 0x29, 0x01, 0x02, 0xf5, 0xb2, 0x45, 0x29, 0x01, 0x02, 0xf3, 0xba, 0x45, 0x29, 0x01, 0x02,
    0xab, 0x79, 0xc3, 0x18, 0x01, 0x03, 0x4e, 0x2a, 0xa2, 0x10, 0x04, 0x03, 0x1f, 0x5d, 0x86, 0x31,
    0x01, 0x03, 0xdf, 0x64, 0x86, 0x31, 0x01, 0x03, 0x9f, 0x6c, 0x86, 0x31, 0x01, 0x03, 0x5f, 0x74,
    0x65, 0x29, 0x01, 0x03, 0x7a, 0x63, 0x24, 0x21, 0x08, 0x00, 0x00, 0x00, 0x00, 0x00, 0x01, 0x04,
    0x34, 0x3b, 0xe3, 0x18, 0x01, 0x04, 0x1f, 0x5d, 0x86, 0x31, 0x01, 0x04, 0x1e, 0x74, 0x65, 0x29,
    0x01, 0x04, 0xaf, 0xd2, 0x45, 0x29, 0x01, 0x04, 0x47, 0xfa, 0x45, 0x29, 0x01, 0x04, 0x06, 0xe2,
    0x24, 0x21, 0x02, 0x00, 0x61, 0x28, 0x20, 0x00, 0x01, 0x05, 0x06, 0xe2, 0x24, 0x21, 0x01, 0x05,
    0x47, 0xfa, 0x45, 0x29, 0x01, 0x05, 0xaf, 0xd2, 0x45, 0x29, 0x01, 0x05, 0x1e, 0x74, 0x65, 0x29,
    0x01, 0x05, 0x1f, 0x5d, 0x86, 0x31, 0x01, 0x05, 0x34, 0x3b, 0xe3, 0x18, 0x08, 0x00, 0x00, 0x00,
    0x00, 0x00, 0x01, 0x06, 0x7a, 0x63, 0x24, 0x21, 0x01, 0x06, 0x5f, 0x74, 0x65, 0x29, 0x01, 0x06,
    0x9f, 0x6c, 0x86, 0x31, 0x01, 0x06, 0xdf, 0x64, 0x86, 0x31, 0x04, 0x06, 0x1f, 0x5d, 0x86, 0x31,
    0x01, 0x06, 0x2e, 0x22, 0xa2, 0x10, 0x01, 0x07, 0xcb, 0x79, 0xc3, 0x18, 0x01, 0x07, 0xf3, 0xba,
    0x45, 0x29, 0x01, 0x07, 0xf5, 0xb2, 0x45, 0x29, 0x01, 0x07, 0x17, 0xab, 0x45, 0x29, 0x01, 0x07,
    0x38, 0xa3, 0x45, 0x29, 0x01, 0x07, 0x3a, 0x9b, 0x45, 0x29, 0x01, 0x07, 0x5b, 0x93, 0x45, 0x29,
    0x01, 0x07, 0x5d, 0x8b, 0x45, 0x29, 0x01, 0x07, 0xf9, 0x72, 0x24, 0x21, 0x01, 0x00, 0x01, 0x00,
    0x00, 0x00, 0x04, 0x00, 0x00, 0x00, 0x00, 0x00, 0x01, 0x00, 0x42, 0x08, 0x00, 0x00, 0x01, 0x07,
    0xfb, 0x63, 0x45, 0x29, 0x01, 0x07, 0x9f, 0x6c, 0x86, 0x31, 0x01, 0x07, 0xbf, 0x64, 0x86, 0x31,
    0x01, 0x07, 0xdf, 0x64, 0x86, 0x31, 0x01, 0x07, 0xff, 0x5c, 0x86, 0x31, 0x04, 0x07, 0x1f, 0x5d,
    0x86, 0x31, 0x01, 0x00, 0x83, 0x08, 0x20, 0x00, 0x27, 0x00, 0x00, 0x00, 0x00, 0x00, 0x45, 0x28,
    0x00, 0x00, 0x00, 0x00, 0x00, 0x01, 0x02, 0xf8, 0x43, 0x24, 0x21, 0x03, 0x02, 0x1f, 0x5d, 0x86,
    0x31, 0x01, 0x02, 0xff, 0x5c, 0x86, 0x31, 0x01, 0x02, 0xdf, 0x64, 0x86, 0x31, 0x01, 0x02, 0xbf,
    0x64, 0x86, 0x31, 0x01, 0x02, 0x9f, 0x6c, 0x86, 0x31, 0x01, 0x02, 0x7f, 0x6c, 0x65, 0x29, 0x01,
    0x02, 0x79, 0x5b, 0x24, 0x21, 0x01, 0x00, 0xa4, 0x10, 0x20, 0x00, 0x02, 0x00, 0x00, 0x00, 0x00,
    0x00, 0x01, 0x00, 0x63, 0x08, 0x20, 0x00, 0x01, 0x02, 0xb6, 0x62, 0x04, 0x21, 0x01, 0x02, 0x7e,
    0x8b, 0x65, 0x29, 0x01, 0x02, 0x5d, 0x8b, 0x45, 0x29, 0x01, 0x02, 0x5b, 0x93, 0x45, 0x29, 0x01,
    0x02, 0x3a, 0x9b, 0x45, 0x29, 0x01, 0x02, 0x38, 0xa3, 0x45, 0x29, 0x01, 0x02, 0x17, 0xab, 0x45,
    0x29, 0x01, 0x02, 0xf5, 0xb2, 0x45, 0x29, 0x01, 0x02, 0xf3, 0xba, 0x45, 0x29, 0x01, 0x02, 0x48,
    0x59, 0x82, 0x10, 0x01, 0x03, 0x8a, 0x19, 0x61, 0x08, 0x04, 0x03, 0x1f, 0x5d, 0x86, 0x31, 0x01,
    0x03, 0xdf, 0x64, 0x86, 0x31, 0x01, 0x03, 0x9f, 0x6c, 0x86, 0x31, 0x01, 0x03, 0x5f, 0x74, 0x65,
    0x29, 0x01, 0x03, 0xfe, 0x73, 0x65, 0x29, 0x09, 0x00, 0x00, 0x00, 0x00, 0x00, 0x01, 0x04, 0x69,
    0x19, 0x61, 0x08, 0x01, 0x04, 0x92, 0x4a, 0xe3, 0x18, 0x01, 0x04, 0xca, 0x89, 0xc3, 0x18, 0x01,
    0x04, 0x03, 0x71, 0x82, 0x10, 0x01, 0x00, 0x20, 0x10, 0x00, 0x00, 0x02, 0x00, 0x00, 0x00, 0x00,
    0x00, 0x01, 0x00, 0x20, 0x10, 0x00, 0x00, 0x01, 0x05, 0x03, 0x71, 0x82, 0x10, 0x01, 0x05, 0xca,
    0x89, 0xc3, 0x18, 0x01, 0x05, 0x92, 0x4a, 0xe3, 0x18, 0x01, 0x05, 0x69, 0x19, 0x61, 0x08, 0x09,
    0x00, 0x00, 0x00, 0x00, 0x00, 0x01, 0x06, 0xfe, 0x73, 0x65, 0x29, 0x01, 0x06, 0x5f, 0x74, 0x65,
    0x29, 0x01, 0x06, 0x9f, 0x6c, 0x86, 0x31, 0x01, 0x06, 0xdf, 0x64, 0x86, 0x31, 0x04, 0x06, 0x1f,
    0x5d, 0x86, 0x31, 0x01, 0x06, 0x89, 0x19, 0x61, 0x08, 0x01, 0x07, 0x48, 0x59, 0xa2, 0x10, 0x01,
    0x07, 0xf3, 0xba, 0x45, 0x29, 0x01, 0x07, 0xf5, 0xb2, 0x45, 0x29, 0x01, 0x07, 0x17, 0xab, 0x45,
    0x29, 0x01, 0x07, 0x38, 0xa3, 0x45, 0x29, 0x01, 0x07, 0x3a, 0x9b, 0x45, 0x29, 0x01, 0x07, 0x5b,
    0x93, 0x45, 0x29, 0x01, 0x07, 0x5d, 0x8b, 0x45, 0x29, 0x01, 0x07, 0x7e, 0x8b, 0x65, 0x29, 0x01,
    0x07, 0xb6, 0x62, 0x04, 0x21, 0x01, 0x00, 0x63, 0x08, 0x20, 0x00, 0x02, 0x00, 0x00, 0x00, 0x00,
    0x00, 0x01, 0x07, 0xa5, 0x10, 0x20, 0x00, 0x01, 0x07, 0x79, 0x5b, 0x24, 0x21, 0x01, 0x07, 0x7f,
    0x6c, 0x65, 0x29, 0x01, 0x07, 0x9f, 0x6c, 0x86, 0x31, 0x01, 0x07, 0xbf, 0x64, 0x86, 0x31, 0x01,
    0x07, 0xdf, 0x64, 0x86, 0x31, 0x01, 0x07, 0xff, 0x5c, 0x86, 0x31, 0x03, 0x07, 0x1f, 0x5d, 0x86,
    0x31, 0x01, 0x07, 0xd8, 0x43, 0x24, 0x21, 0x28, 0x00, 0x00, 0x00, 0x00, 0x00, 0x3d, 0x28, 0x00,
    0x00, 0x00, 0x00, 0x00, 0x01, 0x02, 0xaa, 0x19, 0x82, 0x10, 0x03, 0x02, 0x1f, 0x5d, 0x86, 0x31,
    0x01, 0x02, 0xff, 0x5c, 0x86, 0x31, 0x01, 0x02, 0xdf, 0x64, 0x86, 0x31, 0x01, 0x02, 0xbf, 0x64,
    0x86, 0x31, 0x01, 0x02, 0x9f, 0x6c, 0x86, 0x31, 0x01, 0x02, 0x7f, 0x6c, 0x65, 0x29, 0x01, 0x02,
    0x3f, 0x74, 0x65, 0x29, 0x01, 0x02, 0x1e, 0x74, 0x65, 0x29, 0x01, 0x02, 0x17, 0x5b, 0x04, 0x21,
    0x01, 0x02, 0xf7, 0x62, 0x04, 0x21, 0x01, 0x02, 0xbd, 0x7b, 0x65, 0x29, 0x01, 0x02, 0x9e, 0x83,
    0x65, 0x29, 0x01, 0x02, 0x7e, 0x8b, 0x65, 0x29, 0x01, 0x02, 0x5d, 0x8b, 0x45, 0x29, 0x01, 0x02,
    0x5b, 0x93, 0x45, 0x29, 0x01, 0x02, 0x3a, 0x9b, 0x45, 0x29, 0x01, 0x02, 0x38, 0xa3, 0x45, 0x29,
    0x01, 0x02, 0x17, 0xab, 0x45, 0x29, 0x01, 0x02, 0xf5, 0xb2, 0x45, 0x29, 0x01, 0x02, 0xf3, 0xba,
    0x45, 0x29, 0x01, 0x02, 0x84, 0x28, 0x41, 0x08, 0x01, 0x03, 0xc5, 0x08, 0x20, 0x00, 0x04, 0x03,
    0x1f, 0x5d, 0x86, 0x31, 0x01, 0x03, 0xdf, 0x64, 0x86, 0x31, 0x01, 0x03, 0x9f, 0x6c, 0x86, 0x31,
    0x01, 0x03, 0x5f, 0x74, 0x65, 0x29, 0x01, 0x03, 0x1e, 0x74, 0x65, 0x29, 0x01, 0x03, 0xc6, 0x18,
    0x41, 0x08, 0x1c, 0x00, 0x00, 0x00, 0x00, 0x00, 0x01, 0x06, 0xc6, 0x18, 0x41, 0x08, 0x01, 0x06,
    0x1e, 0x74, 0x65, 0x29, 0x01, 0x06, 0x5f, 0x74, 0x65, 0x29, 0x01, 0x06, 0x9f, 0x6c, 0x86, 0x31,
    0x01, 0x06, 0xdf, 0x64, 0x86, 0x31, 0x04, 0x06, 0x1f, 0x5d, 0x86, 0x31, 0x01, 0x00, 0xc4, 0x08,
    0x20, 0x00, 0x01, 0x07, 0xa4, 0x28, 0x41, 0x08, 0x01, 0x07, 0xf3, 0xba, 0x45, 0x29, 0x01, 0x07,
    0xf5, 0xb2, 0x45, 0x29, 0x01, 0x07, 0x17, 0xab, 0x45, 0x29, 0x01, 0x07, 0x38, 0xa3, 0x45, 0x29,
    0x01, 0x07, 0x3a, 0x9b, 0x45, 0x29, 0x01, 0x07, 0x5b, 0x93, 0x45, 0x29, 0x01, 0x07, 0x5d, 0x8b,
    0x45, 0x29, 0x01, 0x07, 0x7e, 0x8b, 0x65, 0x29, 0x01, 0x07, 0x9e, 0x83, 0x65, 0x29, 0x01, 0x07,
    0xbd, 0x7b, 0x65, 0x29, 0x01, 0x07, 0xf7, 0x62, 0x04, 0x21, 0x01, 0x07, 0x17, 0x5b, 0x04, 0x21,
    0x01, 0x07, 0x1e, 0x74, 0x65, 0x29, 0x01, 0x07, 0x3f, 0x74, 0x65, 0x29, 0x01, 0x07, 0x7f, 0x6c,
    0x65, 0x29, 0x01, 0x07, 0x9f, 0x6c, 0x86, 0x31, 0x01, 0x07, 0xbf, 0x64, 0x86, 0x31, 0x01, 0x07,
    0xdf, 0x64, 0x86, 0x31, 0x01, 0x07, 0xff, 0x5c, 0x86, 0x31, 0x03, 0x07, 0x1f, 0x5d, 0x86, 0x31,
    0x01, 0x07, 0xaa, 0x19, 0x82, 0x10, 0x28, 0x00, 0x00, 0x00, 0x00, 0x00, 0x3d, 0x29, 0x00, 0x00,
    0x00, 0x00, 0x00, 0x01, 0x02, 0x5a, 0x4c, 0x45, 0x29, 0x02, 0x02, 0x1f, 0x5d, 0x86, 0x31, 0x01,
    0x02, 0xff, 0x5c, 0x86, 0x31, 0x01, 0x02, 0xdf, 0x64, 0x86, 0x31, 0x01, 0x02, 0xbf, 0x64, 0x86,
    0x31, 0x01, 0x02, 0x9f, 0x6c, 0x86, 0x31, 0x01, 0x02, 0x7f, 0x6c, 0x65, 0x29, 0x01, 0x02, 0x3f,
    0x74, 0x65, 0x29, 0x01, 0x02, 0x1e, 0x74, 0x65, 0x29, 0x01, 0x02, 0xfe, 0x7b, 0x65, 0x29, 0x01,
    0x02, 0xde, 0x7b, 0x65, 0x29, 0x01, 0x02, 0xbe, 0x83, 0x65, 0x29, 0x01, 0x02, 0x9e, 0x83, 0x65,
    0x29, 0x01, 0x02, 0x7e, 0x8b, 0x65, 0x29, 0x01, 0x02, 0x5d, 0x8b, 0x45, 0x29, 0x01, 0x02, 0x5b,
    0x93, 0x45, 0x29, 0x01, 0x02, 0x3a, 0x9b, 0x45, 0x29, 0x01, 0x02, 0x38, 0xa3, 0x45, 0x29, 0x01,
    0x02, 0x17, 0xab, 0x45, 0x29, 0x01, 0x02, 0xf5, 0xb2, 0x45, 0x29, 0x01, 0x02, 0x70, 0x9a, 0x04,
    0x21, 0x02, 0x00, 0x00, 0x00, 0x00, 0x00, 0x01, 0x03, 0xfe, 0x54, 0x86, 0x31, 0x03, 0x03, 0x1f,
    0x5d, 0x86, 0x31, 0x01, 0x03, 0xdf, 0x64, 0x86, 0x31, 0x01, 0x03, 0x9f, 0x6c, 0x86, 0x31, 0x01,
    0x03, 0x5f, 0x74, 0x65, 0x29, 0x01, 0x03, 0x1e, 0x74, 0x65, 0x29, 0x01, 0x03, 0xef, 0x39, 0xa2,
    0x10, 0x1c, 0x00, 0x00, 0x00, 0x00, 0x00, 0x01, 0x06, 0xef, 0x41, 0xa2, 0x10, 0x01, 0x06, 0x1e,
    0x74, 0x65, 0x29, 0x01, 0x06, 0x5f, 0x74, 0x65, 0x29, 0x01, 0x06, 0x9f, 0x6c, 0x86, 0x31, 0x01,
    0x06, 0xdf, 0x64, 0x86, 0x31, 0x03, 0x06, 0x1f, 0x5d, 0x86, 0x31, 0x01, 0x06, 0xfe, 0x54, 0x86,
    0x31, 0x02, 0x00, 0x00, 0x00, 0x00, 0x00, 0x01, 0x07, 0x70, 0xa2, 0x04, 0x21, 0x01, 0x07, 0xf5,
    0xb2, 0x45, 0x29, 0x01, 0x07, 0x17, 0xab, 0x45, 0x29, 0x01, 0x07, 0x38, 0xa3, 0x45, 0x29, 0x01,
    0x07, 0x3a, 0x9b, 0x45, 0x29, 0x01, 0x07, 0x5b, 0x93, 0x45, 0x29, 0x01, 0x07, 0x5d, 0x8b, 0x45,
    0x29, 0x01, 0x07, 0x7e, 0x8b, 0x65, 0x29, 0x01, 0x07, 0x9e, 0x83, 0x65, 0x29, 0x01, 0x07, 0xbe,
    0x83, 0x65, 0x29, 0x01, 0x07, 0xde, 0x7b, 0x65, 0x29, 0x01, 0x07, 0xfe, 0x7b, 0x65, 0x29, 0x01,
    0x07, 0x1e, 0x74, 0x65, 0x29, 0x01, 0x07, 0x3f, 0x74, 0x65, 0x29, 0x01, 0x07, 0x7f, 0x6c, 0x65,
    0x29, 0x01, 0x07, 0x9f, 0x6c, 0x86, 0x31, 0x01, 0x07, 0xbf, 0x64, 0x86, 0x31, 0x01, 0x07, 0xdf,
    0x64, 0x86, 0x31, 0x01, 0x07, 0xff, 0x5c, 0x86, 0x31, 0x02, 0x07, 0x1f, 0x5d, 0x86, 0x31, 0x01,
    0x07, 0x3a, 0x4c, 0x45, 0x29, 0x29, 0x00, 0x00, 0x00, 0x00, 0x00, 0x43, 0x29, 0x00, 0x00, 0x00,
    0x00, 0x00, 0x01, 0x02, 0x48, 0x11, 0x61, 0x08, 0x02, 0x02, 0x1f, 0x5d, 0x86, 0x31, 0x01, 0x02,
    0xff, 0x5c, 0x86, 0x31, 0x01, 0x02, 0xdf, 0x64, 0x86, 0x31, 0x01, 0x02, 0xbf, 0x64, 0x86, 0x31,
    0x01, 0x02, 0x9f, 0x6c, 0x86, 0x31, 0x01, 0x02, 0x7f, 0x6c, 0x65, 0x29, 0x01, 0x02, 0x3f, 0x74,
    0x65, 0x29, 0x01, 0x02, 0x1e, 0x74, 0x65, 0x29, 0x01, 0x02, 0xfe, 0x7b, 0x65, 0x29, 0x01, 0x02,
    0xde, 0x7b, 0x65, 0x29, 0x01, 0x02, 0xbe, 0x83, 0x65, 0x29, 0x01, 0x02, 0x9e, 0x83, 0x65, 0x29,
    0x01, 0x02, 0x7e, 0x8b, 0x65, 0x29, 0x01, 0x02, 0x5d, 0x8b, 0x45, 0x29, 0x01, 0x02, 0x5b, 0x93,
    0x45, 0x29, 0x01, 0x02, 0x3a, 0x9b, 0x45, 0x29, 0x01, 0x02, 0x38, 0xa3, 0x45, 0x29, 0x01, 0x02,
    0x17, 0xab, 0x45, 0x29, 0x01, 0x02, 0xf5, 0xb2, 0x45, 0x29, 0x01, 0x02, 0xc5, 0x30, 0x61, 0x08,
    0x02, 0x00, 0x00, 0x00, 0x00, 0x00, 0x01, 0x03, 0xd7, 0x43, 0x24, 0x21, 0x03, 0x03, 0x1f, 0x5d,
    0x86, 0x31, 0x01, 0x03, 0xdf, 0x64, 0x86, 0x31, 0x01, 0x03, 0x9f, 0x6c, 0x86, 0x31, 0x01, 0x03,
    0x5f, 0x74, 0x65, 0x29, 0x01, 0x03, 0x1e, 0x74, 0x65, 0x29, 0x01, 0x03, 0x5a, 0x6b, 0x24, 0x21,
    0x08, 0x00, 0x00, 0x00, 0x00, 0x00, 0x01, 0x00, 0x20, 0x18, 0x00, 0x00, 0x01, 0x00, 0x20, 0x10,
    0x00, 0x00, 0x08, 0x00, 0x00, 0x00, 0x00, 0x00, 0x01, 0x00, 0x20, 0x10, 0x00, 0x00, 0x01, 0x00,
    0x20, 0x18, 0x00, 0x00, 0x08, 0x00, 0x00, 0x00, 0x00, 0x00, 0x01, 0x06, 0x7b, 0x6b, 0x45, 0x29,
    0x01, 0x06, 0x1e, 0x74, 0x65, 0x29, 0x01, 0x06, 0x5f, 0x74, 0x65, 0x29, 0x01, 0x06, 0x9f, 0x6c,
    0x86, 0x31, 0x01, 0x06, 0xdf, 0x64, 0x86, 0x31, 0x03, 0x06, 0x1f, 0x5d, 0x86, 0x31, 0x01, 0x06,
    0xd7, 0x43, 0x24, 0x21, 0x02, 0x00, 0x00, 0x00, 0x00, 0x00, 0x01, 0x07, 0xe6, 0x38, 0x61, 0x08,
    0x01, 0x07, 0xf5, 0xb2, 0x45, 0x29, 0x01, 0x07, 0x17, 0xab, 0x45, 0x29, 0x01, 0x07, 0x38, 0xa3,
    0x45, 0x29, 0x01, 0x07, 0x3a, 0x9b, 0x45, 0x29, 0x01, 0x07, 0x5b, 0x93, 0x45, 0x29, 0x01, 0x07,
    0x5d, 0x8b, 0x45, 0x29, 0x01, 0x07, 0x7e, 0x8b, 0x65, 0x29, 0x01, 0x07, 0x9e, 0x83, 0x65, 0x29,
    0x01, 0x07, 0xbe, 0x83, 0x65, 0x29, 0x01, 0x07, 0xde, 0x7b, 0x65, 0x29, 0x01, 0x07, 0xfe, 0x7b,
    0x65, 0x29, 0x01, 0x07, 0x1e, 0x74, 0x65, 0x29, 0x01, 0x07, 0x3f, 0x74, 0x65, 0x29, 0x01, 0x07,
    0x7f, 0x6c, 0x65, 0x29, 0x01, 0x07, 0x9f, 0x6c, 0x86, 0x31, 0x01, 0x07, 0xbf, 0x64, 0x86, 0x31,
    0x01, 0x07, 0xdf, 0x64, 0x86, 0x31, 0x01, 0x07, 0xff, 0x5c, 0x86, 0x31, 0x02, 0x07, 0x1f, 0x5d,
    0x86, 0x31, 0x01, 0x07, 0x27, 0x11, 0x41, 0x08, 0x29, 0x00, 0x00, 0x00, 0x00, 0x00, 0x4b, 0x2a,
    0x00, 0x00, 0x00, 0x00, 0x00, 0x01, 0x02, 0xd1, 0x32, 0xc3, 0x18, 0x01, 0x02, 0x1f, 0x5d, 0x86,
    0x31, 0x01, 0x02, 0xff, 0x5c, 0x86, 0x31, 0x01, 0x02, 0xdf, 0x64, 0x86, 0x31, 0x01, 0x02, 0xbf,
    0x64, 0x86, 0x31, 0x01, 0x02, 0x9f, 0x6c, 0x86, 0x31, 0x01, 0x02, 0x7f, 0x6c, 0x65, 0x29, 0x01,
    0x02, 0x3f, 0x74, 0x65, 0x29, 0x01, 0x02, 0x1e, 0x74, 0x65, 0x29, 0x01, 0x02, 0xfe, 0x7b, 0x65,
    0x29, 0x01, 0x02, 0xde, 0x7b, 0x65, 0x29, 0x01, 0x02, 0xbe, 0x83, 0x65, 0x29, 0x01, 0x02, 0x9e,
    0x83, 0x65, 0x29, 0x01, 0x02, 0x7e, 0x8b, 0x65, 0x29, 0x01, 0x02, 0x5d, 0x8b, 0x45, 0x29, 0x01,
    0x02, 0x5b, 0x93, 0x45, 0x29, 0x01, 0x02, 0x3a, 0x9b, 0x45, 0x29, 0x01, 0x02, 0x38, 0xa3, 0x45,
    0x29, 0x01, 0x02, 0x17, 0xab, 0x45, 0x29, 0x01, 0x02, 0xcd, 0x71, 0xc3, 0x18, 0x03, 0x00, 0x00,
    0x00, 0x00, 0x00, 0x01, 0x03, 0x6f, 0x2a, 0xc3, 0x18, 0x03, 0x03, 0x1f, 0x5d, 0x86, 0x31, 0x01,
    0x03, 0xdf, 0x64, 0x86, 0x31, 0x01, 0x03, 0x9f, 0x6c, 0x86, 0x31, 0x01, 0x03, 0x5f, 0x74, 0x65,
    0x29, 0x01, 0x03, 0x1e, 0x74, 0x65, 0x29, 0x01, 0x03, 0xde, 0x7b, 0x65, 0x29, 0x01, 0x03, 0x6c,
    0x31, 0x82, 0x10, 0x05, 0x00, 0x00, 0x00, 0x00, 0x00, 0x01, 0x03, 0xc4, 0x40, 0x61, 0x08, 0x01,
    0x03, 0x09, 0xc2, 0x04, 0x21, 0x01, 0x03, 0x68, 0xfa, 0x45, 0x29, 0x01, 0x03, 0x47, 0xfa, 0x45,
    0x29, 0x01, 0x03, 0xc6, 0xc9, 0x04, 0x21, 0x01, 0x03, 0x81, 0x38, 0x41, 0x08, 0x04, 0x00, 0x00,
    0x00, 0x00, 0x00, 0x01, 0x06, 0x81, 0x38, 0x41, 0x08, 0x01, 0x06, 0xc6, 0xc9, 0x04, 0x21, 0x01,
    0x06, 0x47, 0xfa, 0x45, 0x29, 0x01, 0x06, 0x68, 0xfa, 0x45, 0x29, 0x01, 0x06, 0x09, 0xc2, 0x04,
    0x21, 0x01, 0x06, 0xc4, 0x40, 0x61, 0x08, 0x05, 0x00, 0x00, 0x00, 0x00, 0x00, 0x01, 0x06, 0x8c,
    0x31, 0x82, 0x10, 0x01, 0x06, 0xde, 0x7b, 0x65, 0x29, 0x01, 0x06, 0x1e, 0x74, 0x65, 0x29, 0x01,
    0x06, 0x5f, 0x74, 0x65, 0x29, 0x01, 0x06, 0x9f, 0x6c, 0x86, 0x31, 0x01, 0x06, 0xdf, 0x64, 0x86,
    0x31, 0x03, 0x06, 0x1f, 0x5d, 0x86, 0x31, 0x01, 0x06, 0x6f, 0x2a, 0xa2, 0x10, 0x03, 0x00, 0x00,
    0x00, 0x00, 0x00, 0x01, 0x07, 0xed, 0x71, 0xc3, 0x18, 0x01, 0x07, 0x17, 0xab, 0x45, 0x29, 0x01,
    0x07, 0x38, 0xa3, 0x45, 0x29, 0x01, 0x07, 0x3a, 0x9b, 0x45, 0x29, 0x01, 0x07, 0x5b, 0x93, 0x45,
    0x29, 0x01, 0x07, 0x5d, 0x8b, 0x45, 0x29, 0x01, 0x07, 0x7e, 0x8b, 0x65, 0x29, 0x01, 0x07, 0x9e,
    0x83, 0x65, 0x29, 0x01, 0x07, 0xbe, 0x83, 0x65, 0x29, 0x01, 0x07, 0xde, 0x7b, 0x65, 0x29, 0x01,
    0x07, 0xfe, 0x7b, 0x65, 0x29, 0x01, 0x07, 0x1e, 0x74, 0x65, 0x29, 0x01, 0x07, 0x3f, 0x74, 0x65,
    0x29, 0x01, 0x07, 0x7f, 0x6c, 0x65, 0x29, 0x01, 0x07, 0x9f, 0x6c, 0x86, 0x31, 0x01, 0x07, 0xbf,
    0x64, 0x86, 0x31, 0x01, 0x07, 0xdf, 0x64, 0x86, 0x31, 0x01, 0x07, 0xff, 0x5c, 0x86, 0x31, 0x01,
    0x07, 0x1f, 0x5d, 0x86, 0x31, 0x01, 0x07, 0xd1, 0x32, 0xc3, 0x18, 0x2a, 0x00, 0x00, 0x00, 0x00,
    0x00, 0x4d, 0x2b, 0x00, 0x00, 0x00, 0x00, 0x00, 0x01, 0x02, 0x76, 0x43, 0x04, 0x21, 0x01, 0x02,
    0xff, 0x5c, 0x86, 0x31, 0x01, 0x02, 0xdf, 0x64, 0x86, 0x31, 0x01, 0x02, 0xbf, 0x64, 0x86, 0x31,
    0x01, 0x02, 0x9f, 0x6c, 0x86, 0x31, 0x01, 0x02, 0x7f, 0x6c, 0x65, 0x29, 0x01, 0x02, 0x3f, 0x74,
    0x65, 0x29, 0x01, 0x02, 0x1e, 0x74, 0x65, 0x29, 0x01, 0x02, 0xfe, 0x7b, 0x65, 0x29, 0x01, 0x02,
    0xde, 0x7b, 0x65, 0x29, 0x01, 0x02, 0xbe, 0x83, 0x65, 0x29, 0x01, 0x02, 0x9e, 0x83, 0x65, 0x29,
    0x01, 0x02, 0x7e, 0x8b, 0x65, 0x29, 0x01, 0x02, 0x5d, 0x8b, 0x45, 0x29, 0x01, 0x02, 0x5b, 0x93,
    0x45, 0x29, 0x01, 0x02, 0x3a, 0x9b, 0x45, 0x29, 0x01, 0x02, 0x38, 0xa3, 0x45, 0x29, 0x01, 0x02,
    0x72, 0x8a, 0x04, 0x21, 0x01, 0x00, 0x20, 0x00, 0x00, 0x00, 0x03, 0x00, 0x00, 0x00, 0x00, 0x00,
    0x01, 0x00, 0xa4, 0x08, 0x20, 0x00, 0x03, 0x03, 0x1f, 0x5d, 0x86, 0x31, 0x01, 0x03, 0xdf, 0x64,
    0x86, 0x31, 0x01, 0x03, 0x9f, 0x6c, 0x86, 0x31, 0x01, 0x03, 0x5f, 0x74, 0x65, 0x29, 0x01, 0x03,
    0x1e, 0x74, 0x65, 0x29, 0x01, 0x03, 0xde, 0x7b, 0x65, 0x29, 0x01, 0x03, 0x7c, 0x7b, 0x45, 0x29,
    0x01, 0x03, 0x84, 0x10, 0x20, 0x00, 0x03, 0x00, 0x00, 0x00, 0x00, 0x00, 0x01, 0x03, 0xc5, 0x38,
    0x61, 0x08, 0x01, 0x03, 0xae, 0xda, 0x45, 0x29, 0x01, 0x03, 0x8b, 0xea, 0x45, 0x29, 0x01, 0x03,
    0x68, 0xfa, 0x45, 0x29, 0x02, 0x03, 0x47, 0xfa, 0x45, 0x29, 0x01, 0x03, 0x27, 0xf2, 0x45, 0x29,
    0x01, 0x03, 0x61, 0x30, 0x41, 0x08, 0x02, 0x00, 0x00, 0x00, 0x00, 0x00, 0x01, 0x06, 0x61, 0x30,
    0x41, 0x08, 0x01, 0x06, 0x27, 0xf2, 0x45, 0x29, 0x02, 0x06, 0x47, 0xfa, 0x45, 0x29, 0x01, 0x06,
    0x68, 0xfa, 0x45, 0x29, 0x01, 0x06, 0x8b, 0xea, 0x45, 0x29, 0x01, 0x06, 0xae, 0xda, 0x45, 0x29,
    0x01, 0x06, 0xc5, 0x38, 0x61, 0x08, 0x03, 0x00, 0x00, 0x00, 0x00, 0x00, 0x01, 0x06, 0x85, 0x10,
    0x20, 0x00, 0x01, 0x06, 0x7c, 0x7b, 0x45, 0x29, 0x01, 0x06, 0xde, 0x7b, 0x65, 0x29, 0x01, 0x06,
    0x1e, 0x74, 0x65, 0x29, 0x01, 0x06, 0x5f, 0x74, 0x65, 0x29, 0x01, 0x06, 0x9f, 0x6c, 0x86, 0x31,
    0x01, 0x06, 0xdf, 0x64, 0x86, 0x31, 0x03, 0x06, 0x1f, 0x5d, 0x86, 0x31, 0x01, 0x00, 0xa4, 0x08,
    0x20, 0x00, 0x03, 0x00, 0x00, 0x00, 0x00, 0x00, 0x01, 0x00, 0x20, 0x00, 0x00, 0x00, 0x01, 0x07,
    0x72, 0x8a, 0x04, 0x21, 0x01, 0x07, 0x38, 0xa3, 0x45, 0x29, 0x01, 0x07, 0x3a, 0x9b, 0x45, 0x29,
    0x01, 0x07, 0x5b, 0x93, 0x45, 0x29, 0x01, 0x07, 0x5d, 0x8b, 0x45, 0x29, 0x01, 0x07, 0x7e, 0x8b,
    0x65, 0x29, 0x01, 0x07, 0x9e, 0x83, 0x65, 0x29, 0x01, 0x07, 0xbe, 0x83, 0x65, 0x29, 0x01, 0x07,
    0xde, 0x7b, 0x65, 0x29, 0x01, 0x07, 0xfe, 0x7b, 0x65, 0x29, 0x01, 0x07, 0x1e, 0x74, 0x65, 0x29,
    0x01, 0x07, 0x3f, 0x74, 0x65, 0x29, 0x01, 0x07, 0x7f, 0x6c, 0x65, 0x29, 0x01, 0x07, 0x9f, 0x6c,
    0x86, 0x31, 0x01, 0x07, 0xbf, 0x64, 0x86, 0x31, 0x01, 0x07, 0xdf, 0x64, 0x86, 0x31, 0x01, 0x07,
    0xff, 0x5c, 0x86, 0x31, 0x01, 0x07, 0x75, 0x3b, 0x04, 0x21, 0x2b, 0x00, 0x00, 0x00, 0x00, 0x00,
    0x4c, 0x2b, 0x00, 0x00, 0x00, 0x00, 0x00, 0x01, 0x00, 0x20, 0x00, 0x00, 0x00, 0x01, 0x02, 0x34,
    0x3b, 0xe3, 0x18, 0x01, 0x02, 0xdf, 0x64, 0x86, 0x31, 0x01, 0x02, 0xbf, 0x64, 0x86, 0x31, 0x01,
    0x02, 0x9f, 0x6c, 0x86, 0x31, 0x01, 0x02, 0x7f, 0x6c, 0x65, 0x29, 0x01, 0x02, 0x3f, 0x74, 0x65,
    0x29, 0x01, 0x02, 0x1e, 0x74, 0x65, 0x29, 0x01, 0x02, 0xfe, 0x7b, 0x65, 0x29, 0x01, 0x02, 0xde,
    0x7b, 0x65, 0x29, 0x01, 0x02, 0xbe, 0x83, 0x65, 0x29, 0x01, 0x02, 0x9e, 0x83, 0x65, 0x29, 0x01,
    0x02, 0x7e, 0x8b, 0x65, 0x29, 0x01, 0x02, 0x5d, 0x8b, 0x45, 0x29, 0x01, 0x02, 0x5b, 0x93, 0x45,
    0x29, 0x01, 0x02, 0x3a, 0x9b, 0x45, 0x29, 0x01, 0x02, 0x73, 0x82, 0x04, 0x21, 0x01, 0x00, 0x21,
    0x08, 0x00, 0x00, 0x05, 0x00, 0x00, 0x00, 0x00, 0x00, 0x01, 0x03, 0xf8, 0x43, 0x24, 0x21, 0x02,
    0x03, 0x1f, 0x5d, 0x86, 0x31, 0x01, 0x03, 0xdf, 0x64, 0x86, 0x31, 0x01, 0x03, 0x9f, 0x6c, 0x86,
    0x31, 0x01, 0x03, 0x5f, 0x74, 0x65, 0x29, 0x01, 0x03, 0x1e, 0x74, 0x65, 0x29, 0x01, 0x03, 0xde,
    0x7b, 0x65, 0x29, 0x01, 0x03, 0x9e, 0x83, 0x65, 0x29, 0x01, 0x03, 0x1a, 0x7b, 0x24, 0x21, 0x01,
    0x03, 0xc7, 0x28, 0x41, 0x08, 0x01, 0x00, 0x00, 0x00, 0x00, 0x00, 0x01, 0x03, 0x83, 0x18, 0x20,
    0x00, 0x01, 0x03, 0x90, 0xba, 0x45, 0x29, 0x01, 0x03, 0xae, 0xda, 0x45, 0x29, 0x01, 0x03, 0x8b,
    0xea, 0x45, 0x29, 0x01, 0x03, 0x68, 0xfa, 0x45, 0x29, 0x03, 0x03, 0x47, 0xfa, 0x45, 0x29, 0x01,
    0x03, 0xa5, 0xb9, 0xe3, 0x18, 0x02, 0x00, 0x00, 0x00, 0x00, 0x00, 0x01, 0x06, 0xa5, 0xb9, 0xe3,
    0x18, 0x03, 0x06, 0x47, 0xfa, 0x45, 0x29, 0x01, 0x06, 0x68, 0xfa, 0x45, 0x29, 0x01, 0x06, 0x8b,
    0xea, 0x45, 0x29, 0x01, 0x06, 0xae, 0xda, 0x45, 0x29, 0x01, 0x06, 0x90, 0xba, 0x24, 0x21, 0x01,
    0x06, 0x83, 0x20, 0x20, 0x00, 0x01, 0x00, 0x00, 0x00, 0x00, 0x00, 0x01, 0x06, 0xe7, 0x28, 0x41,
    0x08, 0x01, 0x06, 0x1a, 0x83, 0x24, 0x21, 0x01, 0x06, 0x9e, 0x83, 0x65, 0x29, 0x01, 0x06, 0xde,
    0x7b, 0x65, 0x29, 0x01, 0x06, 0x1e, 0x74, 0x65, 0x29, 0x01, 0x06, 0x5f, 0x74, 0x65, 0x29, 0x01,
    0x06, 0x9f, 0x6c, 0x86, 0x31, 0x01, 0x06, 0xdf, 0x64, 0x86, 0x31, 0x02, 0x06, 0x1f, 0x5d, 0x86,
    0x31, 0x01, 0x06, 0xd8, 0x43, 0x24, 0x21, 0x05, 0x00, 0x00, 0x00, 0x00, 0x00, 0x01, 0x00, 0x21,
    0x08, 0x00, 0x00, 0x01, 0x07, 0x73, 0x82, 0x04, 0x21, 0x01, 0x07, 0x3a, 0x9b, 0x45, 0x29, 0x01,
    0x07, 0x5b, 0x93, 0x45, 0x29, 0x01, 0x07, 0x5d, 0x8b, 0x45, 0x29, 0x01, 0x07, 0x7e, 0x8b, 0x65,
    0x29, 0x01, 0x07, 0x9e, 0x83, 0x65, 0x29, 0x01, 0x07, 0xbe, 0x83, 0x65, 0x29, 0x01, 0x07, 0xde,
    0x7b, 0x65, 0x29, 0x01, 0x07, 0xfe, 0x7b, 0x65, 0x29, 0x01, 0x07, 0x1e, 0x74, 0x65, 0x29, 0x01,
    0x07, 0x3f, 0x74, 0x65, 0x29, 0x01, 0x07, 0x7f, 0x6c, 0x65, 0x29, 0x01, 0x07, 0x9f, 0x6c, 0x86,
    0x31, 0x01, 0x07, 0xbf, 0x64, 0x86, 0x31, 0x01, 0x07, 0xdf, 0x64, 0x86, 0x31, 0x01, 0x07, 0x14,
    0x3b, 0xe3, 0x18, 0x2c, 0x00, 0x00, 0x00, 0x00, 0x00, 0x43, 0x2d, 0x00, 0x00, 0x00, 0x00, 0x00,
    0x01, 0x02, 0xec, 0x21, 0x82, 0x10, 0x01, 0x02, 0x5d, 0x64, 0x65, 0x29, 0x01, 0x02, 0x9f, 0x6c,
    0x86, 0x31, 0x01, 0x02, 0x7f, 0x6c, 0x65, 0x29, 0x01, 0x02, 0x3f, 0x74, 0x65, 0x29, 0x01, 0x02,
    0x1e, 0x74, 0x65, 0x29, 0x01, 0x02, 0xfe, 0x7b, 0x65, 0x29, 0x01, 0x02, 0xde, 0x7b, 0x65, 0x29,
    0x01, 0x02, 0xbe, 0x83, 0x65, 0x29, 0x01, 0x02, 0x9e, 0x83, 0x65, 0x29, 0x01, 0x02, 0x7e, 0x8b,
    0x65, 0x29, 0x01, 0x02, 0x5d, 0x8b, 0x45, 0x29, 0x01, 0x02, 0x3b, 0x93, 0x45, 0x29, 0x01, 0x02,
    0x8c, 0x49, 0xa2, 0x10, 0x07, 0x00, 0x00, 0x00, 0x00, 0x00, 0x01, 0x03, 0x69, 0x19, 0x61, 0x08,
    0x02, 0x03, 0x1f, 0x5d, 0x86, 0x31, 0x01, 0x03, 0xdf, 0x64, 0x86, 0x31, 0x01, 0x03, 0x9f, 0x6c,
    0x86, 0x31, 0x01, 0x03, 0x5f, 0x74, 0x65, 0x29, 0x01, 0x03, 0x1e, 0x74, 0x65, 0x29, 0x01, 0x03,
    0xde, 0x7b, 0x65, 0x29, 0x01, 0x03, 0x9e, 0x83, 0x65, 0x29, 0x01, 0x03, 0x5d, 0x8b, 0x45, 0x29,
    0x01, 0x03, 0x3a, 0x9b, 0x45, 0x29, 0x01, 0x03, 0xd5, 0x9a, 0x24, 0x21, 0x01, 0x03, 0xf4, 0xb2,
    0x45, 0x29, 0x01, 0x03, 0xd1, 0xca, 0x45, 0x29, 0x01, 0x03, 0xae, 0xda, 0x45, 0x29, 0x01, 0x03,
    0x8b, 0xea, 0x45, 0x29, 0x01, 0x03, 0x68, 0xfa, 0x45, 0x29, 0x04, 0x03, 0x47, 0xfa, 0x45, 0x29,
    0x02, 0x00, 0x00, 0x00, 0x00, 0x00, 0x04, 0x06, 0x47, 0xfa, 0x45, 0x29, 0x01, 0x06, 0x68, 0xfa,
    0x45, 0x29, 0x01, 0x06, 0x8b, 0xea, 0x45, 0x29, 0x01, 0x06, 0xae, 0xda, 0x45, 0x29, 0x01, 0x06,
    0xd1, 0xca, 0x45, 0x29, 0x01, 0x06, 0xf4, 0xb2, 0x45, 0x29, 0x01, 0x06, 0xd5, 0x9a, 0x24, 0x21,
    0x01, 0x06, 0x3a, 0x9b, 0x45, 0x29, 0x01, 0x06, 0x5d, 0x8b, 0x45, 0x29, 0x01, 0x06, 0x9e, 0x83,
    0x65, 0x29, 0x01, 0x06, 0xde, 0x7b, 0x65, 0x29, 0x01, 0x06, 0x1e, 0x74, 0x65, 0x29, 0x01, 0x06,
    0x5f, 0x74, 0x65, 0x29, 0x01, 0x06, 0x9f, 0x6c, 0x86, 0x31, 0x01, 0x06, 0xdf, 0x64, 0x86, 0x31,
    0x02, 0x06, 0x1f, 0x5d, 0x86, 0x31, 0x01, 0x06, 0x69, 0x19, 0x61, 0x08, 0x07, 0x00, 0x00, 0x00,
    0x00, 0x00, 0x01, 0x07, 0x8c, 0x49, 0xa2, 0x10, 0x01, 0x07, 0x3b, 0x93, 0x45, 0x29, 0x01, 0x07,
    0x5d, 0x8b, 0x45, 0x29, 0x01, 0x07, 0x7e, 0x8b, 0x65, 0x29, 0x01, 0x07, 0x9e, 0x83, 0x65, 0x29,
    0x01, 0x07, 0xbe, 0x83, 0x65, 0x29, 0x01, 0x07, 0xde, 0x7b, 0x65, 0x29, 0x01, 0x07, 0xfe, 0x7b,
    0x65, 0x29, 0x01, 0x07, 0x1e, 0x74, 0x65, 0x29, 0x01, 0x07, 0x3f, 0x74, 0x65, 0x29, 0x01, 0x07,
    0x7f, 0x6c, 0x65, 0x29, 0x01, 0x07, 0x9f, 0x6c, 0x86, 0x31, 0x01, 0x07, 0x5d, 0x64, 0x65, 0x29,
    0x01, 0x07, 0xec, 0x29, 0x82, 0x10, 0x2d, 0x00, 0x00, 0x00, 0x00, 0x00, 0x3f, 0x2e, 0x00, 0x00,
    0x00, 0x00, 0x00, 0x01, 0x00, 0x63, 0x08, 0x20, 0x00, 0x01, 0x02, 0x50, 0x32, 0xc3, 0x18, 0x01,
    0x02, 0xfc, 0x63, 0x45, 0x29, 0x01, 0x02, 0x3f, 0x74, 0x65, 0x29, 0x01, 0x02, 0x1e, 0x74, 0x65,
    0x29, 0x01, 0x02, 0xfe, 0x7b, 0x65, 0x29, 0x01, 0x02, 0xde, 0x7b, 0x65, 0x29, 0x01, 0x02, 0xbe,
    0x83, 0x65, 0x29, 0x01, 0x02, 0x9e, 0x83, 0x65, 0x29, 0x01, 0x02, 0x3b, 0x7b, 0x45, 0x29, 0x01,
    0x02, 0xf0, 0x51, 0xc3, 0x18, 0x01, 0x00, 0x63, 0x10, 0x20, 0x00, 0x09, 0x00, 0x00, 0x00, 0x00,
    0x00, 0x01, 0x03, 0xf8, 0x43, 0x24, 0x21, 0x01, 0x03, 0x1f, 0x5d, 0x86, 0x31, 0x01, 0x03, 0xdf,
    0x64, 0x86, 0x31, 0x01, 0x03, 0x9f, 0x6c, 0x86, 0x31, 0x01, 0x03, 0x5f, 0x74, 0x65, 0x29, 0x01,
    0x03, 0x1e, 0x74, 0x65, 0x29, 0x01, 0x03, 0xde, 0x7b, 0x65, 0x29, 0x01, 0x03, 0x9e, 0x83, 0x65,
    0x29, 0x01, 0x03, 0x5d, 0x8b, 0x45, 0x29, 0x01, 0x03, 0x3a, 0x9b, 0x45, 0x29, 0x01, 0x03, 0x17,
    0xab, 0x45, 0x29, 0x01, 0x03, 0xf4, 0xba, 0x45, 0x29, 0x01, 0x03, 0xd1, 0xca, 0x45, 0x29, 0x01,
    0x03, 0xae, 0xda, 0x45, 0x29, 0x01, 0x03, 0x8b, 0xea, 0x45, 0x29, 0x01, 0x03, 0x68, 0xfa, 0x45,
    0x29, 0x04, 0x03, 0x47, 0xfa, 0x45, 0x29, 0x02, 0x00, 0x00, 0x00, 0x00, 0x00, 0x04, 0x06, 0x47,
    0xfa, 0x45, 0x29, 0x01, 0x06, 0x68, 0xfa, 0x45, 0x29, 0x01, 0x06, 0x8b, 0xea, 0x45, 0x29, 0x01,
    0x06, 0xae, 0xda, 0x45, 0x29, 0x01, 0x06, 0xd1, 0xca, 0x45, 0x29, 0x01, 0x06, 0xf4, 0xba, 0x45,
    0x29, 0x01, 0x06, 0x17, 0xab, 0x45, 0x29, 0x01, 0x06, 0x3a, 0x9b, 0x45, 0x29, 0x01, 0x06, 0x5d,
    0x8b, 0x45, 0x29, 0x01, 0x06, 0x9e, 0x83, 0x65, 0x29, 0x01, 0x06, 0xde, 0x7b, 0x65, 0x29, 0x01,
    0x06, 0x1e, 0x74, 0x65, 0x29, 0x01, 0x06, 0x5f, 0x74, 0x65, 0x29, 0x01, 0x06, 0x9f, 0x6c, 0x86,
    0x31, 0x01, 0x06, 0xdf, 0x64, 0x86, 0x31, 0x01, 0x06, 0x1f, 0x5d, 0x86, 0x31, 0x01, 0x06, 0xd8,
    0x43, 0x24, 0x21, 0x09, 0x00, 0x00, 0x00, 0x00, 0x00, 0x01, 0x00, 0x63, 0x10, 0x20, 0x00, 0x01,
    0x07, 0xd0, 0x51, 0xc3, 0x18, 0x01, 0x07, 0x3b, 0x7b, 0x45, 0x29, 0x01, 0x07, 0x9e, 0x83, 0x65,
    0x29, 0x01, 0x07, 0xbe, 0x83, 0x65, 0x29, 0x01, 0x07, 0xde, 0x7b, 0x65, 0x29, 0x01, 0x07, 0xfe,
    0x7b, 0x65, 0x29, 0x01, 0x07, 0x1e, 0x74, 0x65, 0x29, 0x01, 0x07, 0x3f, 0x74, 0x65, 0x29, 0x01,
    0x07, 0xfc, 0x63, 0x45, 0x29, 0x01, 0x07, 0x4f, 0x32, 0xc3, 0x18, 0x01, 0x00, 0x62, 0x08, 0x20,
    0x00, 0x2e, 0x00, 0x00, 0x00, 0x00, 0x00, 0x35, 0x31, 0x00, 0x00, 0x00, 0x00, 0x00, 0x01, 0x02,
    0xc5, 0x10, 0x41, 0x08, 0x01, 0x02, 0x8b, 0x29, 0x82, 0x10, 0x01, 0x02, 0xce, 0x31, 0xa2, 0x10,
    0x01, 0x02, 0xce, 0x39, 0xa2, 0x10, 0x01, 0x02, 0x6b, 0x31, 0x82, 0x10, 0x01, 0x02, 0xa6, 0x18,
    0x41, 0x08, 0x0c, 0x00, 0x00, 0x00, 0x00, 0x00, 0x01, 0x03, 0xc5, 0x08, 0x41, 0x08, 0x01, 0x03,
    0xff, 0x5c, 0x86, 0x31, 0x01, 0x03, 0xdf, 0x64, 0x86, 0x31, 0x01, 0x03, 0x9f, 0x6c, 0x86, 0x31,
    0x01, 0x03, 0x5f, 0x74, 0x65, 0x29, 0x01, 0x03, 0x1e, 0x74, 0x65, 0x29, 0x01, 0x03, 0xde, 0x7b,
    0x65, 0x29, 0x01, 0x03, 0x9e, 0x83, 0x65, 0x29, 0x01, 0x03, 0x5d, 0x8b, 0x45, 0x29, 0x01, 0x03,
    0x3a, 0x9b, 0x45, 0x29, 0x01, 0x03, 0x17, 0xab, 0x45, 0x29, 0x01, 0x03, 0xf4, 0xba, 0x45, 0x29,
    0x01, 0x03, 0xd1, 0xca, 0x45, 0x29, 0x01, 0x03, 0xae, 0xda, 0x45, 0x29, 0x01, 0x03, 0x8b, 0xea,
    0x45, 0x29, 0x01, 0x03, 0x68, 0xfa, 0x45, 0x29, 0x03, 0x03, 0x47, 0xfa, 0x45, 0x29, 0x01, 0x03,
    0xa5, 0xb9, 0xe3, 0x18, 0x02, 0x00, 0x00, 0x00, 0x00, 0x00, 0x01, 0x06, 0xa5, 0xb9, 0xe3, 0x18,
    0x03, 0x06, 0x47, 0xfa, 0x45, 0x29, 0x01, 0x06, 0x68, 0xfa, 0x45, 0x29, 0x01, 0x06, 0x8b, 0xea,
    0x45, 0x29, 0x01, 0x06, 0xae, 0xda, 0x45, 0x29, 0x01, 0x06, 0xd1, 0xca, 0x45, 0x29, 0x01, 0x06,
    0xf4, 0xba, 0x45, 0x29, 0x01, 0x06, 0x17, 0xab, 0x45, 0x29, 0x01, 0x06, 0x3a, 0x9b, 0x45, 0x29,
    0x01, 0x06, 0x5d, 0x8b, 0x45, 0x29, 0x01, 0x06, 0x9e, 0x83, 0x65, 0x29, 0x01, 0x06, 0xde, 0x7b,
    0x65, 0x29, 0x01, 0x06, 0x1e, 0x74, 0x65, 0x29, 0x01, 0x06, 0x5f, 0x74, 0x65, 0x29, 0x01, 0x06,
    0x9f, 0x6c, 0x86, 0x31, 0x01, 0x06, 0xdf, 0x64, 0x86, 0x31, 0x01, 0x06, 0xff, 0x5c, 0x86, 0x31,
    0x01, 0x06, 0xc5, 0x08, 0x20, 0x00, 0x0c, 0x00, 0x00, 0x00, 0x00, 0x00, 0x01, 0x07, 0xa6, 0x18,
    0x41, 0x08, 0x01, 0x07, 0x6b, 0x31, 0x82, 0x10, 0x01, 0x07, 0xce, 0x39, 0xa2, 0x10, 0x01, 0x07,
    0xce, 0x31, 0xa2, 0x10, 0x01, 0x07, 0x8b, 0x29, 0x82, 0x10, 0x01, 0x07, 0xa5, 0x10, 0x41, 0x08,
    0x31, 0x00, 0x00, 0x00, 0x00, 0x00, 0x25, 0x44, 0x00, 0x00, 0x00, 0x00, 0x00, 0x01, 0x03, 0x0d,
    0x22, 0xa2, 0x10, 0x01, 0x03, 0xdf, 0x64, 0x86, 0x31, 0x01, 0x03, 0x9f, 0x6c, 0x86, 0x31, 0x01,
    0x03, 0x5f, 0x74, 0x65, 0x29, 0x01, 0x03, 0x1e, 0x74, 0x65, 0x29, 0x01, 0x03, 0xde, 0x7b, 0x65,
    0x29, 0x01, 0x03, 0x9e, 0x83, 0x65, 0x29, 0x01, 0x03, 0x5d, 0x8b, 0x45, 0x29, 0x01, 0x03, 0x3a,
    0x9b, 0x45, 0x29, 0x01, 0x03, 0x17, 0xab, 0x45, 0x29, 0x01, 0x03, 0xf4, 0xba, 0x45, 0x29, 0x01,
    0x03, 0xd1, 0xca, 0x45, 0x29, 0x01, 0x03, 0xae, 0xda, 0x45, 0x29, 0x01, 0x03, 0x8b, 0xea, 0x45,
    0x29, 0x01, 0x03, 0x68, 0xfa, 0x45, 0x29, 0x03, 0x03, 0x47, 0xfa, 0x45, 0x29, 0x01, 0x03, 0x61,
    0x30, 0x41, 0x08, 0x02, 0x00, 0x00, 0x00, 0x00, 0x00, 0x01, 0x06, 0x61, 0x30, 0x41, 0x08, 0x03,
    0x06, 0x47, 0xfa, 0x45, 0x29, 0x01, 0x06, 0x68, 0xfa, 0x45, 0x29, 0x01, 0x06, 0x8b, 0xea, 0x45,
    0x29, 0x01, 0x06, 0xae, 0xda, 0x45, 0x29, 0x01, 0x06, 0xd1, 0xca, 0x45, 0x29, 0x01, 0x06, 0xf4,
    0xba, 0x45, 0x29, 0x01, 0x06, 0x17, 0xab, 0x45, 0x29, 0x01, 0x06, 0x3a, 0x9b, 0x45, 0x29, 0x01,
    0x06, 0x5d, 0x8b, 0x45, 0x29, 0x01, 0x06, 0x9e, 0x83, 0x65, 0x29, 0x01, 0x06, 0xde, 0x7b, 0x65,
    0x29, 0x01, 0x06, 0x1e, 0x74, 0x65, 0x29, 0x01, 0x06, 0x5f, 0x74, 0x65, 0x29, 0x01, 0x06, 0x9f,
    0x6c, 0x86, 0x31, 0x01, 0x06, 0xdf, 0x64, 0x86, 0x31, 0x01, 0x06, 0x0c, 0x22, 0x82, 0x10, 0x44,
    0x00, 0x00, 0x00, 0x00, 0x00, 0x23, 0x45, 0x00, 0x00, 0x00, 0x00, 0x00, 0x01, 0x03, 0xb1, 0x32,
    0xc3, 0x18, 0x01, 0x03, 0x9f, 0x6c, 0x86, 0x31, 0x01, 0x03, 0x5f, 0x74, 0x65, 0x29, 0x01, 0x03,
    0x1e, 0x74, 0x65, 0x29, 0x01, 0x03, 0xde, 0x7b, 0x65, 0x29, 0x01, 0x03, 0x9e, 0x83, 0x65, 0x29,
    0x01, 0x03, 0x5d, 0x8b, 0x45, 0x29, 0x01, 0x03, 0x3a, 0x9b, 0x45, 0x29, 0x01, 0x03, 0x17, 0xab,
    0x45, 0x29, 0x01, 0x03, 0xf4, 0xba, 0x45, 0x29, 0x01, 0x03, 0xd1, 0xca, 0x45, 0x29, 0x01, 0x03,
    0xae, 0xda, 0x45, 0x29, 0x01, 0x03, 0x8b, 0xea, 0x45, 0x29, 0x01, 0x03, 0x68, 0xfa, 0x45, 0x29,
    0x02, 0x03, 0x47, 0xfa, 0x45, 0x29, 0x01, 0x03, 0x03, 0x71, 0x82, 0x10, 0x04, 0x00, 0x00, 0x00,
    0x00, 0x00, 0x01, 0x06, 0x03, 0x71, 0x82, 0x10, 0x02, 0x06, 0x47, 0xfa, 0x45, 0x29, 0x01, 0x06,
    0x68, 0xfa, 0x45, 0x29, 0x01, 0x06, 0x8b, 0xea, 0x45, 0x29, 0x01, 0x06, 0xae, 0xda, 0x45, 0x29,
    0x01, 0x06, 0xd1, 0xca, 0x45, 0x29, 0x01, 0x06, 0xf4, 0xba, 0x45, 0x29, 0x01, 0x06, 0x17, 0xab,
    0x45, 0x29, 0x01, 0x06, 0x3a, 0x9b, 0x45, 0x29, 0x01, 0x06, 0x5d, 0x8b, 0x45, 0x29, 0x01, 0x06,
    0x9e, 0x83, 0x65, 0x29, 0x01, 0x06, 0xde, 0x7b, 0x65, 0x29, 0x01, 0x06, 0x1e, 0x74, 0x65, 0x29,
    0x01, 0x06, 0x5f, 0x74, 0x65, 0x29, 0x01, 0x06, 0x9f, 0x6c, 0x86, 0x31, 0x01, 0x06, 0x90, 0x32,
    0xc3, 0x18, 0x45, 0x00, 0x00, 0x00, 0x00, 0x00, 0x21, 0x46, 0x00, 0x00, 0x00, 0x00, 0x00, 0x01,
    0x03, 0x4f, 0x32, 0xc3, 0x18, 0x01, 0x03, 0x5e, 0x6c, 0x65, 0x29, 0x01, 0x03, 0x1e, 0x74, 0x65,
    0x29, 0x01, 0x03, 0xde, 0x7b, 0x65, 0x29, 0x01, 0x03, 0x9e, 0x83, 0x65, 0x29, 0x01, 0x03, 0x5d,
    0x8b, 0x45, 0x29, 0x01, 0x03, 0x3a, 0x9b, 0x45, 0x29, 0x01, 0x03, 0x17, 0xab, 0x45, 0x29, 0x01,
    0x03, 0xf4, 0xba, 0x45, 0x29, 0x01, 0x03, 0xd1, 0xca, 0x45, 0x29, 0x01, 0x03, 0xae, 0xda, 0x45,
    0x29, 0x01, 0x03, 0x8b, 0xea, 0x45, 0x29, 0x01, 0x03, 0x68, 0xfa, 0x45, 0x29, 0x01, 0x03, 0x47,
    0xfa, 0x45, 0x29, 0x01, 0x03, 0x23, 0x81, 0xa2, 0x10, 0x06, 0x00, 0x00, 0x00, 0x00, 0x00, 0x01,
    0x06, 0x23, 0x81, 0xa2, 0x10, 0x01, 0x06, 0x47, 0xfa, 0x45, 0x29, 0x01, 0x06, 0x68, 0xfa, 0x45,
    0x29, 0x01, 0x06, 0x8b, 0xea, 0x45, 0x29, 0x01, 0x06, 0xae, 0xda, 0x45, 0x29, 0x01, 0x06, 0xd1,
    0xca, 0x45, 0x29, 0x01, 0x06, 0xf4, 0xba, 0x45, 0x29, 0x01, 0x06, 0x17, 0xab, 0x45, 0x29, 0x01,
    0x06, 0x3a, 0x9b, 0x45, 0x29, 0x01, 0x06, 0x5d, 0x8b, 0x45, 0x29, 0x01, 0x06, 0x9e, 0x83, 0x65,
    0x29, 0x01, 0x06, 0xde, 0x7b, 0x65, 0x29, 0x01, 0x06, 0x1e, 0x74, 0x65, 0x29, 0x01, 0x06, 0x5e,
    0x6c, 0x65, 0x29, 0x01, 0x06, 0x4f, 0x32, 0xa2, 0x10, 0x46, 0x00, 0x00, 0x00, 0x00, 0x00, 0x1d,
    0x47, 0x00, 0x00, 0x00, 0x00, 0x00, 0x01, 0x03, 0x28, 0x19, 0x61, 0x08, 0x01, 0x03, 0x9b, 0x6b,
    0x45, 0x29, 0x01, 0x03, 0xde, 0x7b, 0x65, 0x29, 0x01, 0x03, 0x9e, 0x83, 0x65, 0x29, 0x01, 0x03,
    0x5d, 0x8b, 0x45, 0x29, 0x01, 0x03, 0x3a, 0x9b, 0x45, 0x29, 0x01, 0x03, 0x17, 0xab, 0x45, 0x29,
    0x01, 0x03, 0xf4, 0xba, 0x45, 0x29, 0x01, 0x03, 0xd1, 0xca, 0x45, 0x29, 0x01, 0x03, 0xae, 0xda,
    0x45, 0x29, 0x01, 0x03, 0x8b, 0xea, 0x45, 0x29, 0x01, 0x03, 0x28, 0xea, 0x24, 0x21, 0x01, 0x03,
    0xc2, 0x60, 0x61, 0x08, 0x08, 0x00, 0x00, 0x00, 0x00, 0x00, 0x01, 0x06, 0xe2, 0x60, 0x82, 0x10,
    0x01, 0x06, 0x48, 0xea, 0x45, 0x29, 0x01, 0x06, 0x8b, 0xea, 0x45, 0x29, 0x01, 0x06, 0xae, 0xda,
    0x45, 0x29, 0x01, 0x06, 0xd1, 0xca, 0x45, 0x29, 0x01, 0x06, 0xf4, 0xba, 0x45, 0x29, 0x01, 0x06,
    0x17, 0xab, 0x45, 0x29, 0x01, 0x06, 0x3a, 0x9b, 0x45, 0x29, 0x01, 0x06, 0x5d, 0x8b, 0x45, 0x29,
    0x01, 0x06, 0x9e, 0x83, 0x65, 0x29, 0x01, 0x06, 0xde, 0x7b, 0x65, 0x29, 0x01, 0x06, 0x9b, 0x6b,
    0x45, 0x29, 0x01, 0x06, 0x28, 0x19, 0x61, 0x08, 0x47, 0x00, 0x00, 0x00, 0x00, 0x00, 0x19, 0x48,
    0x00, 0x00, 0x00, 0x00, 0x00, 0x01, 0x00, 0x20, 0x00, 0x00, 0x00, 0x01, 0x03, 0xac, 0x31, 0x82,
    0x10, 0x01, 0x03, 0xf8, 0x6a, 0x04, 0x21, 0x01, 0x03, 0x5d, 0x8b, 0x45, 0x29, 0x01, 0x03, 0x3a,
    0x9b, 0x45, 0x29, 0x01, 0x03, 0x17, 0xab, 0x45, 0x29, 0x01, 0x03, 0xf4, 0xba, 0x45, 0x29, 0x01,
    0x03, 0xd1, 0xca, 0x45, 0x29, 0x01, 0x03, 0x6d, 0xca, 0x24, 0x21, 0x01, 0x03, 0x46, 0x79, 0xa2,
    0x10, 0x01, 0x00, 0x20, 0x18, 0x20, 0x00, 0x0a, 0x00, 0x00, 0x00, 0x00, 0x00, 0x01, 0x00, 0x41,
    0x18, 0x20, 0x00, 0x01, 0x06, 0x46, 0x79, 0xa2, 0x10, 0x01, 0x06, 0x6d, 0xca, 0x24, 0x21, 0x01,
    0x06, 0xd1, 0xca, 0x45, 0x29, 0x01, 0x06, 0xf4, 0xba, 0x45, 0x29, 0x01, 0x06, 0x17, 0xab, 0x45,
    0x29, 0x01, 0x06, 0x3a, 0x9b, 0x45, 0x29, 0x01, 0x06, 0x5d, 0x8b, 0x45, 0x29, 0x01, 0x06, 0xf8,
    0x6a, 0x04, 0x21, 0x01, 0x06, 0x8c, 0x31, 0x82, 0x10, 0x01, 0x00, 0x20, 0x00, 0x00, 0x00, 0x48,
    0x00, 0x00, 0x00, 0x00, 0x00, 0x0d, 0x4b, 0x00, 0x00, 0x00, 0x00, 0x00, 0x01, 0x00, 0x42, 0x08,
    0x00, 0x00, 0x01, 0x03, 0xc6, 0x28, 0x41, 0x08, 0x01, 0x03, 0x07, 0x39, 0x61, 0x08, 0x01, 0x03,
    0xe6, 0x38, 0x61, 0x08, 0x01, 0x03, 0x62, 0x18, 0x20, 0x00, 0x10, 0x00, 0x00, 0x00, 0x00, 0x00,
    0x01, 0x06, 0x62, 0x18, 0x20, 0x00, 0x01, 0x06, 0xe6, 0x38, 0x61, 0x08, 0x01, 0x06, 0x07, 0x39,
    0x61, 0x08, 0x01, 0x06, 0xc6, 0x28, 0x41, 0x08, 0x01, 0x00, 0x42, 0x08, 0x00, 0x00, 0x4b, 0x00,
    0x00, 0x00, 0x00, 0x00, 0x01, 0xb0, 0x00, 0x00, 0x00, 0x00, 0x00, 0x01, 0xb0, 0x00, 0x00, 0x00,
    0x00, 0x00, 0x01, 0xb0, 0x00, 0x00, 0x00, 0x00, 0x00, 0x01, 0xb0, 0x00, 0x00, 0x00, 0x00, 0x00,
    0x01, 0xb0, 0x00, 0x00, 0x00, 0x00, 0x00, 0x01, 0xb0, 0x00, 0x00, 0x00, 0x00, 0x00, 0x01, 0xb0,
    0x00, 0x00, 0x00, 0x00, 0x00, 0x01, 0xb0, 0x00, 0x00, 0x00, 0x00, 0x00, 0x01, 0xb0, 0x00, 0x00,
    0x00, 0x00, 0x00, 0x01, 0xb0, 0x00, 0x00, 0x00, 0x00, 0x00, 0x01, 0xb0, 0x00, 0x00, 0x00, 0x00,
    0x00, 0x01, 0xb0, 0x00, 0x00, 0x00, 0x00, 0x00, 0x01, 0xb0, 0x00, 0x00, 0x00, 0x00, 0x00, 0x01,
    0xb0, 0x00, 0x00, 0x00, 0x00, 0x00,
};
